1479956890.000000, 1479956890.000000, 1479956890.000000
32.000000, 32.000000, 32.000000
-9,-63,0
-9,-63,0
-10,-63,2
-11,-63,3
-9,-63,3
-9,-63,2
-9,-63,1
-11,-62,2
-12,-62,2
-13,-62,0
-12,-63,0
-12,-63,-1
-13,-63,-2
-13,-62,-1
-14,-62,-1
-15,-63,-1
-14,-62,-1
-13,-63,-3
-13,-63,-2
-14,-63,-2
-14,-63,-2
-13,-62,-2
-13,-63,-2
-13,-63,-3
-12,-62,-3
-12,-62,-3
-13,-62,-2
-14,-62,-2
-14,-62,-3
-14,-62,-3
-14,-62,-2
-14,-63,-4
-13,-63,-4
-12,-63,-4
-12,-62,-3
-12,-63,-2
-12,-63,-2
-12,-62,-2
-13,-62,0
-13,-63,1
-13,-63,-5
-12,-63,-4
-12,-63,-4
-11,-63,-3
-10,-63,-2
-7,-64,-1
-6,-63,0
-8,-63,2
-9,-62,1
-9,-63,1
-7,-64,-1
-6,-63,1
-6,-64,4
-6,-63,4
-4,-64,5
-2,-63,8
-2,-63,8
-3,-63,7
-3,-63,7
-2,-63,6
-2,-63,6
-2,-63,6
-4,-64,7
-4,-64,8
-4,-63,9
-3,-63,8
-3,-62,7
-2,-62,7
-1,-62,7
-3,-62,8
-3,-63,7
-4,-62,8
-4,-62,6
-5,-62,7
-7,-62,6
-6,-63,5
-6,-64,3
-4,-65,3
-4,-65,4
-5,-64,6
-6,-63,6
-5,-62,5
-4,-63,5
-4,-63,5
-6,-64,7
-7,-63,7
-6,-63,7
-5,-63,6
-5,-63,5
-5,-63,6
-4,-63,6
-5,-63,6
-5,-63,6
-4,-63,5
-5,-63,4
-5,-63,5
-6,-63,5
-6,-64,5
-6,-63,5
-6,-63,5
-6,-63,5
-5,-63,4
-5,-63,4
-6,-63,4
-6,-63,5
-6,-63,4
-6,-63,4
-6,-63,4
-7,-63,4
-7,-63,4
-7,-63,3
-6,-63,3
-7,-63,3
-6,-63,3
-7,-63,3
-6,-64,2
-6,-64,2
-6,-64,3
-6,-64,2
-7,-65,1
-5,-64,-1
-2,-63,-4
-2,-64,-5
6,-64,0
10,-64,1
-1,-65,-2
-15,-62,-2
-16,-61,-3
-32,-57,-9
-54,-52,-16
11,-69,3
3,-66,-6
-6,-67,-14
-6,-66,-8
-8,-63,-4
-9,-63,-5
-7,-63,-8
-8,-63,-10
-9,-64,-11
-9,-63,-10
-8,-63,-10
-8,-63,-10
-7,-63,-9
-8,-63,-9
-8,-63,-10
-8,-63,-10
-6,-63,-9
-6,-63,-9
-6,-63,-7
-5,-64,-7
-5,-63,-6
-5,-63,-8
-3,-63,-7
-3,-62,-7
-3,-63,-5
-3,-63,-5
-3,-63,-5
-3,-63,-4
-3,-64,-2
-3,-64,-3
-3,-63,-3
-4,-63,-3
-4,-64,-3
-4,-64,-3
-4,-63,-4
-5,-63,-3
-5,-63,-3
-5,-63,-4
-5,-63,-4
-5,-64,-4
-5,-63,-4
-5,-63,-4
-5,-63,-4
-5,-63,-4
-5,-63,-4
-5,-64,-4
-5,-63,-3
-5,-63,-3
-5,-64,-4
-5,-64,-4
-5,-63,-4
-5,-63,-4
-6,-64,-4
-6,-63,-4
-6,-63,-4
-6,-63,-4
-6,-63,-4
-7,-63,-4
-7,-63,-4
-7,-63,-5
-7,-63,-5
-7,-63,-5
-7,-63,-4
-7,-63,-3
-7,-63,-4
-7,-63,-4
-8,-63,-4
-8,-63,-6
-8,-63,-6
-9,-63,-6
-8,-63,-6
-9,-63,-7
-8,-63,-7
-8,-63,-7
-8,-63,-7
-8,-63,-6
-8,-63,-7
-7,-63,-7
-7,-63,-6
-6,-63,-6
-6,-63,-6
-7,-63,-7
-7,-63,-7
-7,-63,-7
-7,-63,-7
-6,-63,-7
-6,-63,-8
-6,-63,-9
-6,-63,-9
-6,-63,-8
-6,-63,-7
-5,-63,-8
-5,-63,-7
-6,-63,-7
-6,-63,-7
-6,-63,-7
-6,-63,-8
-6,-63,-8
-7,-63,-8
-7,-63,-8
-7,-63,-9
-7,-63,-10
-6,-63,-10
-7,-63,-10
-7,-63,-11
-6,-63,-11
-6,-63,-11
-6,-63,-11
-6,-63,-11
-5,-63,-11
-5,-63,-11
-5,-63,-11
-4,-63,-11
-4,-63,-10
-4,-63,-10
-3,-63,-10
-3,-63,-10
-3,-63,-10
-2,-63,-10
-3,-63,-10
-3,-63,-10
-3,-63,-11
-3,-63,-11
-3,-63,-10
-3,-63,-11
-3,-63,-10
-2,-63,-10
-2,-63,-10
-2,-63,-10
-2,-63,-10
-2,-63,-10
-2,-63,-10
-2,-63,-10
-2,-63,-10
-2,-63,-10
-2,-63,-10
-2,-63,-10
-2,-63,-10
-2,-63,-10
-2,-63,-10
-2,-63,-10
-3,-63,-10
-3,-63,-10
-3,-63,-11
-3,-63,-11
-4,-63,-11
-3,-63,-11
-3,-63,-10
-3,-63,-9
-3,-63,-9
-3,-63,-9
-3,-63,-9
-3,-63,-9
-3,-63,-9
-4,-63,-10
-5,-63,-10
-4,-63,-11
-5,-62,-12
-5,-63,-12
-5,-63,-11
-5,-63,-11
-5,-63,-11
-5,-63,-11
-5,-63,-11
-5,-63,-11
-5,-63,-11
-4,-63,-11
-4,-63,-11
-5,-62,-11
-5,-63,-10
-5,-63,-10
-4,-63,-10
-4,-63,-10
-4,-63,-10
-4,-63,-10
-4,-63,-10
-4,-63,-10
-4,-63,-10
-5,-63,-10
-5,-63,-10
-5,-63,-10
-5,-63,-10
-5,-63,-10
-6,-63,-10
-5,-63,-10
-5,-63,-10
-5,-63,-10
-5,-63,-10
-5,-63,-10
-5,-63,-10
-5,-63,-10
-5,-63,-10
-5,-63,-10
-5,-63,-10
-5,-63,-11
-5,-63,-10
-5,-63,-11
-5,-63,-10
-5,-63,-10
-5,-63,-10
-5,-63,-10
-5,-63,-10
-5,-63,-10
-5,-63,-10
-5,-63,-10
-5,-62,-10
-5,-63,-10
-5,-63,-10
-5,-63,-10
-6,-63,-11
-6,-63,-11
-5,-63,-10
-6,-63,-10
-6,-63,-11
-5,-63,-11
-5,-63,-11
-5,-63,-11
-5,-63,-10
-5,-63,-11
-4,-63,-11
-5,-63,-10
-5,-63,-10
-5,-63,-10
-5,-63,-11
-5,-63,-11
-5,-63,-11
-5,-63,-11
-5,-63,-11
-5,-63,-11
-5,-63,-11
-5,-63,-11
-5,-63,-11
-5,-63,-11
-5,-63,-11
-5,-63,-11
-5,-63,-11
-5,-63,-11
-5,-63,-11
-5,-63,-11
-5,-63,-11
-5,-63,-11
-5,-63,-11
-5,-63,-11
-6,-62,-11
-6,-62,-11
-6,-62,-11
-6,-63,-11
-6,-62,-11
-6,-62,-11
-6,-62,-11
-6,-63,-11
-6,-62,-11
-6,-62,-11
-6,-63,-11
-6,-62,-12
-6,-62,-12
-6,-62,-12
-6,-62,-12
-6,-62,-12
-6,-63,-12
-6,-62,-12
-6,-62,-12
-6,-63,-12
-6,-62,-12
-6,-62,-12
-6,-63,-12
-6,-62,-12
-6,-62,-12
-6,-62,-11
-6,-62,-12
-6,-63,-11
-6,-62,-12
-6,-62,-12
-6,-62,-12
-6,-62,-12
-6,-62,-12
-6,-62,-12
-5,-62,-12
-5,-63,-12
-5,-62,-12
-6,-63,-12
-6,-62,-12
-5,-62,-12
-5,-62,-12
-5,-62,-12
-5,-62,-12
-5,-62,-12
-5,-62,-12
-6,-63,-12
-6,-63,-13
-6,-62,-13
-5,-62,-13
-6,-62,-13
-5,-62,-13
-5,-62,-13
-5,-62,-13
-5,-62,-13
-5,-62,-13
-5,-62,-13
-6,-62,-13
-5,-62,-13
-6,-62,-13
-6,-62,-13
-6,-62,-13
-6,-62,-12
-6,-62,-12
-5,-62,-13
-5,-62,-12
-6,-63,-12
-6,-62,-12
-6,-62,-12
-6,-62,-12
-6,-62,-12
-6,-62,-12
-6,-62,-12
-6,-63,-12
-6,-62,-12
-6,-63,-12
-6,-62,-12
-6,-62,-12
-6,-62,-12
-6,-63,-12
-6,-62,-12
-5,-63,-11
-5,-63,-11
-5,-62,-11
-5,-63,-11
-6,-62,-11
-5,-63,-11
-5,-62,-12
-6,-63,-11
-5,-62,-11
-5,-62,-11
-6,-63,-11
-6,-63,-10
-6,-63,-11
-6,-63,-11
-5,-63,-11
-5,-62,-10
-5,-63,-10
-4,-63,-10
-4,-63,-9
-4,-63,-9
-3,-63,-8
-4,-63,-8
-3,-63,-8
-3,-63,-7
-3,-63,-7
-3,-63,-6
-3,-64,-6
-4,-63,-6
-4,-63,-5
-4,-63,-5
-5,-63,-5
-5,-64,-6
-6,-64,-6
-5,-65,-4
-6,-65,-3
-5,-65,-2
-5,-66,1
-8,-66,1
-4,-66,2
-2,-62,3
-2,-61,3
-3,-59,4
-6,-59,2
-11,-58,-4
-5,-62,-7
0,-63,-7
2,-64,-7
4,-65,-5
4,-65,-2
1,-65,-1
0,-64,0
-2,-63,1
-4,-63,0
-6,-63,-1
-8,-63,-1
-12,-62,-1
-9,-62,-1
-7,-62,-1
-1,-63,-2
-10,-63,-3
-6,-64,-3
-7,-65,-5
-5,-65,-8
-5,-64,-8
-5,-63,-7
-6,-63,-5
-5,-63,-7
-3,-64,-9
-2,-64,-7
-2,-64,-7
-2,-63,-6
-1,-62,-6
0,-63,-8
-2,-63,-7
-1,-63,-7
0,-63,-9
0,-63,-9
-1,-63,-9
0,-63,-10
0,-63,-11
0,-63,-11
-1,-63,-10
0,-63,-10
0,-64,-11
0,-63,-10
0,-63,-11
1,-63,-11
2,-63,-12
2,-63,-12
4,-63,-11
2,-62,-12
5,-63,-10
5,-63,-10
5,-63,-10
5,-63,-9
4,-63,-9
4,-63,-9
3,-63,-9
3,-63,-9
3,-63,-10
2,-63,-10
2,-63,-11
1,-63,-11
0,-63,-10
0,-62,-10
1,-62,-10
0,-63,-7
1,-63,-6
0,-63,-9
1,-62,-13
-1,-63,-12
-2,-62,-9
-1,-62,-9
-2,-62,-17
-2,-63,-16
-2,-63,-14
-2,-63,-11
0,-63,-11
1,-63,-10
-2,-63,-9
1,-63,-9
1,-63,-9
2,-64,-8
2,-65,-8
-2,-69,-10
-3,-80,-12
-6,-100,-13
-42,-124,-9
-57,-128,-50
14,-128,-31
67,-123,9
48,-56,18
7,-36,-8
-5,-1,-3
-12,14,-3
-6,5,0
-5,1,2
21,-13,8
46,-42,22
60,-52,31
93,-52,34
97,-37,26
116,-93,25
-26,-115,13
5,-63,18
22,-52,4
22,-55,1
20,-60,1
14,-70,-1
13,-69,-1
6,-68,-6
9,-64,-7
8,-58,-5
5,-58,-4
5,-60,-7
6,-63,-7
0,-67,-4
0,-74,-7
4,-76,-5
-8,-93,-9
-44,-101,-15
-63,-76,-48
47,-127,-21
43,-128,-12
83,-128,19
83,-128,26
11,-73,2
-28,-3,-4
-44,17,-8
-44,31,-6
-47,28,-10
-18,16,-17
15,-12,-9
60,-32,9
120,-49,48
127,-128,127
-6,-45,-5
28,-76,-15
14,-84,5
27,-57,0
25,-55,0
19,-63,2
18,-65,2
16,-63,-1
12,-61,-3
11,-62,-2
4,-62,1
0,-62,4
2,-64,-1
1,-64,2
2,-67,-2
2,-73,3
0,-79,2
-10,-94,-1
-20,-101,-6
-38,-86,-48
36,-113,-6
49,-123,-13
64,-128,31
96,-128,47
35,-98,19
-21,-18,9
-33,1,8
-46,17,-5
-42,20,-3
-39,17,-3
-33,8,-6
-3,-7,-2
51,-27,11
99,-40,29
127,-128,127
-69,-25,34
29,-103,-56
18,-68,8
31,-63,-4
29,-53,-6
25,-55,-2
21,-68,-2
19,-70,-7
14,-72,-5
12,-66,-2
11,-61,1
14,-59,1
20,-51,4
18,-53,1
24,-62,-8
14,-78,-10
-20,-104,-7
-51,-101,-20
38,-113,2
50,-121,-12
71,-128,6
69,-128,14
42,-123,13
-8,-59,6
-29,-20,1
-38,7,-8
-40,21,-11
-32,23,-8
-28,8,-12
-11,2,-7
35,-19,11
127,-82,127
127,-128,83
52,-105,-2
26,-64,3
28,-63,-1
24,-63,5
32,-49,-4
25,-61,1
22,-64,1
18,-67,-1
18,-66,0
17,-62,-1
13,-61,1
13,-58,3
16,-56,5
17,-57,4
19,-67,-7
0,-88,-7
-13,-97,-8
-59,-86,-26
-17,-96,-12
41,-97,-28
50,-120,-2
104,-128,12
39,-125,9
19,-93,6
-12,-19,6
-16,1,5
-27,18,-7
-27,19,-8
-27,16,-12
-10,4,-12
1,-2,-10
39,-22,3
67,-30,18
127,-128,127
44,-99,-12
15,-119,-35
30,-62,-7
25,-59,3
22,-57,-6
16,-69,2
16,-66,1
14,-62,-4
11,-64,-7
10,-61,-8
5,-61,-5
3,-63,-3
6,-64,-2
8,-66,0
13,-67,-5
13,-75,-7
-9,-98,-3
-36,-92,-13
-42,-77,-31
46,-103,-11
49,-98,-24
72,-128,5
44,-128,12
13,-116,3
-3,-58,-5
0,-34,9
-13,-2,3
-21,1,-3
-20,14,-9
-21,9,-9
-13,5,-6
17,-6,-1
35,-18,3
76,-41,23
96,-104,32
-32,-22,-19
15,-75,6
27,-60,-2
21,-64,4
23,-60,0
23,-61,-2
18,-64,0
17,-63,-1
15,-66,-2
12,-64,-3
10,-62,-2
-5,-69,4
6,-60,5
14,-62,-2
18,-61,-2
5,-80,-6
-16,-89,-4
-27,-88,-10
-31,-73,-32
33,-98,-7
56,-109,-11
62,-128,6
65,-128,23
16,-108,7
2,-79,1
-4,-25,16
-9,-11,13
-25,4,-4
-30,12,-9
-28,10,-9
-19,1,-9
20,-14,4
52,-27,24
73,-32,37
127,-128,127
51,-117,-51
28,-117,-47
26,-71,-2
32,-56,2
25,-52,-5
19,-69,-2
16,-70,1
13,-64,-5
10,-64,-7
8,-64,-5
5,-65,-3
8,-60,-2
13,-57,2
14,-61,-2
21,-67,-2
13,-78,-5
-2,-92,-2
-28,-89,-11
-38,-78,-30
48,-101,1
41,-92,-18
50,-128,-1
74,-128,17
48,-128,14
8,-84,8
-7,-49,12
-24,-8,8
-27,-3,3
-30,13,-3
-21,9,-4
-11,6,-5
12,-6,-2
34,-17,11
78,-39,29
127,-76,124
127,-112,39
21,-128,21
3,-56,33
27,-54,1
20,-57,3
23,-59,-4
21,-64,0
21,-60,0
16,-62,-2
13,-64,-1
11,-64,-5
9,-63,-5
5,-63,-4
4,-63,-3
2,-64,1
5,-65,2
22,-59,4
24,-65,-2
13,-85,-2
-1,-99,-6
-37,-104,-4
-51,-80,-23
56,-98,-10
53,-107,-10
57,-128,1
50,-128,17
22,-128,9
-1,-72,1
-9,-16,9
-10,-3,2
-19,10,-5
-23,16,-9
-24,11,-13
-16,7,-10
-1,-4,-7
43,-31,13
84,-48,25
111,-47,47
-9,-109,5
-18,-119,55
31,-56,-14
20,-55,-4
25,-59,7
24,-59,0
21,-61,3
25,-60,2
21,-63,2
17,-69,1
13,-69,-3
11,-63,-5
13,-60,-2
16,-57,0
17,-58,3
18,-62,3
13,-66,3
10,-68,-2
-4,-78,-9
-33,-102,-19
-30,-102,-31
14,-128,-36
36,-116,5
33,-104,2
-5,-72,-28
-29,-26,-28
-27,-14,-15
-17,-19,-8
-6,-34,-5
-11,-46,-6
-20,-75,3
15,-128,21
46,-128,28
104,-114,32
122,-98,38
97,-80,31
74,-85,14
-68,-55,-42
2,-109,17
-3,-58,-4
3,-59,2
6,-65,-11
3,-64,-5
6,-64,-7
5,-63,-10
0,-63,-10
2,-63,-9
0,-63,-7
-1,-65,-4
-4,-67,-4
0,-70,-5
4,-76,-8
-1,-86,-5
-12,-91,-3
-37,-92,-24
-14,-74,-51
42,-109,-22
49,-128,-7
41,-128,1
62,-128,32
16,-76,24
-8,-37,18
-39,13,15
-49,21,11
-43,26,5
-38,20,-1
-15,7,3
42,-13,19
94,-25,35
127,-83,127
112,-75,35
20,-112,-21
23,-67,-4
26,-61,-1
24,-54,-4
17,-65,-5
15,-69,1
16,-62,0
16,-62,-1
7,-64,-2
6,-63,-1
3,-61,2
2,-57,2
3,-58,-1
19,-62,13
29,-67,5
13,-82,2
5,-94,2
-40,-119,1
-38,-58,-65
52,-90,-30
45,-128,-20
41,-128,14
53,-128,11
34,-124,19
-7,-53,12
-33,-8,10
-42,9,0
-47,20,-6
-42,15,-10
-32,6,-9
19,-8,14
70,-20,37
127,-128,127
-53,-28,21
22,-101,-48
1,-70,31
29,-59,2
28,-53,-5
27,-55,-5
20,-68,-2
17,-71,-3
13,-66,-2
14,-64,-5
12,-62,-3
15,-57,0
11,-58,0
23,-53,0
14,-66,-6
11,-73,-5
-13,-94,-10
-51,-84,-26
-17,-92,-15
36,-106,5
40,-112,-6
74,-128,8
65,-128,8
20,-107,1
9,-82,0
-9,-20,5
-14,2,-4
-25,10,-11
-30,14,-14
-22,9,-13
0,-2,-1
23,-14,3
85,-44,19
127,-116,127
113,-83,10
34,-125,-5
2,-63,29
22,-57,-4
17,-60,1
19,-62,-3
18,-64,-3
16,-62,-1
15,-63,-4
13,-64,-4
11,-64,-5
7,-62,-8
5,-61,-8
-2,-63,-2
2,-64,-6
8,-64,-2
13,-66,-5
11,-73,-7
-2,-90,-6
-11,-104,-7
-43,-94,-14
1,-79,-26
48,-99,-19
52,-128,4
80,-128,6
48,-128,17
21,-113,10
-12,-48,5
-26,-6,2
-38,9,-11
-37,19,-12
-35,14,-13
-14,2,-12
26,-18,7
61,-29,22
103,-15,32
127,-101,127
41,-128,-128
-11,-62,45
36,-64,-12
22,-54,-7
20,-57,-10
17,-67,-4
16,-67,-2
14,-62,-2
9,-63,-4
8,-63,-5
1,-65,-3
-1,-63,-1
2,-64,-3
7,-62,-2
10,-66,-5
10,-75,-6
1,-84,-5
-22,-98,-1
-33,-93,-9
-29,-68,-42
38,-94,-21
48,-108,-11
64,-128,13
30,-123,14
13,-104,4
3,-49,5
-4,-29,6
-10,-3,-3
-18,-1,-8
-18,13,-14
-19,13,-16
-5,6,-11
13,-11,-5
31,-23,3
88,-61,23
106,-59,33
127,-125,56
26,-110,-22
13,-96,-5
27,-64,-12
18,-60,3
21,-56,-4
20,-61,-3
18,-64,-1
19,-66,-4
16,-66,-7
14,-66,-6
11,-66,-5
11,-61,1
15,-57,2
18,-55,0
20,-60,-10
15,-70,-5
-2,-87,-6
-10,-93,-5
-29,-89,-24
34,-102,-9
34,-101,-16
71,-127,11
97,-128,23
28,-119,12
-7,-72,2
13,-46,14
-17,-9,0
-29,4,-9
-39,12,-16
-26,7,-13
-25,-1,-14
10,-18,-6
38,-41,6
103,-57,42
127,-118,81
-66,16,-23
9,-91,-2
15,-70,8
25,-59,1
24,-58,0
21,-59,-6
17,-64,-1
15,-64,-2
13,-63,-3
13,-64,-5
8,-62,-6
6,-62,-4
3,-63,-3
5,-63,1
7,-65,-4
9,-66,1
12,-69,-1
-1,-84,-5
-25,-102,-3
-30,-93,-9
-18,-68,-42
39,-96,-12
50,-107,-8
71,-128,17
65,-128,20
22,-104,6
16,-76,5
-9,-25,8
-27,-3,-4
-32,10,-9
-32,11,-9
-27,8,-8
-11,-3,-7
4,-11,-2
47,-48,15
97,-70,42
106,-60,38
22,-55,-6
-35,-47,-41
8,-64,17
25,-62,-9
13,-64,5
20,-61,-6
18,-65,-6
18,-60,-5
14,-62,-2
13,-63,-2
9,-63,-9
10,-62,-9
7,-62,-5
1,-63,-4
4,-63,-5
6,-63,-5
6,-64,-4
8,-67,-1
11,-68,0
9,-75,-8
1,-86,-10
-21,-98,-4
-34,-74,-28
-30,-69,-41
49,-95,-18
53,-104,-16
72,-128,21
35,-117,18
17,-99,13
7,-52,8
7,-33,12
-17,-4,8
-24,-2,1
-18,9,-2
-23,5,-6
-13,2,-5
14,-13,1
33,-28,7
74,-50,30
127,-128,127
-86,-25,-47
-1,-83,5
23,-66,5
16,-62,6
21,-64,1
25,-58,0
18,-69,-2
19,-65,-3
17,-64,-4
15,-65,-3
10,-64,-8
10,-61,-5
8,-60,-3
10,-58,-3
11,-58,-2
9,-61,-2
9,-63,-1
11,-63,0
9,-69,-4
9,-73,-4
-6,-87,-2
-18,-92,-4
-31,-71,-23
43,-100,1
44,-87,-17
52,-102,3
41,-119,4
51,-124,14
18,-95,7
14,-79,4
6,-45,12
6,-33,15
-19,-11,-1
-19,-8,-2
-15,6,-9
-7,5,-14
2,1,-14
17,-17,-13
31,-31,-4
48,-58,16
55,-77,35
46,-76,34
45,-65,22
127,-128,61
-35,-68,8
13,-60,-5
30,-82,-4
23,-61,-5
17,-61,-2
21,-62,-9
18,-62,-8
15,-61,-5
12,-61,-1
11,-62,-3
12,-62,-9
13,-63,-11
6,-62,-9
6,-62,-6
4,-62,-5
7,-63,-6
5,-63,-6
4,-63,-7
3,-63,-4
3,-64,-7
-1,-64,-4
-2,-64,-1
12,-67,-6
16,-62,7
5,-65,9
7,-68,5
8,-64,7
2,-58,0
6,-58,-5
9,-58,1
7,-59,5
0,-61,9
-2,-63,8
-3,-65,7
-1,-68,4
1,-65,5
4,-61,11
3,-61,12
2,-62,10
2,-64,7
1,-64,8
2,-63,7
3,-63,10
4,-62,11
4,-63,8
4,-63,7
5,-63,9
5,-63,9
6,-63,8
6,-63,8
6,-62,8
7,-62,7
7,-62,7
6,-62,9
4,-63,9
5,-63,8
6,-63,8
5,-63,8
6,-63,8
6,-63,8
6,-63,8
6,-63,7
5,-63,8
5,-63,8
6,-63,7
5,-63,7
5,-63,8
6,-62,8
6,-63,8
6,-63,8
6,-63,8
6,-63,8
6,-63,8
6,-63,8
6,-63,7
7,-63,8
6,-63,8
7,-64,7
7,-63,7
7,-63,7
6,-62,7
7,-62,7
6,-63,7
5,-64,7
5,-64,7
6,-64,7
6,-64,7
4,-66,5
3,-67,5
3,-68,7
7,-69,2
12,-70,-1
32,-66,-8
45,-59,-16
57,-56,-16
-10,-46,-17
-35,-47,-30
-52,-50,-13
-42,-60,-4
-35,-63,2
-29,-65,2
-12,-64,5
-10,-64,8
-8,-63,14
17,-62,4
-23,-55,-74
58,-114,-1
14,-58,-12
10,-60,-6
2,-64,-9
3,-64,-8
8,-65,-7
9,-64,-6
9,-63,-8
10,-63,-7
10,-63,-6
9,-63,-8
8,-63,-9
9,-62,-6
11,-61,-5
15,-62,-3
14,-64,1
19,-60,3
25,-63,7
6,-87,8
15,-76,11
-3,-113,5
7,-94,-31
20,-44,-24
19,-16,-23
2,35,3
-17,2,-20
-15,-11,-17
13,-44,-3
17,-67,6
17,-78,20
46,-92,35
52,-94,34
40,-75,28
36,-65,22
17,-63,7
8,-63,2
6,-67,-6
15,-76,-4
22,-76,5
49,-116,66
-128,-77,-101
-23,-121,-7
26,-56,-2
35,-50,-11
22,-65,-3
9,-71,8
18,-66,4
10,-76,-3
7,-69,3
27,-44,10
29,-40,14
25,-51,10
27,-52,8
15,-90,17
-4,-128,-5
-2,-128,-23
-1,-36,-23
1,-12,-4
43,27,21
-15,-7,4
-22,-20,-8
8,-36,1
17,-37,0
17,-49,8
29,-56,12
53,-69,9
65,-87,24
56,-91,25
23,-84,3
23,-81,9
30,-73,7
109,-107,-1
7,-103,24
-49,-123,-44
-15,-111,1
32,-58,-2
25,-56,-6
18,-64,-3
14,-65,1
15,-64,0
12,-61,-5
13,-61,-9
19,-56,-7
15,-57,1
22,-51,4
17,-70,3
18,-66,5
26,-63,8
18,-87,11
9,-104,11
-12,-121,-13
2,-105,-36
-5,-10,-11
2,-16,6
15,24,29
-26,-9,-3
-10,-28,-10
14,-51,14
17,-69,16
27,-76,16
54,-83,9
70,-83,10
55,-92,20
44,-82,8
33,-70,6
31,-69,5
17,-67,6
61,-76,-17
91,-113,93
-68,-102,-99
-17,-128,-35
24,-65,7
27,-54,-9
26,-59,-6
10,-68,-2
13,-64,0
12,-62,-3
12,-62,-5
9,-60,-4
10,-64,-1
21,-60,0
21,-60,3
23,-59,3
23,-63,7
27,-64,12
21,-77,15
3,-110,9
-12,-122,-5
14,-72,-49
0,-16,-5
5,4,7
-10,12,7
-48,-4,-6
-17,-53,9
13,-64,12
43,-80,18
71,-86,25
68,-85,23
47,-73,12
44,-67,12
30,-61,9
31,-63,1
27,-66,-2
122,-98,18
55,-128,43
-42,-126,-36
-16,-108,3
33,-60,1
32,-54,-6
19,-63,-3
14,-67,0
14,-62,1
16,-56,-1
4,-64,-3
-1,-68,4
12,-62,2
22,-60,4
28,-47,11
25,-66,9
21,-69,15
4,-128,11
-1,-128,3
4,-89,21
-3,-60,6
-2,9,2
35,26,-5
17,4,9
-20,-13,-14
-22,-24,-9
-6,-40,3
9,-61,18
29,-72,24
72,-92,28
81,-115,49
80,-84,27
42,-73,21
21,-71,6
120,-128,25
-118,-91,-99
-20,-70,25
18,-77,2
12,-79,1
19,-67,0
22,-63,1
19,-65,1
9,-72,0
15,-63,2
15,-62,1
23,-41,17
33,-41,13
30,-62,3
23,-67,10
31,-63,13
17,-125,4
13,-106,8
37,-76,38
1,-19,-15
13,21,-8
12,19,8
-22,-7,-14
-20,-18,-13
-6,-38,-10
-4,-49,-6
12,-65,11
36,-73,14
67,-101,14
81,-125,26
89,-88,18
70,-68,29
41,-68,22
38,-128,41
-15,-126,-15
-27,-88,8
20,-71,5
29,-56,-4
26,-47,1
23,-61,-3
15,-68,4
14,-66,0
21,-58,2
24,-54,4
24,-55,4
21,-60,7
22,-66,8
25,-63,9
27,-65,12
23,-79,8
0,-124,-11
-7,-100,-4
9,-26,11
17,21,12
29,27,-4
-14,-13,-1
-10,-30,-5
5,-52,4
18,-66,6
21,-69,13
43,-73,16
47,-71,17
58,-78,25
50,-80,20
34,-71,10
31,-73,8
33,-71,8
66,-99,65
-15,-128,-55
-12,-88,-35
-20,-117,34
19,-63,4
36,-49,-5
32,-46,0
13,-66,2
18,-65,0
15,-66,1
12,-61,1
14,-61,3
21,-59,4
21,-59,4
26,-55,6
22,-64,9
24,-68,11
18,-84,14
11,-106,12
-2,-113,-5
36,-62,18
7,-27,-16
17,3,-13
23,14,-7
3,4,5
-18,-23,-16
-6,-33,-7
3,-50,-2
10,-62,7
26,-70,16
49,-87,20
58,-95,29
56,-94,10
59,-79,13
47,-71,16
36,-72,10
103,-128,28
-119,-93,-82
-29,-115,-20
17,-84,9
31,-58,-1
25,-57,-7
17,-65,-3
21,-64,1
18,-63,-1
17,-63,-1
13,-65,-5
12,-62,-5
11,-66,-2
25,-52,8
28,-47,8
26,-57,2
28,-62,6
29,-67,7
26,-73,7
20,-104,-15
-10,-103,-25
-15,-60,-9
5,-20,25
8,44,5
-49,-4,-9
7,-47,2
12,-62,0
32,-78,-2
31,-77,-2
26,-78,1
35,-85,4
27,-89,10
28,-87,9
30,-78,2
49,-72,11
58,-68,15
52,-63,15
50,-128,27
-128,-96,-29
10,-68,-15
11,-75,-4
16,-71,-3
15,-73,-3
15,-72,-1
14,-66,-1
14,-62,-1
15,-53,0
18,-51,1
13,-58,0
9,-63,0
11,-66,-1
7,-72,-2
10,-74,-3
11,-77,-3
2,-88,-15
-8,-84,-9
8,-97,-4
-12,-110,-6
56,-104,0
10,-79,-18
26,-12,-3
-7,-17,-10
-13,-9,-4
-9,-19,7
-5,-30,8
0,-48,5
-1,-63,10
4,-77,10
30,-108,11
38,-114,16
53,-107,23
72,-85,30
65,-77,29
54,-84,9
-58,-63,-68
-26,-75,10
65,-112,8
-12,-53,-4
6,-61,-9
5,-61,-11
-2,-63,-8
1,-64,-7
7,-64,-6
8,-63,-7
5,-64,-7
3,-63,-6
3,-63,-6
8,-63,-3
7,-64,0
10,-62,0
13,-65,3
12,-64,2
20,-54,9
20,-75,8
11,-85,6
13,-84,10
7,-93,8
-9,-101,-8
22,-68,20
16,-40,-22
20,-3,-14
0,25,-9
-5,5,-10
-13,-2,-12
-9,-32,-7
2,-50,-4
4,-78,7
20,-104,25
43,-119,29
45,-107,25
38,-98,21
37,-64,15
27,-61,6
16,-64,-1
4,-70,1
73,-107,-27
52,-112,58
-128,-76,-101
-25,-117,-13
26,-59,6
40,-47,-10
20,-61,-12
7,-71,-3
14,-65,5
16,-62,0
15,-62,-2
9,-64,-4
9,-64,-3
12,-62,-3
17,-63,3
10,-73,-3
17,-64,1
31,-54,3
26,-64,-1
25,-62,7
7,-90,0
4,-76,-5
4,-35,-5
2,-21,2
6,19,8
-17,-17,-11
4,-43,-2
9,-52,3
12,-70,9
12,-76,16
55,-91,26
68,-90,30
59,-85,39
39,-62,11
22,-56,13
22,-63,3
24,-65,-3
23,-61,-2
114,-124,27
-128,-85,-128
-39,-91,6
7,-94,5
27,-59,-1
33,-53,-6
12,-68,2
17,-64,2
17,-64,0
15,-64,0
13,-63,0
13,-64,1
19,-56,4
26,-51,7
22,-58,5
20,-61,8
26,-62,9
28,-59,11
27,-67,13
3,-122,13
-2,-126,3
21,-67,14
4,-37,-14
16,8,-5
39,18,19
1,4,6
-15,-22,-9
-7,-35,-3
-2,-54,2
14,-74,23
24,-83,27
55,-108,28
60,-108,33
38,-90,18
37,-73,19
47,-63,10
23,-62,9
104,-93,19
-128,-86,-120
-19,-90,-12
-9,-81,24
20,-67,1
25,-61,0
14,-64,-2
15,-68,2
13,-63,2
13,-62,1
13,-61,0
8,-63,-1
9,-64,1
12,-64,5
16,-62,3
22,-61,5
18,-71,6
18,-72,10
23,-65,12
22,-65,11
17,-85,0
11,-109,-6
-2,-77,-11
4,-12,5
18,28,3
29,20,5
-11,3,-4
0,-33,-9
14,-53,6
11,-63,5
17,-76,16
28,-81,20
48,-89,23
53,-93,27
43,-85,25
33,-63,13
34,-63,11
31,-70,8
86,-111,12
9,-114,-15
-12,-110,-18
-32,-83,12
8,-77,10
21,-65,-3
22,-56,-3
12,-68,-1
11,-68,0
10,-67,-3
13,-61,-2
26,-47,5
21,-56,2
22,-56,4
24,-62,2
18,-74,2
26,-62,8
32,-54,10
24,-78,12
0,-115,0
1,-112,-19
-1,-39,-13
2,-22,3
16,35,12
-21,2,0
-17,-15,-9
7,-48,5
10,-60,5
21,-79,14
26,-87,16
48,-98,14
45,-93,20
37,-88,21
31,-67,18
28,-65,16
30,-67,10
15,-68,1
12,-64,-1
58,-96,20
-111,-73,-97
-22,-75,-14
1,-95,12
20,-61,4
25,-58,-6
17,-64,-4
11,-66,-1
12,-65,-1
14,-63,-4
10,-60,-2
10,-59,-1
12,-65,0
16,-62,4
27,-46,9
23,-65,3
20,-69,6
25,-68,10
22,-76,13
-8,-122,0
-4,-128,-15
4,-52,-25
-4,-7,-5
5,24,-5
9,11,12
-16,-18,-6
-12,-39,-5
5,-56,-1
11,-67,1
33,-85,12
56,-97,11
68,-100,23
69,-94,20
58,-65,27
57,-58,16
39,-61,17
97,-128,78
-128,-83,-128
-31,-90,-27
14,-73,20
36,-51,-3
18,-58,-4
14,-66,1
16,-64,1
15,-63,-2
16,-61,-2
11,-63,-1
19,-56,3
25,-54,5
20,-63,3
17,-66,8
27,-59,9
25,-67,10
20,-76,9
17,-91,3
7,-104,-5
1,-44,-11
3,-28,-5
33,37,1
19,14,-3
-16,-15,-14
-13,-28,-10
-4,-50,2
19,-77,15
25,-81,20
55,-94,28
67,-100,27
50,-99,33
33,-79,16
28,-70,17
32,-66,15
23,-67,15
30,-96,-6
46,-86,0
-13,-94,-52
-22,-104,48
9,-62,4
27,-53,-14
14,-63,-7
12,-66,-2
17,-63,-3
15,-63,-4
14,-62,-2
13,-62,-1
12,-65,-1
23,-55,1
22,-59,2
23,-59,-1
23,-63,1
23,-64,6
23,-65,10
22,-68,11
8,-94,8
-6,-103,5
27,-77,-17
31,-48,-32
21,-20,-6
27,21,24
-2,3,1
-14,-18,-7
-5,-29,-3
4,-46,1
12,-68,13
22,-77,17
46,-89,9
53,-102,9
45,-102,13
35,-93,11
48,-65,19
31,-61,8
21,-63,8
51,-47,-19
77,-128,77
-56,-100,-47
-16,-71,-27
-15,-101,39
33,-55,-5
28,-54,-5
12,-67,0
14,-65,-1
16,-62,-2
12,-61,-1
10,-61,-1
11,-63,0
13,-61,1
15,-60,2
15,-63,3
17,-63,2
20,-64,4
20,-61,6
22,-65,13
18,-72,9
19,-68,16
17,-70,11
15,-74,13
4,-82,29
13,-75,17
28,-46,-7
20,-13,-5
31,-12,1
62,-16,3
62,-24,18
42,-38,23
30,-43,13
16,-48,4
40,-52,-1
43,-54,-9
36,-60,-19
30,-65,-22
28,-78,-18
38,-85,-25
39,-87,-25
28,-81,-15
27,-75,-13
18,-66,-7
30,-62,-16
42,-61,-13
47,-58,-13
121,-80,0
34,-49,-29
-16,-56,-25
-13,-78,17
-4,-64,10
1,-68,1
4,-63,-13
-2,-62,-5
-8,-64,-1
-3,-63,-9
-4,-63,-11
-4,-64,-11
-5,-63,-10
-5,-64,-10
-4,-64,-9
-2,-64,-7
-3,-63,-8
-3,-63,-8
-3,-63,-10
-3,-63,-10
-4,-63,-9
-5,-64,-12
-4,-64,-14
-2,-62,-16
-6,-61,-13
-7,-62,-10
-6,-63,-10
-6,-62,-12
-6,-62,-13
-6,-62,-12
-6,-63,-12
-5,-62,-12
-6,-62,-13
-6,-62,-12
-7,-62,-12
-6,-62,-12
-5,-62,-13
-5,-62,-13
-5,-62,-11
-7,-63,-10
-7,-62,-12
-6,-62,-13
-6,-63,-10
-6,-62,-12
-5,-62,-12
-6,-63,-11
-6,-62,-10
-5,-62,-11
-4,-62,-12
-3,-62,-14
-4,-63,-13
-5,-62,-13
-6,-63,-13
-6,-63,-13
-6,-62,-13
-7,-63,-13
-7,-62,-12
-7,-62,-12
-7,-62,-13
-6,-62,-13
-7,-62,-12
-7,-62,-11
-7,-62,-12
-6,-61,-12
-6,-62,-12
-7,-62,-14
-9,-63,-12
-9,-63,-12
-9,-62,-13
-9,-63,-13
-8,-63,-14
-8,-62,-14
-9,-62,-14
-9,-64,-15
-10,-66,-13
-10,-69,-10
-21,-105,-19
-26,-128,-34
40,-128,-9
-52,-128,-17
91,-66,36
7,-59,2
-14,-31,-3
-41,5,-8
-48,14,-12
-47,9,-15
-34,-4,-13
36,-40,-2
74,-50,17
77,-53,32
126,-34,50
-14,-55,6
3,-111,-31
9,-109,3
16,-66,-4
21,-49,-3
12,-62,-1
21,-40,3
11,-97,-13
20,-80,13
14,-117,-6
-10,-128,-8
-128,-95,-71
110,-44,-12
57,-128,-9
50,-128,-15
-11,-128,-6
-90,-85,-32
-105,84,-72
-98,112,-64
-78,64,-58
1,44,-25
127,3,20
127,12,120
127,-111,127
95,-128,-100
-40,-103,55
48,-42,-11
14,-81,2
-3,-128,-18
-128,-94,-58
61,-128,29
49,-84,1
41,-128,2
41,-128,4
3,-128,-4
-61,-76,-29
-76,37,-62
-67,75,-48
-57,55,-33
-40,30,-33
99,-14,14
127,-6,106
118,36,119
-128,-75,-62
70,-128,-102
-8,-87,41
43,-28,5
26,-70,-7
22,-100,-4
6,-123,-6
-79,-117,-56
88,-79,21
63,-43,-14
71,-128,16
64,-128,3
17,-128,8
-6,-114,-1
-69,-5,-42
-55,69,-28
-67,63,-31
-41,31,-26
-3,14,-19
127,-29,32
127,-16,82
127,-93,127
60,-128,-83
21,-106,-13
32,-54,0
24,-53,-1
22,-80,1
8,-120,-3
-24,-128,-19
-59,-85,-50
71,-53,-26
25,-123,-10
64,-128,3
23,-128,27
-18,-91,0
-56,-34,-26
-68,80,-35
-61,83,-33
-54,41,-32
36,5,-11
103,-25,19
121,6,49
109,26,78
57,-128,-10
-48,-128,20
-2,-66,19
36,-43,1
17,-82,4
21,-86,-3
13,-108,-8
-36,-128,-22
5,-103,-3
98,-53,-8
53,-123,-12
43,-128,1
8,-128,8
-20,-84,-10
-52,-39,-31
-55,71,-41
-57,79,-38
-53,45,-33
-26,30,-25
81,-25,11
127,-13,96
97,13,107
-105,-56,-37
41,-128,-71
-7,-93,42
28,-53,-3
25,-69,-8
23,-84,7
17,-105,2
-37,-128,-34
-90,-87,-56
111,-32,-2
48,-128,-3
55,-128,-5
15,-128,5
-19,-128,-1
-62,-30,-32
-61,68,-30
-57,76,-29
-34,46,-26
-11,31,-18
80,-12,14
110,-28,87
94,5,97
-91,-106,-11
29,-128,-56
-5,-63,32
39,-38,-1
33,-71,-4
20,-95,-2
8,-119,-8
-61,-116,-41
-71,-81,-41
84,-52,-4
65,-128,-5
59,-128,-12
1,-128,-6
-19,-110,-5
-63,-3,-33
-60,57,-27
-58,72,-20
-34,39,-23
-16,26,-13
78,-18,26
127,-17,72
127,1,127
-35,-56,-73
28,-128,-77
6,-64,22
34,-28,11
21,-72,4
25,-80,3
17,-98,5
-16,-128,-13
-49,-115,-35
90,-128,31
100,-48,3
52,-128,-4
27,-128,2
9,-128,-4
-40,-73,-24
-63,-12,-36
-65,69,-29
-69,48,-29
-54,20,-29
-9,-16,-19
36,-47,16
78,-70,59
81,-79,79
127,-65,22
-48,-112,65
35,-61,-21
16,-61,8
17,-64,4
24,-62,-1
28,-65,-7
27,-66,-8
16,-65,-3
13,-71,-4
14,-65,1
12,-63,-3
14,-49,9
18,-56,11
26,-60,4
27,-74,3
9,-90,-6
-22,-107,-15
-59,-92,-52
-9,-95,-23
26,-128,-18
102,-128,-18
-19,-85,-34
6,-72,-15
21,-62,2
22,-23,6
23,-20,6
10,-44,6
20,-49,7
45,-63,17
122,-82,32
127,-74,54
127,-56,86
127,-18,61
-3,-127,-73
-3,-51,8
33,-42,-12
16,-61,11
14,-59,-3
20,-68,-6
16,-81,-1
6,-107,0
-29,-128,-21
-96,-123,-54
107,-79,-7
69,-64,-3
49,-128,-18
-23,-128,-12
-52,-128,-19
-71,6,-45
-61,60,-39
-60,76,-29
-28,41,-1
35,12,9
127,-20,84
127,-4,107
103,-128,56
-26,-71,-128
-36,-114,38
44,-28,-10
16,-70,0
27,-65,5
25,-85,4
-3,-121,-1
-64,-106,-50
-40,-94,-13
60,-49,-2
31,-117,-12
53,-128,-4
10,-128,-7
-17,-82,-14
-41,12,-27
-45,55,-25
-53,57,-16
-27,30,-16
6,20,-1
103,-26,34
127,-17,68
127,-61,127
-92,-54,-43
-21,-128,3
3,-91,3
37,-18,5
25,-54,-4
19,-85,-3
21,-84,3
18,-92,6
2,-115,1
-49,-107,-36
-71,-61,-40
66,-54,-10
29,-95,7
67,-128,2
22,-128,-1
-4,-124,-13
-51,-9,-34
-48,59,-26
-45,65,-20
-44,52,-22
0,21,-18
103,-22,13
127,-25,59
101,9,87
127,-44,127
95,-128,-128
-16,-101,25
5,-66,13
28,-40,10
25,-57,4
23,-73,2
22,-86,4
6,-111,9
-37,-128,-23
-77,-82,-54
95,-56,1
55,-51,-28
47,-128,0
23,-128,14
21,-128,11
-21,-49,-7
-36,1,-16
-50,57,-14
-53,55,-11
-28,27,-18
48,-1,4
96,-11,26
126,-6,81
117,5,113
-87,-84,-52
-5,-102,4
11,-72,6
37,-23,12
24,-55,-5
19,-78,1
27,-79,4
13,-103,7
-25,-128,-12
-51,-105,-33
99,-120,19
77,-45,-18
38,-128,-5
23,-128,3
16,-128,-5
-37,-39,-26
-56,18,-33
-55,80,-29
-56,46,-17
-28,29,-7
98,-11,11
127,-23,62
96,11,97
7,-123,0
17,-128,-90
-21,-109,20
12,-65,11
22,-59,6
20,-75,1
26,-76,2
9,-101,6
0,-117,-2
-67,-114,-52
-29,-76,-13
56,-66,-24
44,-128,-4
42,-128,-13
12,-128,5
-9,-85,-5
-44,24,-20
-46,57,-20
-42,62,-19
-16,33,-11
21,19,-3
98,-16,31
127,-7,92
127,-121,94
-12,-128,-5
5,-101,-11
13,-66,20
25,-51,3
24,-64,-2
18,-77,0
21,-86,4
-1,-111,-11
-23,-106,-32
5,-128,3
71,-58,12
22,-80,-2
72,-128,12
30,-128,8
15,-128,0
2,-91,-14
-33,27,-20
-43,51,-14
-45,52,-24
-9,28,-18
16,15,-6
82,-16,20
106,-25,59
127,-61,75
-56,-128,-34
-16,-128,-8
20,-53,0
23,-38,9
16,-65,0
22,-68,0
26,-67,-1
26,-62,5
21,-74,8
10,-103,2
-3,-113,-5
-44,-81,-29
60,-92,12
53,-46,-25
48,-128,-13
83,-128,8
38,-128,7
-6,-95,-1
-33,-39,-3
-68,23,-20
-60,39,-16
-44,35,-19
-30,10,-26
31,-5,-6
107,-27,52
126,-41,85
127,-107,90
-56,-55,-19
-17,-97,32
24,-49,-1
18,-54,2
21,-57,0
22,-61,-2
24,-66,-1
22,-65,7
20,-70,8
15,-92,11
10,-96,7
-17,-97,-28
-32,-70,-32
49,-93,29
23,-25,1
33,-65,-5
44,-105,-2
47,-124,11
31,-117,-4
2,-70,-1
2,-42,6
-9,-2,11
-12,6,8
-9,0,6
-1,-19,12
-5,-24,13
-14,-38,18
-13,-45,13
10,-61,4
24,-65,4
36,-86,-2
41,-91,1
21,-94,11
-42,-92,46
-36,-74,38
-11,-51,6
-14,-45,-6
-15,-65,-23
-11,-102,-48
1,-64,6
13,-57,-26
2,-64,-14
3,-63,-12
5,-64,-13
6,-63,-12
7,-62,-4
8,-63,-8
6,-63,-13
1,-63,-14
1,-63,-13
-2,-63,-12
-2,-63,-10
-4,-62,-8
-4,-62,-6
-4,-64,-8
-2,-65,-8
6,-64,-8
8,-64,-6
7,-63,-4
43,-64,-38
14,-59,-27
5,-56,-21
-18,-55,-15
-20,-59,-6
-18,-60,4
-37,-61,0
-34,-67,0
-9,-67,-9
4,-64,-17
0,-63,-15
-7,-61,-12
-13,-62,-6
-6,-63,-10
-5,-64,-9
-1,-64,-10
-1,-63,-13
-5,-62,-11
-4,-63,-10
-4,-62,-12
-5,-63,-11
-5,-63,-11
-5,-62,-11
-5,-62,-10
-5,-63,-10
-4,-62,-11
-4,-62,-12
-7,-64,-12
-8,-64,-9
-7,-65,-10
-6,-66,-7
-4,-69,-4
-1,-73,1
-4,-70,0
-13,-53,-20
-17,-53,-8
-2,-46,-3
65,-69,-3
25,-60,4
0,-65,-5
-12,-70,-5
16,-64,-5
17,-59,2
12,-68,0
16,-69,5
21,-64,3
23,-58,2
21,-56,3
14,-61,6
16,-63,2
20,-59,3
19,-56,6
20,-56,6
20,-63,6
24,-64,7
17,-80,7
13,-95,13
-1,-125,3
-24,-128,-42
27,-47,38
116,-12,27
-9,33,-42
-64,22,-53
-58,30,-18
-32,16,-33
-20,-2,-28
1,-23,18
31,-36,28
83,-100,24
118,-128,32
127,-128,45
91,-82,36
113,-90,42
-128,-108,-94
-56,-128,-35
23,-61,11
42,-56,-17
31,-65,-21
23,-59,7
23,-70,16
7,-117,-2
-19,-128,-13
-19,-128,-40
-53,-13,-5
24,51,5
-92,27,-41
-32,20,-34
-17,3,-27
5,-14,-3
31,-67,21
127,-128,54
127,-128,70
88,-82,52
127,-31,34
-128,-128,-128
-34,-97,-42
-19,-128,36
30,-48,1
40,-42,-17
18,-65,9
23,-63,15
21,-64,15
17,-100,10
-4,-128,-2
-38,-128,-54
-7,-108,-4
-46,33,-17
-88,49,-45
-72,26,-32
-15,0,-21
4,-13,-11
30,-62,12
88,-124,34
115,-128,45
127,-128,44
107,-80,37
90,-37,17
-105,-128,-128
-68,-128,-28
9,-80,-39
-3,-128,22
41,-48,-2
26,-57,-3
19,-81,10
-20,-128,-18
-35,-128,-46
14,-78,33
-1,-33,18
-32,21,-15
-59,40,-26
-52,26,-26
-29,-5,-21
-8,-22,0
29,-85,27
63,-128,36
127,-128,73
111,-89,46
103,-36,59
20,-128,-96
-128,-107,-90
-27,-128,11
22,-59,1
42,-51,-1
24,-71,5
19,-64,14
12,-89,12
1,-128,-3
-44,-128,-44
-4,-88,26
-65,-9,-18
-72,49,-23
-80,37,-42
-20,12,-26
20,-27,-8
44,-47,2
36,-93,40
63,-128,42
127,-128,65
121,-128,49
50,-59,26
84,-108,-2
-125,-96,-99
-33,-64,-22
-31,-87,31
55,-40,-9
38,-46,-5
12,-72,11
21,-63,2
22,-66,8
11,-108,-3
-25,-128,-30
-34,-128,-43
10,-70,34
-31,-39,-12
6,37,0
-96,45,-39
-51,7,-26
-16,-19,-24
17,-28,-11
39,-78,34
84,-128,34
127,-128,80
87,-70,54
118,-53,57
-128,-107,-124
-6,-60,6
-5,-117,-20
2,-105,18
40,-50,3
28,-69,6
19,-75,11
2,-122,2
-12,-128,-18
-27,-128,-44
-61,1,-12
-32,33,-33
-92,46,-42
-48,33,-16
-1,0,-16
30,-41,13
44,-70,18
88,-128,23
124,-128,36
113,-126,31
86,-91,38
37,-44,5
-36,-128,-79
-65,-83,-45
-4,-105,-63
-38,-128,60
46,-48,-4
33,-59,2
17,-75,10
-8,-121,-1
-11,-128,-24
-22,-128,-41
28,-72,29
-50,16,-31
-113,43,-55
-90,50,-41
-14,22,-44
10,0,-14
39,-80,36
127,-128,64
127,-128,72
126,-52,52
127,-128,96
-52,-128,-18
-15,-56,7
2,-83,29
44,-44,-8
15,-60,5
24,-67,8
16,-76,8
4,-120,-2
-25,-128,-49
-22,-120,-44
8,-51,25
-10,-32,6
-19,20,-18
-51,22,-38
-40,8,-31
-13,-16,-23
-5,-38,-19
17,-78,-11
11,-128,2
68,-128,14
127,-128,38
127,-79,46
86,-23,55
127,-107,90
-104,-107,-79
27,-31,3
26,-125,-58
29,-72,6
37,-61,1
19,-94,-7
9,-94,-8
-2,-93,-25
-35,-63,1
-30,-67,8
5,-90,-10
67,-128,-16
12,-126,-38
-37,-72,-46
-46,-39,-35
-30,-3,-3
-22,-10,1
-13,-37,-11
-14,-53,3
-14,-94,18
91,-128,51
127,-128,66
127,-51,67
127,-30,66
-128,-128,-94
9,-30,21
38,-31,-38
9,-71,11
10,-73,3
23,-63,-5
17,-66,2
23,-59,0
14,-76,8
-26,-128,-3
-33,-128,-31
-41,-128,-46
-17,-65,29
56,-40,-1
-31,7,-35
-73,40,-47
-76,28,-42
-44,3,-46
2,-45,-20
28,-61,2
49,-102,40
92,-128,48
127,-128,46
124,-112,48
53,-68,27
64,-128,-18
-128,-93,-119
-17,-74,24
13,-120,-37
30,-64,1
22,-71,-4
1,-112,-6
-32,-128,-28
-34,-124,-44
-49,-51,-29
-4,7,24
-105,4,-35
-56,35,-15
-16,43,-33
32,-4,-17
44,-34,3
43,-118,21
120,-128,48
127,-128,40
77,-80,33
57,-45,24
55,-35,16
-128,-104,-128
-54,-119,-7
16,-128,-52
-25,-106,62
45,-36,1
26,-52,2
23,-65,11
5,-114,12
-11,-128,-2
-38,-128,-48
0,-83,14
-9,-19,-4
-50,47,-18
-70,38,-35
-22,-7,-7
-4,-22,-4
15,-47,8
37,-82,36
69,-120,38
127,-128,56
127,-128,45
65,-59,31
56,-37,16
-15,-128,-42
-14,-70,-36
-36,-128,-50
39,-56,-7
29,-51,3
18,-67,10
18,-75,6
10,-92,7
-24,-128,-30
-32,-128,-62
12,-73,33
-6,-50,32
-25,20,-33
-61,36,-31
-48,21,-24
-19,2,-23
20,-37,-9
35,-70,10
107,-128,21
127,-128,33
127,-107,36
109,-72,40
37,-64,27
86,-128,13
-29,-107,-14
7,-128,-44
-26,-128,51
31,-46,8
19,-89,4
1,-118,7
-35,-128,-46
-20,-105,-42
17,-28,49
9,-45,3
-34,35,-35
-56,36,-21
-45,15,-11
8,-7,-27
35,-49,11
30,-74,25
47,-114,23
127,-128,43
123,-113,51
92,-63,36
33,-58,37
79,-128,0
-31,-101,-1
20,-80,-42
-18,-128,24
42,-44,-1
21,-58,7
14,-92,8
0,-121,-4
-35,-128,-42
-6,-76,38
8,-45,44
-36,5,-34
-18,34,-3
-56,31,-17
-21,10,-32
7,-19,-26
22,-43,-10
23,-69,10
102,-128,33
127,-128,49
127,-81,59
127,-128,87
-128,-118,-128
-37,-71,-2
-4,-128,-16
28,-60,-3
28,-44,3
33,-47,9
10,-93,3
11,-101,1
-31,-128,-32
-7,-85,29
-18,-55,36
-27,16,-31
17,55,-9
-40,23,-23
-33,12,-7
-9,-20,-9
24,-57,-3
33,-77,13
104,-128,21
127,-128,29
119,-91,30
57,-30,46
127,-76,66
-128,-102,-105
-32,-77,-16
10,-128,-32
38,-63,-7
25,-60,0
22,-87,7
-4,-128,6
-39,-128,-53
-28,-113,-58
-71,5,-8
-69,18,-35
-108,40,-44
-20,19,-5
11,1,-5
52,-63,23
83,-125,32
125,-128,39
104,-128,32
68,-104,25
-16,-24,24
2,-24,28
127,-128,76
-16,-114,-23
-5,-65,-5
-18,-115,58
32,-93,-9
17,-86,16
15,-81,-9
12,-78,-22
4,-75,-3
-10,-80,0
0,-102,-12
-19,-103,-27
-19,-58,-39
-2,-80,-33
-7,-64,-43
36,-17,-24
37,-11,-19
-1,-37,-26
-4,-88,-18
-5,-110,-14
65,-128,41
87,-128,63
127,-115,64
127,-73,71
-57,-59,-99
127,-128,13
5,-106,39
29,-56,19
8,-60,0
14,-67,-3
24,-66,-5
19,-67,-1
6,-69,-4
7,-62,-6
12,-57,-6
7,-57,-11
3,-54,-6
4,-57,-4
6,-60,-6
1,-71,-4
-2,-76,-2
-1,-86,-6
-12,-90,-7
-19,-87,-12
-17,-86,-42
29,-113,-8
20,-110,11
24,-79,-7
12,-44,-15
-19,1,-23
-21,13,-14
-22,6,-4
-20,-7,-3
-23,-38,-2
-8,-112,-13
17,-128,-8
127,-128,104
127,-128,127
-14,-101,7
4,-65,-4
3,-65,-8
-5,-62,-20
-4,-48,-27
1,-59,-12
-2,-60,-5
3,-63,-19
-4,-63,-14
-7,-63,-13
-1,-60,-14
-3,-61,-14
-2,-61,-14
-8,-64,-14
-9,-65,-9
-5,-63,-15
-3,-63,-13
-2,-62,-12
-5,-62,-14
-5,-62,-14
-5,-62,-14
-5,-62,-13
-4,-63,-11
-3,-63,-11
-2,-62,-11
-3,-62,-11
-3,-63,-10
-2,-62,-10
-1,-62,-11
-1,-62,-12
-1,-63,-11
-2,-63,-10
-1,-63,-11
-1,-63,-10
-1,-62,-10
-1,-63,-11
0,-63,-11
-2,-62,-11
-2,-64,-11
-3,-62,-13
-3,-62,-13
-2,-62,-13
-2,-62,-17
-2,-62,-15
-3,-62,-14
-3,-62,-15
-2,-62,-16
-3,-62,-14
-4,-62,-14
-3,-62,-15
-3,-62,-15
-3,-62,-15
-2,-62,-15
-3,-62,-15
-3,-62,-15
-3,-62,-15
-3,-62,-15
-3,-62,-15
-3,-62,-16
-4,-62,-14
-3,-62,-16
-4,-62,-14
-4,-62,-15
-4,-62,-14
-3,-62,-15
-3,-62,-14
-3,-62,-15
-4,-62,-14
-4,-62,-15
-3,-62,-14
-4,-62,-14
-4,-62,-14
-4,-62,-13
-4,-62,-13
-4,-62,-13
-4,-62,-13
-4,-62,-13
-4,-62,-13
-4,-62,-13
-4,-62,-12
-4,-62,-13
-4,-62,-13
-4,-62,-13
-4,-62,-13
-4,-62,-13
-4,-62,-13
-4,-62,-13
-4,-62,-13
-4,-62,-13
-4,-62,-13
-4,-62,-13
-4,-62,-13
-4,-62,-14
-4,-62,-15
-4,-63,-12
-4,-63,-15
-5,-63,-14
-5,-63,-13
-5,-62,-13
-4,-63,-12
-5,-62,-11
-5,-60,-11
-5,-62,-6
-1,-63,-7
2,-64,-8
0,-64,-8
-2,-63,-9
-2,-63,-13
-2,-63,-13
-6,-62,-12
-7,-62,-12
-4,-64,-9
-3,-64,-10
-4,-64,-7
-3,-65,-4
-3,-66,-5
-1,-71,-3
-6,-78,-8
-6,-80,-13
-32,-95,-11
-44,-104,6
-8,-102,-48
35,-98,-20
44,-81,-10
-7,-40,-11
-15,-18,-11
-37,-19,-21
-34,-25,-10
-31,-40,1
-32,-61,11
-32,-74,13
-3,-112,11
11,-128,13
74,-128,20
109,-114,27
127,-92,29
-11,-74,10
-41,-58,4
30,-94,-25
-2,-64,0
2,-58,-3
2,-65,-9
1,-63,-7
3,-63,-6
5,-64,-10
5,-64,-11
2,-64,-10
2,-66,-12
0,-66,-8
1,-66,-9
0,-68,-4
-1,-72,-4
-6,-83,-12
-30,-99,-12
-37,-100,-24
-33,-99,-53
7,-128,-22
43,-116,11
-3,-55,-26
16,-21,-5
-22,-8,-24
-21,-7,-14
-18,-26,-9
-18,-30,-9
-17,-58,-7
-24,-90,-4
1,-128,-7
68,-128,30
107,-128,30
127,-107,53
-117,-72,-73
24,-86,26
127,-128,-21
-14,-74,9
11,-44,-2
2,-60,-2
-2,-68,-5
7,-63,-6
9,-64,-11
3,-64,-10
0,-65,-10
2,-65,-15
-4,-64,-9
-3,-67,-8
-3,-69,-7
-4,-75,-11
-10,-86,-11
-18,-92,-15
-41,-99,-34
2,-126,-27
18,-128,-10
13,-93,-6
-3,-69,-23
-6,-17,-20
-22,-2,-9
-26,-9,2
-21,-29,7
-21,-42,7
-18,-70,3
-14,-118,7
35,-128,20
113,-128,22
127,-115,26
117,-94,24
-47,-83,-47
118,-128,33
8,-56,-12
1,-46,-3
2,-66,-11
3,-66,-11
7,-65,-8
4,-65,-9
5,-65,-12
3,-64,-10
2,-64,-11
0,-63,-11
0,-63,-7
-1,-68,-1
-2,-72,-8
-4,-75,-7
-12,-84,-8
-27,-91,-30
-27,-92,-48
11,-128,-24
-1,-126,-16
16,-91,-10
0,-64,-18
-9,-18,-18
-37,-11,0
-36,-17,9
-32,-44,24
-31,-54,27
-33,-76,23
-44,-89,27
23,-128,24
85,-128,14
111,-125,16
127,-85,17
109,-68,15
20,-65,21
127,-128,1
-43,-65,10
9,-49,-6
3,-64,-8
0,-66,-3
4,-65,-3
5,-63,-4
4,-63,-13
3,-61,-11
1,-64,-10
2,-64,-10
-5,-63,-12
-8,-65,-9
-8,-67,-15
-1,-73,-11
-1,-79,-8
-12,-88,-16
-16,-93,-13
-36,-95,-19
4,-117,-26
9,-121,-19
26,-92,4
7,-71,-13
8,-22,-8
-16,-3,-17
-21,-7,-10
-16,-23,-3
-16,-32,-2
-18,-57,-5
-26,-90,5
1,-128,2
63,-128,24
99,-128,18
127,-100,55
91,-97,31
11,-72,21
57,-126,3
-13,-59,-3
3,-56,-6
5,-62,-8
-2,-64,-12
-1,-65,-10
-1,-65,-16
1,-62,-15
4,-64,-14
2,-63,-14
1,-63,-11
4,-64,-7
3,-67,-7
0,-68,-9
3,-73,-10
0,-77,-8
-11,-87,-14
-24,-93,-31
-24,-96,-47
1,-119,-13
29,-113,2
7,-72,-12
6,-24,-12
-18,-5,-25
-38,-14,-1
-35,-23,5
-26,-44,8
-25,-55,8
-32,-84,7
17,-128,6
43,-128,23
117,-113,30
120,-107,45
22,-80,-20
-17,-66,18
1,-61,12
-17,-62,8
10,-58,-10
6,-62,-7
2,-66,-11
2,-63,-9
5,-64,-14
2,-62,-12
1,-65,-14
-3,-64,-12
-3,-64,-10
1,-65,-6
1,-68,-2
-5,-72,-6
-6,-76,-5
-8,-85,-8
-20,-94,-16
-28,-95,-43
-3,-127,-28
11,-124,1
21,-92,0
4,-64,-16
13,-18,-11
-15,2,-16
-26,-6,-5
-23,-27,3
-23,-39,5
-21,-64,0
-30,-96,8
-1,-128,9
58,-128,27
109,-118,51
122,-109,59
108,-95,34
23,-67,24
3,-71,-6
76,-128,-11
10,-60,-11
9,-51,-12
3,-63,-10
2,-62,-7
4,-63,-10
3,-62,-16
2,-62,-15
56,-59,-9
-118,-72,-76
-6,-63,-14
3,-65,-10
-2,-69,-8
1,-74,-14
1,-78,-15
-15,-91,-10
-44,-96,-21
-45,-97,-45
-3,-119,-24
34,-119,4
1,-79,-24
25,-18,-10
-22,-13,-27
-23,-14,-11
-19,-22,-6
-18,-37,-6
-14,-51,-7
-13,-82,-8
24,-128,-6
44,-128,16
127,-120,-5
127,-107,18
-124,-70,-26
-19,-64,-4
62,-108,14
10,-67,-13
11,-42,-4
2,-65,0
0,-68,-3
2,-65,-3
7,-65,-6
0,-65,-4
-1,-66,-6
2,-66,-8
2,-64,-6
-1,-68,2
-3,-70,-2
-4,-78,-6
-9,-83,-6
-22,-96,-25
-37,-89,-46
-12,-98,-34
1,-112,-21
27,-113,4
8,-38,-20
16,-23,3
-16,-13,-20
-15,-16,-7
-17,-25,-3
-16,-42,-5
-13,-54,-3
-26,-87,4
35,-128,17
57,-128,22
125,-113,37
127,-105,49
-69,-91,-68
30,-93,41
48,-96,1
-2,-63,-4
12,-53,-13
7,-63,-8
0,-64,-7
3,-63,-7
5,-64,-14
5,-63,-13
3,-63,-10
2,-64,-11
-2,-63,-6
-2,-63,-8
2,-67,-4
-2,-72,-11
-2,-75,-12
-4,-86,-9
-9,-87,-11
-34,-97,-32
-8,-101,-42
-1,-123,-22
29,-118,-1
9,-91,-23
34,-11,16
1,-15,-16
-7,-3,-11
-14,-14,-8
-11,-32,-6
-10,-44,-5
-9,-60,-7
-26,-104,-2
43,-128,24
77,-128,25
127,-112,47
107,-100,45
5,-88,11
-10,-71,14
82,-121,-18
4,-62,-13
13,-55,-12
5,-64,-8
-2,-63,-7
3,-63,-7
6,-64,-14
3,-62,-11
-1,-65,-10
2,-64,-12
-1,-63,-12
0,-64,-11
-1,-69,-7
-2,-73,-12
-1,-75,-13
-5,-90,-7
-31,-100,-22
-49,-98,-28
4,-117,-30
6,-121,-16
7,-90,-14
-5,-72,-25
10,-20,-6
-11,-9,-17
-13,-11,-10
-15,-27,-8
-13,-37,-8
-10,-61,-8
-14,-105,-2
29,-128,-2
87,-128,21
127,-121,19
118,-101,45
-4,-92,-22
-17,-79,27
93,-128,-12
-5,-68,1
8,-51,-3
9,-59,-6
0,-66,-7
5,-63,-7
6,-64,-9
5,-63,-13
2,-63,-11
2,-64,-14
0,-63,-12
0,-62,-11
0,-68,-6
-2,-70,-8
-3,-73,-15
-1,-79,-12
-12,-89,-12
-42,-96,-27
-43,-97,-41
2,-124,-20
33,-117,-6
3,-78,-25
23,-27,-10
-13,-12,-21
-20,-11,-11
-20,-17,-5
-14,-40,-4
-16,-49,-3
-19,-80,-2
21,-128,3
55,-128,17
115,-118,12
121,-91,44
91,-104,21
16,-80,41
-23,-69,-5
97,-128,-1
-9,-66,3
4,-52,-3
5,-62,-8
-1,-64,-9
2,-63,-9
5,-64,-14
1,-62,-12
0,-63,-10
1,-64,-12
0,-62,-12
1,-63,-11
3,-66,-8
-1,-67,-9
-1,-72,-12
-1,-77,-13
-3,-86,-11
-27,-95,-19
-41,-96,-36
-2,-124,-25
-5,-106,-21
16,-100,-12
35,-13,2
-11,-25,-14
-24,-9,-15
-24,-12,-8
-19,-25,-5
-12,-34,-7
-8,-60,-9
-14,-100,-9
27,-128,-17
74,-128,14
116,-123,19
122,-98,46
-97,-72,-32
4,-81,28
96,-120,-2
4,-83,-8
10,-44,-4
3,-64,-3
-1,-66,-5
6,-64,-5
8,-63,-6
8,-63,-10
4,-63,-8
1,-65,-9
2,-64,-9
1,-62,-7
2,-67,-4
1,-69,-6
1,-76,-8
-3,-87,-11
-15,-96,-18
-37,-99,-34
-44,-104,-52
4,-112,-13
37,-111,5
1,-67,-23
-8,-19,-18
-18,-9,-22
-21,-14,-7
-22,-21,-4
-13,-38,-2
-9,-66,-7
-15,-79,1
21,-128,7
44,-128,25
127,-108,28
115,-96,42
17,-89,-34
-19,-70,25
-13,-63,14
-15,-68,5
5,-50,-6
9,-58,-6
0,-65,-10
1,-63,-7
5,-64,-11
5,-63,-11
2,-64,-14
1,-63,-14
1,-62,-15
3,-62,-14
0,-65,-12
-3,-72,-12
-4,-74,-11
-4,-89,-10
-27,-101,-20
-51,-101,-22
-6,-122,-23
-4,-119,-23
22,-94,-11
37,-11,-3
-17,-24,-21
-19,-9,-21
-15,-21,-5
-10,-29,-8
-6,-35,-10
-10,-67,-13
9,-128,-11
42,-128,7
97,-128,25
127,-113,26
102,-96,37
39,-81,39
-10,-74,1
65,-128,-13
-5,-64,-4
6,-56,-7
-2,-65,-8
-4,-64,-9
-1,-63,-8
2,-64,-9
1,-62,-11
0,-63,-12
1,-66,-10
3,-65,-6
5,-66,-4
1,-70,-4
1,-73,-5
-1,-81,-5
-18,-95,-11
-25,-101,-22
-33,-96,-41
9,-117,-11
37,-116,-3
25,-98,-2
27,-9,1
-10,-14,-24
-13,-9,-16
-15,-18,-7
-17,-27,-6
-12,-44,-5
-17,-78,-5
-22,-103,-4
32,-128,20
77,-128,31
124,-104,36
118,-100,42
-109,-72,-98
-26,-66,12
40,-79,4
-6,-63,4
15,-62,-11
6,-62,-7
-3,-64,-9
0,-63,-8
2,-64,-13
2,-63,-14
-1,-64,-13
0,-64,-14
2,-63,-14
1,-65,-9
0,-66,-4
-2,-70,-9
-1,-73,-11
-4,-86,-10
-27,-103,-22
-43,-104,-18
-5,-110,-36
-9,-128,-22
21,-99,2
27,-23,-9
14,-24,1
-15,-2,-16
-19,-3,-12
-14,-21,-5
-10,-30,-5
-10,-53,-6
-22,-86,-2
-8,-127,-9
53,-128,23
122,-111,21
127,-94,45
-70,-80,-67
1,-76,11
-6,-64,16
100,-128,-17
9,-66,-13
7,-59,-7
2,-63,-6
0,-64,-7
3,-63,-7
7,-63,-13
5,-62,-12
0,-65,-11
1,-64,-12
0,-63,-11
2,-66,-10
-1,-67,-3
0,-71,-10
-3,-82,-9
-6,-89,-11
-28,-98,-19
-42,-98,-48
8,-128,-25
1,-115,-27
15,-91,-12
35,-10,5
0,-21,-11
-17,-3,-16
-13,-14,-5
-14,-22,-4
-12,-41,-4
-9,-60,-6
-26,-106,-3
21,-128,3
63,-128,13
107,-123,10
112,-96,40
-62,-80,-41
-5,-87,24
58,-96,0
20,-94,-12
13,-54,-18
8,-62,-5
0,-65,-3
2,-63,-6
3,-63,-6
7,-64,-11
1,-64,-7
1,-65,-9
2,-63,-10
2,-64,-7
3,-64,-4
5,-67,-4
4,-69,-8
3,-76,-6
2,-81,-7
-11,-90,-13
-14,-92,-19
-17,-88,-40
7,-106,-3
29,-102,0
24,-73,-12
7,-22,-15
-16,-8,-27
-22,-6,-17
-25,-19,0
-17,-40,2
-16,-51,0
-14,-80,8
7,-105,7
36,-128,20
13,-123,63
7,-110,60
42,-90,52
32,-85,22
-10,-80,10
-4,-94,24
-1,-64,-1
7,-55,-21
8,-58,-13
-1,-62,-11
-2,-63,-10
7,-62,-17
4,-61,-17
2,-61,-18
1,-63,-16
2,-63,-16
2,-61,-13
3,-62,-11
5,-62,-10
4,-64,-13
4,-64,-12
2,-65,-14
2,-64,-13
6,-64,-10
11,-63,-7
49,-61,-42
40,-60,-81
14,-54,-58
-1,-53,-60
-28,-53,-44
-39,-55,-28
-77,-67,4
-75,-61,11
-87,-72,-18
-27,-70,1
8,-60,-32
3,-60,-27
-8,-59,-19
-18,-65,-6
-12,-65,-6
-9,-62,-16
-2,-62,-16
-3,-62,-16
-8,-63,-11
-4,-64,-15
-4,-61,-12
-1,-63,-13
-2,-64,-13
-3,-62,-10
0,-61,-12
1,-61,-13
2,-60,-12
1,-62,-11
3,-62,-10
4,-62,-10
4,-64,-10
1,-64,-9
3,-63,-16
2,-63,-16
1,-63,-14
3,-62,-13
3,-62,-13
4,-62,-11
5,-63,-11
5,-64,-11
5,-64,-10
4,-64,-11
6,-66,-10
7,-67,-10
9,-67,-13
6,-70,-9
0,-73,-9
-8,-75,-7
-11,-73,-10
-14,-81,-22
0,-92,-23
16,-100,-15
38,-87,14
29,-72,-4
34,-23,7
-7,-20,-16
-22,-16,-8
-24,-30,2
-22,-33,0
-13,-49,-2
-11,-61,-6
-11,-90,-3
16,-128,-7
31,-128,6
69,-111,23
96,-91,29
62,-91,21
-52,-68,-53
-20,-63,5
69,-114,14
-4,-78,-11
7,-51,-9
7,-59,-6
0,-64,-10
1,-63,-7
7,-63,-6
5,-63,-8
3,-62,-8
3,-63,-10
2,-63,-9
2,-63,-10
2,-63,-9
1,-65,-6
1,-67,-11
3,-69,-13
4,-75,-12
-2,-80,-7
-11,-85,-10
-24,-87,-15
-30,-89,-25
16,-121,-19
14,-99,2
19,-77,-4
16,-7,-5
-1,-20,-13
-23,-11,-15
-27,-16,-6
-18,-38,2
-15,-58,3
-22,-71,-3
-7,-111,0
26,-128,8
51,-128,10
96,-96,19
96,-80,33
49,-89,2
-73,-63,-87
-35,-64,7
97,-122,34
-6,-59,3
1,-58,-4
2,-62,-8
1,-65,-6
3,-65,-7
4,-64,-10
4,-64,-11
3,-64,-10
2,-65,-10
3,-64,-11
1,-64,-10
1,-65,-6
4,-65,-4
2,-68,-6
0,-66,-12
1,-76,-9
1,-81,-8
-15,-90,-13
-38,-96,-40
-11,-103,-42
13,-102,-16
36,-102,11
-2,-59,-18
-3,-19,-15
-11,-9,-21
-16,-17,-11
-12,-24,-8
-5,-43,-7
-5,-51,-7
-13,-79,-10
7,-128,-13
24,-128,7
62,-118,22
94,-105,17
88,-85,33
-35,-82,-50
-3,-78,17
71,-125,-7
-11,-59,1
2,-53,-1
4,-59,-4
0,-65,-5
3,-63,-8
1,-64,-6
1,-65,-14
0,-63,-15
4,-63,-17
2,-62,-14
0,-65,-10
-1,-68,-4
-5,-72,-9
-1,-73,-9
-2,-76,-10
-11,-86,-16
-38,-95,-33
-32,-96,-44
-3,-128,-16
23,-111,-13
3,-81,-21
4,-22,-5
-11,-9,-20
-15,-9,-9
-19,-19,-4
-17,-41,1
-16,-65,-1
-19,-82,2
12,-128,10
42,-128,13
96,-120,13
117,-91,37
108,-85,27
-117,-57,-101
-14,-70,33
73,-96,-12
37,-128,1
14,-59,-13
10,-60,-7
4,-64,-9
-1,-63,-7
1,-62,-7
5,-64,-13
2,-63,-12
-2,-64,-13
1,-63,-16
1,-62,-18
-2,-66,-11
-2,-69,-9
-3,-72,-10
0,-83,-8
-3,-86,-9
-21,-95,-23
-37,-91,-38
7,-103,-24
21,-115,-11
21,-106,7
10,-41,-19
28,-17,5
-10,-11,-15
-11,-9,-10
-16,-22,-5
-6,-39,-5
-6,-48,-3
-17,-78,-5
-19,-110,-6
50,-128,14
118,-117,9
123,-99,26
74,-103,20
-69,-72,-56
-32,-62,22
-10,-51,-2
35,-125,8
12,-60,-12
3,-63,-9
-2,-63,-8
-2,-63,-6
1,-65,-8
3,-63,-13
1,-63,-12
3,-64,-14
4,-63,-13
-1,-63,-8
-2,-65,-5
-2,-68,-7
0,-73,-13
1,-79,-8
-6,-86,-12
-15,-92,-17
-34,-91,-28
5,-122,-25
-4,-112,-19
18,-93,-6
10,-73,-22
-1,-22,-10
-15,-7,-16
-18,-12,-9
-19,-28,-3
-18,-39,-1
-17,-70,-3
-24,-84,4
13,-128,1
50,-128,19
96,-121,16
114,-94,57
77,-107,25
8,-76,-6
-24,-50,8
-6,-42,-23
-18,-63,10
16,-61,-14
5,-62,-9
-2,-63,-10
1,-61,-9
5,-64,-14
4,-63,-15
0,-63,-14
2,-63,-16
3,-63,-15
4,-64,-10
2,-67,-8
1,-71,-10
2,-74,-13
-3,-87,-14
-20,-97,-10
-47,-98,-20
-12,-128,-28
11,-111,-26
29,-90,-10
35,3,-3
-5,-20,-15
-23,-12,-16
-30,-18,-6
-19,-33,3
-18,-42,2
-22,-70,-2
-14,-114,-1
16,-128,0
70,-128,3
109,-115,9
122,-93,32
75,-93,15
22,-77,41
-1,-60,13
83,-128,-19
12,-66,-6
8,-54,-6
2,-63,-5
-2,-63,-3
0,-63,-4
4,-64,-9
-1,-64,-10
-1,-64,-11
-1,-64,-11
0,-63,-9
0,-65,-3
1,-67,-3
1,-70,-5
-1,-74,-8
-1,-84,-8
-17,-95,-19
-33,-97,-22
-14,-99,-49
-12,-125,-21
37,-107,2
-2,-58,-20
24,0,4
-17,-9,-20
-24,-10,-10
-25,-27,2
-24,-35,2
-23,-59,5
-24,-92,3
-17,-124,-6
38,-128,17
84,-128,9
127,-94,41
46,-102,1
-128,-60,-103
-23,-69,13
-22,-47,-9
5,-95,6
3,-62,-4
7,-57,-7
-2,-65,-8
-2,-63,-8
0,-63,-8
0,-63,-11
-1,-64,-12
-4,-64,-11
-2,-64,-11
-1,-63,-14
-3,-64,-12
-3,-67,-8
-2,-70,-8
1,-79,-11
-12,-98,-8
-25,-106,-13
-49,-101,-47
-23,-105,-55
21,-100,-10
17,-73,-20
7,-13,-17
-16,-3,-29
-18,-6,-19
-18,-17,-5
-17,-37,-3
-20,-51,-2
-20,-87,-3
-23,-107,0
21,-128,19
55,-128,13
127,-100,32
87,-98,25
-112,-75,-100
-25,-73,9
-22,-51,5
-16,-66,8
11,-51,-9
5,-59,-6
-4,-64,-8
-1,-63,-8
3,-63,-9
4,-63,-11
-1,-63,-14
0,-64,-13
-1,-64,-13
-2,-63,-10
-1,-70,-3
-2,-72,-10
-4,-81,-11
-9,-90,-12
-31,-102,-18
-60,-106,-36
-1,-128,-25
11,-111,13
21,-83,-15
25,-3,1
-16,-7,-30
-23,-6,-15
-21,-15,-9
-17,-36,-4
-18,-61,-5
-12,-79,-9
6,-128,-19
31,-128,6
97,-124,1
127,-96,46
82,-104,30
44,-78,33
-21,-58,5
112,-128,-20
-11,-73,-2
12,-53,-10
3,-64,-7
-2,-64,-8
1,-63,-5
2,-65,-8
0,-64,-10
0,-64,-12
1,-64,-13
-3,-64,-11
-5,-64,-8
-5,-71,-4
-4,-75,-9
-6,-81,-8
-19,-92,-10
-30,-97,-24
-37,-96,-47
3,-111,-48
21,-108,-18
4,-78,-23
14,-32,-5
-5,-8,-21
-10,-6,-19
-16,-13,-6
-17,-34,1
-20,-47,2
-18,-74,1
-27,-92,1
19,-128,12
49,-128,16
127,-111,29
99,-106,21
-44,-78,-55
-24,-85,17
-11,-56,10
65,-128,3
9,-46,-12
6,-56,-4
-1,-65,-9
-2,-64,-9
3,-63,-12
7,-63,-16
2,-62,-12
2,-64,-13
4,-63,-14
1,-63,-12
-1,-65,-9
0,-68,-10
-2,-75,-18
-3,-81,-9
-8,-91,-12
-21,-100,-21
-46,-96,-34
-19,-125,-20
28,-109,-12
19,-87,-29
30,-18,-17
-16,-14,-22
-23,-9,-16
-22,-16,-5
-10,-31,-7
-8,-43,-8
-16,-73,-6
-23,-101,-4
35,-128,16
70,-126,16
110,-108,30
74,-100,34
-56,-86,-70
-18,-94,13
-5,-59,-5
61,-112,-11
5,-57,-10
9,-59,-11
-1,-64,-12
0,-61,-9
-1,-63,-12
-2,-62,-13
-2,-63,-12
0,-64,-13
1,-64,-12
2,-65,-10
3,-66,-6
2,-69,-8
1,-75,-13
1,-82,-8
-10,-91,-12
-20,-97,-20
-38,-90,-38
-20,-120,-23
23,-105,-21
15,-90,-18
5,-22,-24
-20,-16,-28
-18,-12,-13
-15,-19,-8
-11,-34,-7
-13,-64,-9
-23,-76,-1
-8,-109,-2
32,-128,20
75,-128,16
116,-113,38
93,-109,26
-58,-76,-55
-21,-85,24
42,-79,-18
43,-121,8
15,-58,-11
7,-53,-8
-1,-64,-7
-1,-64,-7
4,-64,-9
5,-62,-12
3,-63,-10
7,-82,35
9,-64,-13
1,-65,-11
-1,-67,-7
1,-70,-9
-2,-76,-13
-2,-83,-10
-21,-98,-12
-29,-97,-17
-39,-93,-41
-6,-105,-28
48,-117,5
3,-78,-26
27,-7,-2
-15,-12,-26
-17,-11,-11
-12,-19,-7
-8,-32,-9
-9,-44,-10
-18,-76,-9
23,-128,-11
39,-128,19
117,-125,18
127,-106,43
33,-112,13
21,-71,52
-10,-77,14
101,-128,-21
-10,-66,5
13,-54,-9
3,-60,-5
-2,-63,-7
3,-62,-7
2,-63,-9
2,-63,-7
0,-65,-5
2,-64,-7
3,-65,-6
3,-67,-5
0,-70,-2
0,-75,-8
0,-80,-7
-3,-85,-10
-24,-97,-19
-28,-85,-36
6,-100,-30
11,-101,-30
43,-108,-4
-3,-31,-22
-30,-17,-33
-21,-18,-19
-18,-24,-6
-16,-28,-3
-18,-56,-3
-25,-71,3
-7,-128,7
37,-128,30
56,-128,27
110,-105,38
88,-95,18
30,-88,-33
-9,-81,29
-12,-65,9
21,-84,-4
23,-105,-12
15,-57,-11
12,-62,-10
-2,-63,-12
-1,-61,-7
2,-63,-10
1,-62,-11
0,-64,-11
2,-65,-14
5,-63,-15
1,-64,-10
-2,-68,-5
-1,-72,-7
-1,-80,-10
-4,-86,-10
-24,-98,-20
-44,-93,-37
-20,-112,-30
43,-111,-12
32,-106,1
24,-4,-13
-17,-15,-28
-18,-11,-19
-20,-19,-7
-17,-29,-4
-15,-49,-4
-28,-86,5
-14,-118,-1
34,-128,29
71,-128,25
118,-104,38
120,-99,30
-102,-71,-109
-42,-70,14
-20,-48,-4
-17,-65,14
12,-64,-9
6,-61,-8
-1,-64,-8
2,-62,-9
3,-64,-12
3,-63,-12
2,-63,-13
2,-64,-12
2,-62,-12
1,-63,-13
1,-64,-11
1,-69,-11
1,-72,-14
-3,-83,-11
-15,-95,-7
-30,-102,-16
-48,-88,-37
-19,-105,-27
38,-121,-13
27,-111,-43
22,-26,-27
-4,-14,-23
-7,-14,-17
-9,-16,-12
-9,-20,-11
-4,-35,-12
-8,-67,-14
-23,-87,-6
31,-128,-3
43,-128,21
119,-118,12
113,-88,41
13,-112,-11
19,-93,39
-29,-66,19
91,-113,-29
8,-67,2
8,-55,-4
2,-63,-6
-2,-64,-7
1,-62,-7
3,-64,-10
3,-63,-10
0,-64,-11
1,-65,-12
1,-65,-12
-1,-64,-12
-5,-68,-7
-2,-70,-13
-5,-78,-8
-15,-96,-9
-25,-99,-17
-56,-98,-41
3,-124,-19
26,-112,-17
-3,-81,-24
13,-16,-15
-22,-14,-30
-14,-12,-16
-12,-18,-12
-9,-31,-12
-5,-46,-14
-14,-82,-10
-3,-120,-21
54,-128,19
93,-128,19
127,-100,52
-50,-83,-38
-23,-90,-3
-10,-64,18
101,-116,-19
16,-69,-3
3,-57,-2
2,-64,-6
-1,-63,-4
3,-63,-6
6,-64,-11
2,-63,-9
0,-64,-8
1,-65,-9
-1,-65,-9
-1,-68,-5
-1,-70,-4
0,-75,-8
-4,-85,-7
-9,-87,-9
-30,-92,-28
-34,-93,-42
15,-128,-18
2,-109,-19
3,-89,-20
24,-9,2
-8,-17,-23
-17,-13,-11
-18,-16,-5
-20,-35,-5
-18,-59,-1
-14,-75,-5
-6,-128,-5
34,-128,14
74,-128,20
124,-99,71
97,-110,39
32,-97,-7
-43,-93,25
-13,-47,-15
88,-128,-3
12,-62,-11
10,-60,-6
4,-64,-7
5,-63,-9
4,-63,-9
9,-64,-16
5,-65,-13
2,-66,-13
2,-63,-10
3,-63,-9
-3,-68,-5
-3,-70,-5
-1,-74,-12
-4,-85,-9
-9,-87,-13
-38,-92,-35
-47,-93,-45
-6,-128,-22
21,-114,-1
8,-91,-27
21,-19,6
-2,-14,-22
-12,-10,-9
-14,-24,-5
-18,-38,-5
-16,-64,-7
-26,-77,2
10,-128,-4
68,-128,20
86,-121,20
125,-95,44
97,-101,21
1,-86,-25
-11,-92,15
93,-112,-29
7,-72,3
6,-54,-4
3,-62,-10
2,-65,-8
6,-64,-8
6,-64,-10
7,-62,-15
5,-64,-10
3,-63,-9
-1,-63,-9
-2,-62,-10
-2,-65,-9
0,-75,-10
-3,-79,-10
-5,-90,-10
-30,-101,-20
-39,-93,-28
-41,-87,-48
-3,-115,-10
18,-101,-8
1,-82,-32
-2,-20,-13
-12,-11,-26
-16,-12,-11
-18,-24,-9
-9,-34,-10
-7,-64,-12
-16,-83,-11
21,-128,-15
64,-128,24
108,-119,19
115,-89,56
66,-112,25
56,-87,24
-44,-75,11
16,-111,5
17,-60,-2
6,-54,-1
2,-64,-8
4,-63,-9
5,-63,-11
4,-63,-12
3,-63,-12
0,-63,-12
1,-64,-13
0,-63,-13
-2,-62,-13
-3,-70,-9
1,-76,-12
-2,-82,-9
-13,-93,-6
-22,-98,-17
-43,-95,-45
10,-128,-14
11,-105,-15
-3,-83,-21
-2,-41,-17
-13,-11,-24
-10,-11,-12
-14,-17,-10
-15,-33,-6
-13,-44,-6
-26,-82,0
-18,-119,-4
38,-128,20
116,-115,23
127,-100,51
22,-97,4
-77,-75,-74
-49,-63,31
3,-79,3
4,-69,10
8,-59,-3
7,-64,-7
5,-63,-7
7,-63,-7
7,-64,-13
4,-64,-10
4,-65,-11
2,-61,-17
-1,-60,-14
-4,-66,-9
-4,-70,-8
-3,-74,-13
-6,-89,-7
-11,-92,-10
-38,-96,-22
-48,-92,-42
-7,-128,-23
20,-106,-1
9,-87,-26
9,-25,4
-14,-10,-20
-13,-11,-12
-15,-29,-5
-13,-36,-3
-22,-64,-6
-30,-79,0
9,-128,-7
74,-128,2
127,-123,-3
127,-92,25
71,-104,-6
20,-98,22
-14,-61,1
34,-103,-9
10,-45,-7
1,-56,1
1,-66,-7
0,-65,-5
4,-64,-6
8,-64,-11
6,-64,-10
2,-65,-8
2,-64,-7
0,-63,-7
1,-65,-4
1,-69,-7
-1,-77,-8
-2,-83,-7
-16,-92,-16
-25,-97,-27
-27,-92,-41
-14,-112,-24
35,-115,3
1,-76,-32
37,-9,2
-15,-13,-22
-18,-8,-7
-19,-20,-2
-15,-40,-1
-14,-54,3
-39,-86,8
-26,-120,-7
38,-128,15
123,-114,10
127,-99,23
87,-90,7
-107,-78,-102
-28,-73,2
83,-128,-9
-11,-64,2
6,-53,-9
5,-59,-7
-3,-64,-6
-1,-62,-7
-1,-64,-9
1,-63,-14
0,-63,-13
0,-64,-14
2,-63,-13
1,-63,-14
0,-68,-4
-2,-68,-6
0,-74,-12
-1,-83,-9
-13,-91,-7
-24,-95,-16
-39,-85,-37
-12,-117,-15
21,-111,-12
22,-91,-17
-6,-49,-35
-18,-19,-29
-13,-15,-16
-12,-18,-10
-9,-30,-10
-7,-42,-14
-14,-72,-11
22,-128,-16
40,-128,-4
76,-118,9
84,-106,14
80,-84,35
69,-95,16
-92,-103,-50
-7,-59,13
82,-98,-24
6,-76,-2
17,-50,-9
2,-63,-6
0,-64,-6
1,-63,-6
9,-64,-13
9,-63,-11
1,-64,-6
2,-64,-8
4,-63,-8
3,-64,-3
2,-65,-3
2,-70,-7
1,-77,-8
1,-81,-10
-10,-89,-10
-22,-98,-17
-36,-90,-38
5,-106,-27
28,-115,-7
31,-101,2
7,-14,-16
-17,-10,-28
-21,-10,-17
-18,-23,-4
-15,-31,-3
-11,-59,-4
-27,-87,9
8,-123,9
40,-128,16
45,-128,6
80,-97,28
52,-80,22
43,-88,8
-71,-74,-85
-21,-74,11
-28,-63,12
68,-98,-28
6,-65,-10
10,-61,-6
-3,-62,-7
-3,-62,-9
2,-64,-8
10,-63,-10
4,-63,-10
4,-63,-10
6,-63,-11
4,-63,-10
3,-63,-10
4,-64,-7
1,-68,-6
2,-73,-4
1,-80,-8
-3,-83,-9
-10,-86,-11
-31,-96,-24
2,-106,-36
-5,-122,-18
36,-97,5
18,-78,-18
0,-27,-13
-22,-10,-15
-26,-13,-5
-21,-29,-1
-18,-42,-1
-15,-70,-1
-28,-82,4
24,-128,2
53,-128,1
76,-120,8
98,-85,36
85,-81,25
-105,-72,-91
-24,-77,14
-4,-58,-3
19,-104,-11
-4,-62,-3
16,-61,-12
8,-64,-9
-4,-63,-6
0,-63,-7
4,-63,-9
4,-63,-9
0,-64,-6
3,-64,-9
2,-65,-7
1,-65,-7
2,-69,-7
4,-71,-7
1,-75,-11
-4,-86,-14
-16,-97,-17
-34,-96,-28
-24,-96,-41
1,-99,-19
40,-110,6
2,-68,-22
-11,-21,-20
-18,-10,-21
-22,-15,-2
-20,-26,-1
-15,-42,-2
-12,-71,-2
-19,-85,4
19,-128,7
35,-128,18
77,-117,12
103,-101,30
81,-89,20
12,-89,5
-24,-79,10
49,-92,-5
-1,-68,-6
10,-58,-10
6,-62,-9
-2,-63,-7
0,-63,-8
1,-64,-8
5,-63,-13
5,-62,-11
1,-64,-12
4,-62,-13
2,-64,-9
2,-65,-6
3,-66,-4
4,-70,-10
0,-79,-9
-1,-84,-10
-13,-95,-17
-30,-97,-14
-14,-101,-34
-4,-118,-15
38,-106,14
-4,-55,-24
-12,-18,-22
-12,-9,-20
-16,-11,-13
-15,-25,-4
-12,-42,-2
-9,-55,-2
-33,-82,1
-12,-119,0
23,-128,15
72,-121,6
101,-104,27
85,-86,23
44,-94,-9
13,-77,12
-14,-77,9
37,-88,4
-12,-63,-4
4,-58,-11
8,-65,-15
1,-63,-12
-4,-62,-6
-1,-65,-9
1,-63,-11
0,-63,-9
-2,-64,-8
-1,-64,-10
1,-63,-9
1,-65,-5
2,-67,-2
2,-68,-4
3,-73,-11
3,-79,-8
1,-83,-8
-10,-91,-16
-20,-89,-15
-18,-89,-35
6,-113,-15
31,-102,1
9,-67,-16
23,-10,10
-6,-12,-20
-12,-9,-13
-14,-22,-3
-12,-25,-1
-17,-49,-1
-30,-79,8
-19,-105,6
15,-128,21
42,-128,23
93,-109,17
110,-85,16
92,-81,-9
6,-84,7
-37,-64,13
-10,-77,-5
0,-56,-14
0,-59,-12
2,-63,-12
-2,-63,-9
-4,-63,-7
-2,-64,-8
2,-63,-11
-1,-63,-11
1,-63,-12
0,-64,-11
0,-64,-11
-2,-65,-7
-2,-65,-9
0,-70,-8
0,-74,-6
-3,-78,-4
-19,-96,-3
-34,-99,-4
-16,-96,-31
27,-93,-11
30,-82,0
26,-53,4
26,-16,5
-9,-16,-19
-10,-17,-14
2,-22,-7
9,-37,-4
7,-48,0
-16,-73,-7
-11,-94,-24
-2,-111,-54
43,-101,-82
69,-98,-81
84,-76,-37
70,-51,-86
88,-58,-29
41,-50,-17
-2,-58,-4
-44,-93,19
-7,-74,10
8,-62,-5
7,-64,-8
-4,-64,-1
-3,-64,-6
2,-64,-7
1,-64,-2
-2,-63,-1
0,-64,-6
2,-64,-6
2,-64,-6
1,-63,-2
1,-64,1
6,-63,-4
5,-64,-4
0,-64,-4
2,-66,-7
5,-67,-8
-3,-68,-6
-1,-70,-3
-8,-73,1
-25,-61,13
-17,-59,14
-39,-45,-14
-26,-45,-32
4,-49,-35
66,-58,-20
127,-105,18
-4,-73,8
-12,-69,-3
-11,-62,-6
-5,-63,-13
0,-63,-17
-10,-62,-20
-7,-63,-14
-3,-63,-11
-3,-63,-12
-2,-62,-14
-4,-63,-14
-4,-63,-12
-2,-63,-12
-1,-64,-11
-2,-62,-14
-2,-62,-13
-3,-62,-10
-1,-60,-13
0,-61,-13
-2,-59,-13
-5,-63,-16
-2,-65,-14
-1,-63,-16
0,-64,-14
-1,-61,-15
-1,-61,-11
0,-62,-13
0,-61,-11
-1,-63,-12
-1,-62,-13
-1,-62,-12
-1,-63,-13
0,-62,-15
0,-62,-13
-2,-63,-13
-1,-62,-15
-1,-62,-14
-1,-62,-14
-2,-63,-14
-2,-62,-13
-2,-62,-12
-2,-62,-13
-2,-62,-13
-2,-62,-11
-1,-62,-13
-1,-62,-14
-4,-63,-12
-3,-64,-11
-2,-62,-12
-2,-62,-12
0,-62,-12
-1,-62,-12
-2,-62,-12
-2,-62,-12
0,-62,-12
0,-63,-13
-1,-63,-15
1,-63,-16
1,-63,-15
1,-63,-13
1,-62,-13
1,-62,-13
2,-62,-11
3,-62,-10
4,-62,-10
5,-63,-9
7,-63,-7
7,-65,-4
11,-67,-2
12,-71,0
11,-75,-13
9,-79,-20
1,-83,-13
-6,-85,-12
-33,-86,-24
-39,-72,-36
-1,-105,-19
34,-128,-19
38,-128,-27
-17,-56,-33
-45,-34,-36
-31,-25,-24
-17,-23,-16
-29,-41,-21
-13,-67,-7
-1,-107,-13
25,-128,-2
79,-128,32
122,-128,24
127,-119,57
119,-118,37
21,-98,37
111,-128,-19
42,-78,1
5,-56,-4
-4,-65,-3
1,-66,-6
10,-59,-13
8,-59,-9
-5,-65,-7
-5,-65,-8
-4,-58,-12
-1,-67,-16
-2,-81,-11
-11,-90,-11
-12,-97,-15
-47,-107,-27
-65,-83,-44
-16,-114,-34
22,-128,-22
6,-128,-44
-22,-71,-35
-41,-31,-41
-6,-11,-14
-12,-10,-7
-22,-30,-12
-20,-61,-10
-22,-83,-1
28,-128,5
63,-128,25
127,-128,26
127,-112,63
-45,-109,-57
-29,-73,-6
1,-43,29
12,-55,11
21,-70,-7
4,-63,-5
7,-64,-6
8,-62,-4
3,-63,-14
-13,-78,-21
5,-68,-7
-1,-63,-13
0,-71,-9
-3,-80,-13
-6,-84,-15
-23,-97,-18
-63,-99,-48
-61,-96,-56
-25,-128,-31
42,-128,-7
5,-18,-29
-59,-56,-62
-17,-21,-24
-18,-21,-9
-22,-34,-6
-42,-69,0
-23,-91,8
12,-128,12
67,-128,35
126,-128,37
127,-123,50
-80,-128,-95
11,-105,57
-22,-24,14
41,-128,2
17,-55,-6
4,-63,-6
-2,-64,-12
3,-59,-11
0,-61,-12
-8,-66,-7
-2,-69,-11
9,-74,-13
-2,-83,-19
-13,-98,-24
-26,-97,-21
-80,-105,-45
-34,-128,-30
-13,-128,-28
-13,-119,-75
-30,-68,-42
-36,-25,-29
-23,-18,-15
-20,-20,-10
-18,-45,-16
-18,-59,-11
-10,-110,-7
53,-128,21
84,-128,24
127,-128,59
127,-119,71
-128,-96,-55
61,-124,67
127,-128,-12
29,-48,-2
6,-58,2
1,-65,-4
5,-66,-4
7,-63,-17
-4,-61,-6
-7,-65,-9
1,-65,-10
11,-69,-7
-4,-90,-9
-7,-99,-16
-27,-107,-30
-98,-113,-56
-101,-87,-49
9,-128,-18
109,-128,-20
-124,-107,-81
-33,-32,-49
-34,-25,-30
-23,-34,-22
-30,-52,-27
-15,-105,-11
38,-128,17
76,-128,31
127,-128,57
127,-120,84
-59,-128,-109
-22,-72,-9
36,-42,24
11,-46,1
24,-51,0
9,-64,-1
2,-66,-1
5,-64,-7
-3,-67,-7
-13,-77,-3
3,-65,-8
8,-67,-17
-9,-88,-18
-7,-96,-26
-56,-107,-48
-20,-128,-51
-34,-128,-20
15,-128,-66
-75,-38,-67
-46,-24,-41
-25,-10,-14
-23,-12,-9
-26,-42,-9
-27,-57,-3
-34,-109,-3
-4,-128,1
99,-128,28
127,-128,98
127,-128,71
127,-128,113
-19,-11,-6
121,-128,22
14,-57,1
5,-61,2
3,-66,-5
9,-63,-5
7,-58,-29
-2,-64,1
-11,-70,-1
22,-67,-27
-15,-102,-29
-25,-107,-23
-45,-109,-13
-112,-128,-75
-28,-128,-12
87,-128,-20
-31,-37,-62
-84,-26,-86
-36,-17,-29
-30,-26,-11
-28,-42,-14
-19,-78,-11
-11,-96,-15
15,-128,0
92,-128,40
127,-128,61
-80,-124,-81
127,-128,127
127,-128,-34
-3,-57,23
18,-56,2
0,-66,0
5,-63,-1
5,-65,-11
-11,-55,-19
27,-80,7
-5,-79,-17
9,-74,-23
-17,-95,-27
-32,-98,-12
-83,-125,-52
-83,-108,-83
17,-128,7
-51,-64,-77
-61,-84,-65
-38,-27,-27
-33,-19,-19
-22,-35,-10
-31,-60,-14
-23,-80,-7
-22,-128,-6
32,-128,13
127,-128,54
127,-128,71
-63,-128,-85
-41,-60,-7
107,-88,7
17,-49,-6
13,-53,-2
10,-64,1
9,-62,-2
9,-63,-2
4,-64,-19
0,-64,-10
-6,-75,0
12,-68,-15
1,-83,-16
-16,-95,-29
-31,-101,-27
-108,-122,-60
-68,-128,-48
50,-128,-17
-2,-52,-40
-62,-53,-66
-35,-9,-25
-28,-8,-18
-23,-30,-12
-29,-60,-9
-25,-81,-4
-24,-128,1
26,-128,26
127,-128,58
127,-128,83
-104,-128,-128
2,-94,-11
-19,-24,30
-18,-40,-3
13,-59,1
8,-63,2
6,-63,-1
10,-63,4
-1,-63,-19
-6,-57,-21
6,-67,-5
11,-73,0
-15,-90,-11
-25,-101,-30
-36,-108,-24
-119,-128,-72
-42,-128,-10
80,-128,-15
-26,-49,-56
-75,-46,-65
-32,-13,-20
-34,-17,-9
-35,-38,-3
-41,-52,-6
-19,-93,-4
13,-128,-3
127,-128,31
127,-128,54
127,-115,80
-57,-79,-27
127,-102,21
35,-128,39
17,-45,0
5,-58,1
2,-67,-5
2,-63,-10
2,-64,-19
1,-64,-12
-6,-66,-7
3,-67,-6
-6,-74,-4
-14,-96,-18
-40,-104,-19
-59,-119,-28
-76,-115,-56
-34,-128,-16
49,-128,-60
-77,-70,-68
-34,-22,-34
-21,-17,-22
-21,-22,-15
-18,-44,-14
-29,-57,-13
-15,-106,-11
21,-128,9
91,-128,26
127,-128,68
127,-117,81
99,-128,127
82,-61,0
127,-128,14
24,-55,6
7,-60,1
3,-65,0
8,-63,-2
8,-64,-10
6,-64,-19
-1,-65,-9
-7,-79,-4
0,-78,0
-14,-92,-35
-46,-106,-15
-75,-118,-27
-50,-128,-50
-39,-128,-16
45,-128,-86
-95,-36,-76
-45,-33,-42
-28,-18,-17
-25,-24,-13
-30,-50,-16
-7,-92,-13
-8,-125,-14
70,-128,33
127,-128,42
127,-115,85
123,-128,18
-9,-104,12
73,-128,28
27,-49,2
10,-58,1
7,-64,1
7,-64,-3
6,-63,-4
6,-65,-21
2,-67,-9
3,-71,-6
-10,-77,-6
-15,-77,-10
-24,-94,-16
-47,-108,-25
-83,-110,-51
-28,-128,-29
80,-128,-41
-36,-77,-85
-58,-27,-57
-32,-20,-26
-28,-22,-4
-32,-28,0
-45,-64,2
-27,-79,3
-15,-128,-4
47,-128,23
127,-128,28
127,-113,57
127,-128,31
95,-128,75
127,-128,-5
-10,-63,17
4,-52,0
4,-60,3
6,-64,1
7,-63,2
10,-66,-13
-1,-67,-7
-4,-70,0
-5,-70,-4
-1,-69,-7
-6,-91,-18
-33,-102,-13
-46,-109,-31
-65,-105,-74
-20,-128,-31
95,-128,-24
-11,-86,-74
-51,-32,-53
-17,-16,-18
-16,-18,-13
-18,-37,-9
-25,-47,-13
-21,-80,-1
-10,-128,-7
7,-128,8
127,-128,33
127,-128,68
127,-128,35
97,-125,99
-56,-2,-1
73,-128,28
15,-55,-7
1,-55,7
11,-65,1
9,-64,-3
5,-64,-12
6,-64,-16
0,-63,-9
2,-66,-10
5,-78,-6
-15,-89,-18
-18,-92,-18
-52,-122,-25
-75,-124,-54
-35,-128,-29
41,-128,-11
-32,-62,-74
-61,-34,-61
-44,-26,-38
-32,-31,-9
-29,-51,-12
-44,-79,-10
-5,-115,-21
27,-128,-14
113,-128,29
127,-128,48
127,-128,98
127,-128,101
-62,-27,21
-43,-26,32
14,-42,18
1,-64,6
16,-65,-10
12,-64,-14
2,-63,-10
2,-72,-12
-18,-82,-4
-6,-81,0
-2,-83,2
-30,-100,-44
-47,-82,-49
-76,-128,-54
-49,-128,-14
9,-128,-76
-28,-85,-29
-23,-23,-32
-15,-8,-12
-15,-15,-6
-22,-35,-3
-18,-47,0
-24,-81,-6
54,-128,21
100,-128,32
127,-126,69
-91,-96,-108
127,-128,86
93,-128,27
23,-32,-4
8,-56,2
8,-62,5
14,-65,3
11,-65,-1
5,-68,-21
-6,-68,-12
-18,-74,-4
10,-62,-10
3,-76,-15
-8,-85,-16
-29,-97,-19
-55,-100,-28
-34,-128,-48
-29,-128,-27
38,-128,-49
-11,-62,-51
-41,-24,-48
-29,-9,-10
-25,-18,-7
-28,-42,-11
-25,-62,-9
-15,-96,-11
28,-128,-7
60,-128,10
127,-127,46
127,-107,83
-128,-128,-107
78,-101,127
111,-128,40
27,-53,6
12,-55,-1
4,-68,0
9,-65,-4
11,-64,-11
9,-66,-17
-50,-102,-73
-5,-73,-4
5,-74,-9
-5,-80,-6
-5,-87,-21
-24,-93,-30
-79,-97,-52
-34,-118,-48
14,-128,-12
66,-128,-38
-2,-68,-26
-26,-20,-18
-20,-15,-6
-21,-31,0
-26,-37,1
-25,-61,-4
-15,-95,-8
-13,-119,-13
64,-128,21
119,-128,22
127,-120,70
127,-128,52
127,-128,97
127,-128,-6
21,-112,21
16,-50,-2
3,-58,0
1,-66,-1
11,-62,1
10,-65,-12
-1,-63,-18
-4,-64,-4
3,-68,-5
0,-65,-7
-2,-85,-16
-15,-95,-12
-21,-101,-18
-72,-124,-44
-13,-128,-21
-36,-128,-42
-3,-128,-56
8,-35,-29
-33,-22,-30
-21,-16,-11
-20,-25,-1
-24,-49,-7
-24,-63,-6
-17,-97,1
-13,-127,-9
69,-128,17
127,-128,26
127,-109,56
-128,-127,-79
105,-128,68
127,-128,0
-10,-70,21
0,-47,6
5,-64,0
7,-65,-1
9,-63,-4
1,-64,-18
2,-52,-8
-38,-58,-41
5,-68,-10
2,-74,-9
-6,-86,-3
-13,-97,-17
-26,-103,-17
-63,-119,-45
-23,-128,-31
-27,-122,-9
20,-128,-70
6,-44,-39
-36,-19,-38
-20,-12,-19
-17,-17,-10
-18,-36,-12
-21,-52,-10
-18,-88,-9
-7,-123,-11
55,-128,19
127,-128,24
127,-110,75
-96,-115,-104
87,-128,104
22,-38,-14
-8,-49,12
24,-56,-4
7,-63,-3
2,-64,-5
10,-62,-4
11,-64,-17
4,-57,-7
36,-63,-4
0,-64,-13
3,-66,-11
4,-77,-10
-7,-91,-14
-14,-95,-19
-26,-106,-26
-89,-100,-65
-36,-116,-42
27,-128,-15
33,-128,-50
-36,-77,-47
-24,-19,-21
-19,-18,-15
-15,-25,-7
-21,-39,-12
-22,-71,-7
-14,-128,-4
15,-128,3
85,-128,22
127,-128,29
127,-109,53
-79,-120,-29
45,-120,27
109,-110,7
95,-128,18
7,-52,1
4,-59,1
5,-64,-3
8,-63,-5
7,-64,-10
3,-66,-13
-1,-66,-6
1,-64,-7
0,-66,-7
1,-80,-7
-7,-93,-9
-18,-96,-15
-48,-111,-35
-93,-108,-56
-22,-128,-17
53,-128,-34
-8,-69,-57
-35,-25,-46
-12,-11,-12
-11,-12,-11
-18,-31,-11
-20,-45,-15
-22,-80,-2
-11,-109,-6
49,-128,14
86,-128,15
127,-112,41
100,-115,38
-119,-128,-41
-16,-31,-2
127,-128,7
22,-58,-8
5,-62,-3
7,-64,0
10,-65,0
8,-64,-2
7,-66,-11
3,-64,-7
1,-67,-5
4,-63,-5
2,-64,-4
1,-75,-7
0,-83,-5
-8,-91,-3
-25,-105,-13
-46,-107,-34
-14,-117,-23
-37,-114,-16
52,-113,-2
27,-34,-5
-27,-43,-33
-19,-21,-13
-10,-21,-9
-11,-42,2
-11,-53,4
-10,-84,-1
23,-128,-16
31,-128,-21
50,-117,-56
53,-96,-80
69,-65,-108
55,-42,-128
117,-60,-64
64,-69,-31
26,-71,-8
-24,-100,-2
-27,-93,10
10,-65,15
14,-63,7
11,-65,7
5,-65,9
1,-63,9
7,-64,3
2,-65,-1
0,-64,0
6,-66,-2
7,-64,-1
7,-64,-2
6,-64,2
6,-64,2
7,-63,-3
5,-63,-4
5,-64,-2
5,-64,-3
6,-64,-4
5,-64,-2
3,-66,-1
-3,-69,5
-2,-73,3
-22,-62,26
-19,-54,13
-14,-56,-2
14,-67,-28
35,-62,-43
8,-59,-38
-9,-56,-16
-10,-56,-11
18,-79,30
-4,-64,9
-3,-70,-12
4,-65,-3
4,-60,-6
-4,-64,-3
-5,-63,-2
-4,-64,-10
-6,-64,-9
-6,-64,-19
-3,-63,-14
-4,-64,-9
-6,-63,-8
-4,-62,-8
-3,-62,-12
-2,-62,-11
-4,-62,-12
-4,-63,-10
-4,-62,-11
-2,-62,-11
-2,-62,-11
-1,-63,-11
-4,-63,-13
-3,-64,-13
-3,-63,-13
-3,-63,-12
-3,-63,-12
-2,-62,-11
-3,-62,-12
-4,-62,-10
-4,-64,-12
-1,-62,-13
-2,-62,-13
-4,-63,-12
-1,-62,-14
-1,-63,-12
-1,-64,-13
-2,-62,-12
-1,-62,-9
-1,-63,-11
0,-61,-11
-1,-61,-11
-1,-62,-10
-1,-61,-16
-2,-65,-16
-4,-65,-10
-1,-62,-12
-1,-63,-11
4,-62,-12
5,-62,-10
6,-62,-8
2,-64,-7
3,-62,-8
5,-63,-8
4,-63,-13
2,-62,-21
6,-63,-15
0,-64,-6
10,-67,-10
13,-72,-12
3,-75,-9
0,-82,-7
-9,-88,-12
-23,-84,-27
-32,-74,-32
-44,-87,-26
-42,-128,-16
31,-128,-2
-8,-128,-48
-18,-128,-32
-20,-28,-19
2,-3,-18
1,17,-38
6,4,-33
-6,-20,-22
25,-65,13
80,-105,34
127,-128,125
127,-123,127
127,-128,-20
-91,-69,83
25,-76,22
27,-72,6
32,-84,2
-14,-128,0
-50,-128,-11
-104,-74,-63
94,-85,-38
-29,-49,-30
9,-128,-30
-14,-128,-66
-75,-128,-55
-32,-24,-62
-7,55,-40
-10,59,-53
-24,-3,-45
-10,-40,-17
48,-71,30
98,-104,48
127,-128,122
127,-128,127
84,-128,-117
50,-55,127
19,-79,10
35,-77,4
19,-114,3
-67,-128,-25
-123,-128,-62
125,-128,-3
37,-82,-42
6,-128,-9
-39,-128,-64
-56,-128,-63
-97,-108,-76
-69,-34,-72
-12,127,-36
-24,10,-44
-32,-39,-54
-2,-36,-8
37,-78,28
86,-128,25
127,-128,86
127,-128,63
111,-71,87
-22,-128,-128
5,66,74
18,-86,9
55,-97,-15
-59,-128,-19
-125,-128,-73
103,-128,-3
63,-89,-44
-4,-128,-13
-43,-128,-65
-67,-128,-57
-86,-114,-72
-70,-33,-75
-29,127,-72
-24,86,-61
-38,-48,-58
14,-61,-23
30,-73,0
114,-128,61
127,-128,86
127,-114,98
-67,-128,-128
127,-128,127
5,-84,23
59,-58,-23
-14,-128,-4
-52,-128,-21
-97,-108,-64
64,-106,-41
-8,-128,-19
2,-128,-49
-75,-128,-76
-105,-128,-65
-79,-4,-67
-27,67,-47
-30,72,-46
-44,-19,-43
-22,-68,-36
52,-65,25
102,-74,44
127,-128,57
127,-128,105
127,-74,86
127,-57,-60
-16,-128,127
41,-56,-20
48,-109,9
-53,-128,-9
-113,-128,-62
127,-128,-7
12,-128,-12
-2,-128,-21
-41,-128,-75
-80,-128,-80
-113,-118,-77
-83,-12,-74
-28,127,-50
-37,-42,-55
-32,-73,-57
12,-44,0
25,-46,29
127,-128,59
127,-128,127
127,-128,100
-62,-61,-73
127,-128,73
16,-51,23
37,-60,-17
-22,-128,2
-128,-128,-83
-25,-128,-43
3,-128,-61
28,-128,-37
-23,-128,-70
-94,-128,-72
-102,-128,-91
-80,62,-70
-96,127,-68
-60,-21,-32
-44,-107,-50
-30,-96,-38
58,-49,69
104,-80,78
127,-128,104
127,-128,117
72,-112,6
-66,-80,-5
29,-23,58
41,-82,5
35,-105,3
-82,-128,-32
-72,-127,-37
127,-128,-18
13,-128,-4
-14,-128,-53
-61,-128,-65
-71,-128,-64
-91,-110,-75
-35,107,-39
-30,127,-39
-49,-20,-54
-42,-70,-56
14,-48,-14
75,-51,44
112,-108,35
127,-128,120
127,-128,105
109,-48,89
-48,-128,127
85,38,9
63,-73,3
41,-113,-19
-90,-128,-35
-128,-128,-82
94,-110,-34
16,-128,-18
8,-128,-42
-51,-128,-61
-77,-128,-55
-92,-84,-65
-48,127,-36
-50,127,-44
-50,-11,-45
-48,-69,-52
-27,-67,-15
-7,-50,10
97,-95,47
127,-128,120
127,-128,106
-40,-67,-118
127,-128,127
-2,-93,2
45,-93,5
4,-128,-4
-102,-128,-60
-126,-103,-67
112,-106,-15
34,-116,-23
5,-128,-40
-43,-128,-63
-69,-128,-67
-93,-105,-68
-84,-23,-75
-44,127,-45
-52,-22,-54
-48,-86,-62
-6,-76,-13
38,-71,26
127,-128,42
127,-128,127
127,-128,99
28,-51,0
24,-109,-128
64,-28,49
55,-50,-5
25,-119,-6
-104,-128,-31
-128,-124,-103
116,-107,-23
21,-96,-36
18,-128,-22
-47,-128,-66
-77,-128,-70
-95,-128,-71
-84,-42,-69
-34,127,-40
-13,127,-44
-31,-52,-59
0,-67,-34
10,-54,-10
119,-82,63
127,-128,119
127,-128,127
114,-55,91
-107,-124,-128
43,18,28
29,-79,-4
27,-114,9
-2,-128,-2
-128,-128,-89
126,-128,-26
10,-125,-60
71,-128,-18
-3,-128,-53
-109,-128,-75
-114,-51,-76
-75,56,-63
-28,127,-58
-40,36,-49
-33,-78,-54
0,-37,0
42,-24,37
127,-116,49
127,-128,126
127,-128,87
127,-80,59
-48,-128,-128
48,-12,59
66,-60,-33
8,-128,-1
-67,-128,-5
-99,-77,-63
47,-99,-51
14,-128,-7
34,-128,-19
-11,-128,-45
-76,-128,-61
-95,-128,-67
-61,-8,-69
-22,127,-45
-22,61,-44
-38,-77,-56
-17,-81,-46
28,-70,6
127,-115,41
127,-128,66
127,-128,95
127,-74,93
101,-128,2
10,-68,27
37,-60,-16
8,-128,-4
-56,-128,-10
-113,-87,-62
69,-128,-10
0,-128,-19
18,-128,-31
-34,-128,-59
-81,-128,-51
-85,-128,-66
-68,22,-62
-40,127,-35
-42,41,-43
-33,-68,-58
-9,-64,-45
39,-43,19
81,-70,48
127,-128,88
127,-128,109
127,-76,89
95,-128,-3
-46,40,106
54,-61,-40
-8,-128,1
-42,-128,-14
-105,-81,-73
86,-128,-1
-6,-77,-33
-22,-128,-37
-35,-128,-54
-71,-128,-58
-84,-128,-63
-45,-35,-55
-10,26,-22
8,48,-29
-24,-56,-30
-24,-62,-27
38,-107,9
102,-128,39
127,-128,96
127,-57,103
127,-27,92
-42,-128,16
-86,-35,118
49,-72,-6
25,-100,16
-15,-128,9
-66,-122,-38
-76,-115,-21
51,-115,-10
15,-128,6
7,-128,-35
-58,-128,-69
-67,-128,-60
-43,-48,-38
-25,6,-9
11,22,-12
-3,-16,-16
-9,-63,-17
63,-116,24
108,-128,38
127,-128,69
127,-119,74
127,-37,70
-128,1,-119
-128,39,127
86,-47,-11
33,-92,-33
7,-128,-23
-34,-128,0
-69,-74,21
-12,-78,-13
-8,-92,-29
-15,-93,-59
10,-128,-40
-64,-106,-52
-29,-82,-39
-37,-39,-32
17,-23,-7
26,-47,-9
12,-65,-14
6,-46,-9
21,-95,-4
114,-128,-74
127,-128,-107
127,-96,71
8,-83,-128
-128,-128,35
18,-14,69
25,-56,31
14,-64,15
4,-72,10
11,-59,21
-2,-60,27
-2,-61,16
1,-69,3
-5,-70,6
-9,-66,8
4,-58,6
24,-42,2
33,-46,7
-22,-87,23
-9,-76,17
1,-68,10
-41,-88,16
-42,-86,-22
-16,-90,-58
-14,-128,-60
-14,-128,-21
-11,-128,-126
45,-81,-80
8,-37,-71
-16,27,-44
-23,26,-44
-17,-19,-24
18,-67,3
127,-128,45
127,-121,127
127,-74,127
-93,-72,-80
-69,-6,41
65,-56,25
27,-66,4
39,-74,-5
20,-103,7
-8,-128,-3
-65,-128,-43
72,-128,10
67,-66,-12
11,-128,3
16,-128,-38
-70,-128,-62
-78,-128,-69
-34,-12,-68
8,84,-52
-4,46,-57
-12,-25,-39
1,-38,-22
54,-73,15
100,-115,23
127,-128,84
127,-108,82
102,-92,34
127,-128,127
-19,-71,89
38,-70,0
13,-114,3
-24,-128,-20
-95,-123,-56
105,-128,-21
28,-80,-31
2,-128,-20
7,-128,-44
-70,-128,-59
-79,-128,-66
-52,-13,-67
-19,62,-37
-14,62,-37
-35,-44,-38
-12,-59,-35
27,-73,3
69,-112,28
127,-128,88
127,-128,49
127,-128,-41
83,-100,88
14,-77,48
36,-76,6
27,-99,25
-30,-128,-10
-128,-84,-63
95,-128,-24
19,-88,-16
25,-128,-3
-26,-128,-72
-96,-128,-70
-106,-128,-84
-48,29,-56
-23,127,-31
-29,25,-50
-40,-42,-54
-8,-66,-17
52,-68,27
99,-103,38
127,-128,104
127,-128,111
75,-81,19
-62,-123,127
46,-17,50
43,-73,12
17,-124,-1
-121,-128,-57
59,-128,-13
83,-105,-31
-1,-128,-13
15,-128,-21
-51,-128,-65
-77,-128,-53
-92,-97,-72
-30,80,-46
-31,127,-44
-41,-21,-60
-31,-66,-58
8,-59,-29
78,-75,42
126,-120,47
127,-128,122
127,-128,121
-117,-128,-128
127,-128,127
12,-93,2
51,-110,-8
-12,-128,8
-116,-128,-67
-110,-119,-74
62,-75,-46
-41,-128,-17
6,-128,-18
-37,-128,-56
-62,-128,-50
-82,-97,-70
-16,84,-38
-10,127,-35
-34,-12,-59
-30,-60,-60
-8,-64,-9
57,-78,36
111,-114,45
127,-128,109
127,-128,111
93,-73,3
35,-128,-128
45,53,22
48,-70,9
39,-107,-17
-71,-128,-34
-128,-128,-57
94,-128,-29
12,-96,-55
-4,-128,-16
-42,-128,-69
-59,-128,-63
-87,-117,-67
-78,-22,-65
-22,127,-28
-43,7,-53
-43,-62,-58
-6,-66,-14
80,-86,49
127,-126,55
127,-128,67
127,-128,100
82,-47,33
-33,-128,-128
43,-6,14
53,-64,-13
15,-128,0
-102,-128,-38
-128,-126,-80
102,-125,-26
-7,-87,-44
11,-128,-32
-52,-128,-73
-80,-128,-70
-88,-82,-75
-71,-2,-74
-18,127,-50
-18,48,-47
-19,-77,-54
21,-58,-2
60,-68,33
127,-127,54
127,-128,81
127,-121,76
32,-57,-16
25,-97,-128
54,-49,54
60,-47,-15
8,-128,4
-32,-128,-9
-128,-103,-86
77,-127,-37
-6,-103,-25
17,-128,-24
-25,-128,-54
-78,-128,-70
-88,-54,-77
-46,22,-63
-11,127,-48
-28,29,-51
-22,-74,-49
-7,-70,-18
36,-64,33
127,-128,49
127,-128,105
127,-110,78
127,-70,83
93,-128,-128
4,-66,64
60,-45,-25
-13,-128,-15
-67,-128,-14
-73,-111,-42
42,-119,-32
31,-122,-15
15,-128,-35
-29,-128,-60
-83,-128,-65
-95,-128,-69
-60,-1,-66
-34,127,-49
-24,32,-47
-31,-87,-48
-19,-89,-27
47,-96,43
127,-128,65
127,-128,106
127,-89,72
119,-37,72
103,-128,21
-7,24,91
52,-55,-34
-7,-128,2
-51,-128,-9
-120,-106,-67
44,-111,-29
-8,-93,-31
33,-128,-26
-25,-128,-61
-82,-128,-52
-81,-128,-71
-36,41,-58
-9,127,-58
-19,28,-56
-14,-55,-52
3,-58,-34
40,-57,26
85,-90,56
127,-128,93
127,-126,108
127,-69,78
-128,-128,-128
-107,-128,127
89,-58,-30
17,-125,9
-27,-128,-5
-128,-128,-63
83,-128,-19
-14,-100,-56
34,-128,1
-3,-128,-48
-81,-128,-73
-95,-128,-76
-53,15,-61
-34,127,-39
-22,52,-48
-25,-69,-49
-11,-74,-33
42,-50,21
93,-59,57
127,-128,75
127,-128,123
127,-95,88
-128,-128,-128
127,-128,127
9,-105,-12
61,-75,-17
-19,-128,-5
-124,-128,-56
-73,-110,-37
37,-99,-46
17,-127,-11
20,-128,-46
-61,-128,-70
-90,-128,-66
-70,-18,-62
-37,84,-27
-12,91,-34
-35,6,-37
-20,-64,-36
12,-32,10
62,-28,49
127,-126,57
127,-128,101
127,-128,82
-128,-128,-128
127,-115,85
10,-104,13
52,-50,-20
0,-128,-4
-48,-128,-1
-128,-82,-56
59,-98,-38
6,-115,-17
26,-128,-31
-21,-128,-61
-76,-128,-70
-83,-61,-66
-36,20,-61
-13,127,-45
-22,65,-49
-28,-54,-51
-18,-57,-17
31,-46,21
127,-85,43
127,-128,63
127,-128,115
127,-88,80
-54,-128,-128
85,-1,47
17,-63,-16
13,-114,11
-11,-128,8
-83,-128,-57
109,-128,-21
54,-102,-30
23,-128,-7
29,-128,-24
-42,-128,-59
-62,-128,-58
-71,-77,-58
-45,97,-5
-41,127,-23
-22,-4,-37
-4,-74,-38
23,-70,-22
46,-72,2
58,-84,26
127,-128,109
127,-128,127
127,-34,97
57,-117,127
36,90,28
62,-69,-38
55,-100,-9
-22,-128,-7
-64,-128,-36
-28,-128,-5
52,-51,-37
4,-74,-18
1,-128,-21
-5,-128,-39
-34,-128,-48
-41,-101,-53
-35,-29,-48
4,99,-13
4,38,-32
-15,-10,-38
-22,-36,-33
-11,-56,-2
36,-105,37
75,-116,44
127,-128,88
127,-127,80
106,-41,71
104,-128,127
-15,126,105
31,-63,-21
22,-72,9
-3,-128,-7
-35,-128,-17
-74,-77,-27
40,-91,-22
26,-70,-10
16,-68,-7
7,-80,-17
-21,-125,-47
-38,-128,-54
-30,-128,-52
-22,-34,-23
-12,14,-3
13,-8,-25
6,-23,-24
-22,-80,-22
32,-128,25
63,-128,53
127,-128,95
127,-84,101
-18,-55,-23
-110,15,127
-24,41,24
-21,-73,6
35,-67,1
20,-81,-7
7,-84,2
8,-74,-1
15,-52,-1
22,-47,-4
16,-49,1
18,-46,2
21,-52,-1
40,-48,9
24,-63,15
13,-105,-7
9,-104,-14
48,-86,-8
94,-58,6
63,-52,0
5,-24,-6
-26,-24,-9
-25,-29,18
-15,-28,40
-22,-40,42
-42,-70,53
-47,-74,58
-32,-79,60
-27,-79,52
-37,-84,60
-11,-79,53
12,-81,40
45,-65,18
66,-59,5
-39,-111,-81
2,-66,-20
-4,-59,-17
-5,-64,-7
-6,-63,-9
-6,-63,-13
-8,-64,-12
-7,-64,-11
-11,-63,-15
-9,-63,-12
-16,-62,-7
-18,-62,-8
-16,-63,-8
-16,-62,-6
-14,-63,-8
-13,-64,-10
-9,-65,-4
-2,-65,1
-4,-62,-3
-4,-62,-6
4,-58,12
-18,-54,28
-23,-50,41
-20,-54,34
-22,-58,28
-14,-60,20
-13,-60,20
-8,-62,16
-9,-60,18
-10,-59,25
-8,-59,20
13,-65,3
-4,-68,-2
12,-69,-3
14,-70,2
9,-70,8
3,-68,-4
-12,-64,2
-13,-61,-1
-7,-55,-7
-1,-54,-5
-7,-45,-4
-114,-37,-31
-99,-128,-39
-6,-70,-15
0,-48,-9
-1,-66,-9
-2,-62,-8
-3,-67,-8
-2,-64,-10
-1,-63,-10
-4,-62,-6
-7,-62,-7
-7,-65,-22
-6,-65,-16
-6,-63,-19
-6,-63,-8
-6,-58,-5
-9,-57,-1
-12,-63,-5
-3,-66,-16
2,-63,-11
-1,-64,-9
-5,-62,-4
-6,-61,-4
-2,-60,-9
0,-63,-8
-2,-65,-5
-9,-65,-3
-9,-64,-5
-5,-62,-8
-3,-62,-7
-2,-63,-5
-3,-63,-2
-5,-64,-5
2,-62,-10
6,-61,-13
-6,-63,-2
-4,-64,-5
0,-64,-9
-2,-64,-9
-5,-62,-7
-5,-64,-5
-2,-63,-8
-2,-63,-7
-4,-63,-5
-5,-63,-7
-2,-65,-5
-3,-62,-3
-3,-63,-5
-4,-63,-7
-4,-63,-7
-4,-64,-7
-4,-64,-5
-2,-63,-5
-3,-63,-5
-1,-63,-5
-3,-63,-2
-5,-63,-5
-2,-63,-6
-2,-63,-7
-4,-63,-7
-4,-63,-6
-4,-64,-7
-4,-64,-8
-4,-64,-6
-4,-63,-6
-5,-63,-7
-6,-63,-7
-9,-62,-8
-11,-62,-11
-10,-62,-11
-7,-63,-9
-7,-63,-9
-6,-63,-10
-6,-63,-10
-6,-63,-11
-6,-63,-11
-6,-63,-11
-6,-63,-10
-6,-63,-10
-6,-63,-10
-6,-63,-11
-6,-63,-10
-6,-63,-10
-6,-63,-10
-6,-63,-11
-6,-63,-10
-6,-63,-11
-6,-63,-10
-6,-63,-10
-7,-63,-11
-7,-62,-11
-7,-62,-10
-7,-62,-10
-7,-62,-10
-6,-63,-10
-6,-63,-10
-5,-63,-11
-2,-63,-12
-1,-63,-11
-2,-63,-10
-3,-63,-11
-2,-64,-9
-3,-63,-5
-3,-62,-2
-5,-63,-4
-6,-63,-9
-7,-62,-13
-9,-62,-13
-10,-63,-12
-11,-62,-12
-9,-62,-12
-7,-63,-9
-7,-63,-9
-8,-62,-9
-7,-63,-10
-7,-63,-9
-6,-63,-10
-6,-63,-7
-5,-63,-7
-5,-63,-8
-5,-63,-8
-5,-63,-8
-6,-63,-9
-7,-63,-10
-7,-63,-10
-7,-63,-10
-6,-63,-12
-7,-63,-9
-5,-63,-9
-6,-63,-8
-7,-62,-9
-7,-63,-10
-6,-63,-10
-6,-63,-9
-6,-63,-9
-5,-63,-9
-6,-63,-8
-6,-63,-10
-6,-62,-10
-6,-63,-11
-6,-63,-11
-7,-63,-11
-8,-62,-12
-7,-63,-13
-8,-62,-12
-6,-62,-10
-6,-62,-10
-7,-63,-10
-7,-62,-11
-5,-62,-13
-5,-62,-12
-5,-63,-11
-5,-63,-12
-5,-62,-12
-6,-63,-10
-5,-63,-11
-6,-62,-11
-5,-63,-12
-6,-63,-12
-6,-62,-12
-6,-62,-12
-5,-63,-11
-6,-62,-11
-6,-62,-11
-6,-62,-12
-6,-62,-12
-5,-62,-12
-6,-62,-12
-6,-63,-12
-5,-62,-12
-5,-62,-12
-4,-63,-12
-5,-62,-13
-4,-63,-13
-4,-62,-13
-5,-62,-13
-5,-62,-12
-5,-62,-13
-5,-62,-12
-5,-62,-13
-5,-62,-13
-5,-62,-12
-5,-62,-13
-5,-62,-12
-5,-63,-12
-5,-62,-12
-4,-62,-12
-5,-62,-12
-5,-62,-12
-5,-62,-12
-4,-62,-13
-4,-62,-12
-5,-62,-12
-5,-62,-12
-5,-62,-12
-5,-62,-13
-5,-62,-12
-4,-62,-13
-5,-62,-13
-4,-62,-13
-4,-63,-12
-4,-63,-13
-4,-62,-13
-3,-62,-13
-4,-62,-13
-4,-63,-12
-4,-62,-13
-4,-62,-13
-4,-62,-13
-4,-62,-12
-4,-62,-12
-5,-62,-12
-5,-62,-13
-5,-62,-12
-4,-62,-13
-5,-62,-12
-5,-62,-12
-5,-62,-12
-5,-62,-12
-4,-62,-12
-4,-63,-12
-5,-62,-12
-4,-62,-11
-4,-62,-11
-4,-63,-11
-4,-63,-11
-4,-63,-11
-4,-63,-11
-4,-63,-11
-5,-62,-11
-5,-63,-11
-5,-63,-12
-4,-62,-12
-5,-63,-10
-5,-63,-12
-5,-63,-14
-5,-62,-13
-5,-62,-12
-5,-62,-10
-6,-62,-9
-6,-62,-10
-5,-63,-11
-5,-63,-11
-5,-62,-10
-5,-63,-11
-5,-63,-11
-4,-63,-11
-5,-63,-11
-5,-63,-12
-5,-63,-12
-5,-62,-12
-5,-62,-11
-5,-62,-11
-5,-62,-12
-5,-62,-12
-5,-62,-12
-5,-62,-12
-4,-62,-12
-4,-62,-12
-4,-63,-12
-4,-62,-13
-4,-62,-13
-5,-63,-12
-4,-62,-12
-5,-62,-12
-5,-62,-12
-4,-62,-12
-4,-63,-12
-4,-63,-12
-3,-63,-12
-3,-63,-12
-3,-63,-12
-3,-63,-11
-3,-63,-11
-2,-62,-11
-2,-63,-11
-2,-63,-11
-2,-63,-11
-2,-63,-11
-2,-63,-11
-2,-63,-11
-2,-63,-11
-1,-63,-11
-1,-63,-11
-2,-62,-11
-2,-62,-11
-3,-63,-10
-2,-63,-11
-2,-63,-11
-3,-63,-11
-4,-62,-11
-4,-63,-12
-4,-62,-13
-5,-63,-14
-4,-62,-13
-4,-63,-12
-4,-62,-12
-5,-62,-12
-5,-62,-13
-5,-62,-13
-5,-62,-12
-5,-62,-12
-5,-62,-12
-5,-62,-13
-5,-63,-12
-6,-62,-12
-6,-62,-12
-5,-63,-12
-5,-62,-12
-5,-62,-12
-5,-63,-12
-5,-63,-11
-5,-63,-12
-5,-63,-12
-5,-63,-12
-5,-62,-11
-5,-63,-11
-4,-63,-10
-4,-63,-10
-4,-63,-10
-5,-63,-10
-5,-63,-10
-5,-63,-10
-5,-63,-10
-5,-63,-10
-5,-63,-10
-5,-63,-10
-4,-63,-10
-4,-63,-10
-4,-63,-10
-4,-63,-10
-5,-63,-10
-5,-63,-10
-5,-63,-10
-5,-63,-10
-5,-63,-10
-5,-63,-11
-5,-63,-11
-5,-63,-11
-5,-63,-11
-5,-63,-11
-5,-63,-11
-5,-63,-10
-5,-63,-10
-5,-63,-10
-5,-63,-11
-5,-63,-11
-5,-63,-10
-5,-63,-10
-5,-63,-11
-5,-63,-10
-4,-63,-10
-4,-63,-10
-4,-63,-11
-4,-63,-11
-4,-63,-10
-4,-63,-11
-5,-62,-11
-5,-63,-11
-5,-62,-12
-5,-63,-11
-4,-62,-11
-4,-63,-11
-4,-63,-11
-4,-63,-11
-4,-62,-11
-5,-62,-11
-5,-63,-11
-5,-62,-12
-5,-62,-12
-5,-62,-11
-5,-63,-12
-5,-62,-12
-5,-62,-12
-5,-62,-12
-5,-63,-12
-5,-62,-12
-5,-62,-12
-5,-62,-12
-5,-63,-13
-4,-62,-12
-4,-62,-12
-4,-62,-12
-4,-62,-12
-4,-63,-12
-4,-63,-12
-4,-63,-12
-4,-62,-12
-4,-62,-12
-4,-62,-12
-4,-63,-12
-4,-62,-12
-4,-62,-12
-4,-62,-12
-4,-62,-12
-4,-62,-12
-5,-62,-12
-4,-63,-11
-2,-63,-11
-2,-63,-12
-2,-63,-12
-3,-63,-11
-3,-63,-11
-3,-63,-12
-4,-63,-11
-5,-63,-12
-5,-64,-12
-4,-63,-11
-3,-63,-11
-1,-62,-4
0,-63,0
-2,-62,1
-3,-64,0
-2,-64,-4
-6,-62,-10
-11,-62,-8
-14,-63,-8
-12,-63,-11
-10,-63,-11
-10,-63,-9
-11,-63,-8
-11,-63,-9
-6,-64,-8
-5,-64,-9
-5,-64,-7
-3,-64,-7
-2,-64,-4
-4,-63,-6
-4,-63,-7
-2,-62,-8
-1,-61,-8
0,-63,-6
0,-63,-6
-1,-63,-5
-2,-63,-7
-1,-64,-7
-1,-64,-6
-1,-63,-6
-1,-63,-6
-1,-63,-5
-1,-63,-5
0,-63,-5
-1,-63,-5
-1,-62,-5
0,-62,-6
-1,-63,-7
-1,-63,-6
-2,-63,-6
-2,-63,-7
-3,-63,-8
-6,-65,-6
