1479957298.000000, 1479957298.000000, 1479957298.000000
32.000000, 32.000000, 32.000000
8,63,-11
8,63,-11
8,63,-11
7,63,-11
7,63,-11
7,63,-11
7,63,-11
7,63,-11
7,63,-11
7,63,-11
7,63,-11
7,63,-11
7,63,-11
7,63,-11
7,63,-11
7,62,-11
7,63,-11
7,63,-11
7,63,-11
7,63,-11
7,63,-11
7,63,-11
7,63,-11
7,63,-11
7,63,-11
7,62,-11
7,63,-11
7,63,-11
7,63,-11
7,63,-11
7,63,-11
7,63,-11
7,63,-11
7,63,-11
7,63,-11
7,63,-11
7,63,-11
7,63,-11
7,63,-11
7,63,-11
7,63,-11
7,63,-11
7,63,-11
7,63,-11
7,63,-11
7,63,-11
7,63,-11
7,63,-11
7,63,-11
7,63,-11
7,63,-11
7,63,-11
7,63,-11
7,63,-11
7,63,-11
7,63,-11
7,63,-11
7,63,-11
7,63,-11
7,63,-11
7,63,-11
7,63,-11
7,63,-11
7,63,-11
7,63,-11
7,63,-11
7,63,-11
7,63,-11
7,63,-11
7,63,-11
7,63,-11
7,63,-11
7,63,-11
7,63,-11
7,63,-11
7,63,-11
7,63,-11
7,63,-11
7,63,-11
7,63,-11
7,63,-11
7,63,-11
7,63,-11
7,63,-11
7,63,-11
7,63,-11
7,63,-11
7,63,-11
7,63,-11
7,63,-11
7,62,-11
7,63,-11
7,63,-11
7,63,-11
7,63,-11
7,63,-11
7,63,-11
7,63,-11
7,63,-11
7,63,-11
7,63,-11
7,63,-11
7,63,-11
7,63,-11
8,63,-11
8,63,-11
7,62,-11
7,63,-11
7,63,-11
8,63,-11
7,63,-11
8,63,-11
8,63,-11
7,63,-11
8,63,-11
7,63,-11
8,63,-11
7,62,-11
7,63,-11
7,63,-11
7,63,-11
7,63,-11
8,63,-11
7,62,-11
7,62,-11
7,63,-12
7,63,-11
7,62,-12
7,63,-11
7,63,-12
6,63,-12
6,62,-11
6,63,-12
6,63,-12
6,63,-12
6,62,-12
6,63,-12
6,63,-12
6,63,-12
6,63,-13
7,63,-13
6,63,-12
6,63,-13
6,62,-13
6,63,-12
6,63,-13
6,62,-13
6,62,-13
6,62,-13
6,62,-13
6,63,-13
6,62,-12
6,63,-12
6,63,-13
6,63,-12
6,62,-12
6,63,-12
6,63,-13
6,63,-12
6,63,-13
5,63,-12
6,63,-12
6,63,-12
5,63,-12
6,63,-12
6,63,-12
7,62,-12
7,62,-12
7,63,-11
7,63,-11
7,63,-11
6,63,-12
6,63,-12
7,63,-11
6,63,-11
6,63,-11
6,63,-11
7,63,-11
7,63,-11
7,63,-10
7,63,-10
7,63,-10
7,63,-10
7,63,-9
7,62,-9
7,63,-9
7,63,-9
7,63,-9
8,63,-9
7,63,-9
7,63,-9
7,63,-9
7,63,-8
8,63,-8
8,63,-9
9,63,-8
8,63,-9
9,63,-8
9,63,-8
9,63,-9
9,62,-8
9,63,-8
8,63,-9
9,62,-9
8,63,-8
8,63,-9
8,63,-8
9,63,-9
9,63,-9
9,63,-9
9,63,-9
9,63,-9
8,63,-9
8,63,-9
9,63,-9
9,63,-9
8,63,-9
8,63,-9
8,63,-9
8,63,-9
8,63,-9
8,63,-9
8,63,-9
9,63,-9
8,63,-9
8,63,-9
8,63,-9
8,63,-9
8,63,-9
8,63,-9
9,63,-10
9,62,-9
8,63,-9
9,63,-10
9,63,-10
8,63,-10
8,63,-10
8,63,-10
8,63,-10
8,63,-10
7,62,-10
7,63,-9
7,63,-9
8,63,-10
9,62,-10
10,63,-10
9,63,-10
8,62,-10
8,64,-9
9,63,-9
8,63,-10
6,63,-10
6,64,-9
8,62,-8
9,63,-9
7,63,-10
7,63,-9
7,64,-8
5,63,-8
9,62,-7
8,63,-8
9,63,-10
11,63,-10
9,63,-8
9,63,-8
8,63,-9
8,63,-9
8,62,-8
8,63,-8
7,63,-8
8,63,-9
9,63,-9
9,62,-9
9,63,-9
9,63,-9
9,63,-9
10,63,-9
9,63,-10
9,63,-9
9,63,-10
9,63,-10
9,62,-10
7,63,-10
7,63,-9
7,63,-8
7,63,-8
6,63,-8
6,63,-8
7,63,-7
6,63,-9
6,63,-9
7,63,-9
6,63,-9
6,63,-9
7,63,-9
6,63,-9
6,63,-9
6,63,-9
5,63,-9
6,63,-9
7,63,-9
8,62,-9
8,63,-9
8,63,-10
8,63,-10
8,63,-9
8,63,-10
7,63,-10
8,62,-9
8,63,-9
8,63,-9
9,63,-9
9,62,-10
9,63,-9
9,63,-9
8,63,-9
9,63,-10
9,63,-10
8,63,-9
8,63,-9
8,63,-10
8,63,-9
9,63,-9
8,63,-10
10,61,-9
8,63,-10
6,63,-10
7,63,-10
7,63,-10
6,63,-10
7,62,-10
7,63,-10
7,63,-10
7,63,-10
7,63,-10
8,63,-10
8,63,-10
8,63,-10
7,62,-10
8,63,-10
7,63,-11
7,63,-10
8,62,-10
8,63,-10
9,63,-10
8,63,-11
8,62,-11
8,63,-10
8,63,-10
9,62,-10
8,63,-11
8,63,-11
9,62,-10
9,62,-10
8,63,-10
8,63,-10
9,63,-10
9,63,-10
9,63,-10
9,63,-10
8,62,-10
9,61,-10
8,64,-10
9,62,-10
9,63,-10
9,63,-10
9,62,-10
8,63,-10
8,62,-10
9,63,-10
9,63,-9
9,62,-10
9,63,-10
9,62,-9
8,63,-9
9,63,-10
9,62,-11
9,63,-11
9,62,-11
8,62,-11
8,63,-11
8,62,-10
9,62,-10
9,62,-10
9,62,-10
9,63,-11
8,63,-10
8,62,-11
8,63,-10
9,62,-10
8,63,-10
8,62,-11
9,63,-11
9,63,-10
9,62,-11
8,62,-10
8,62,-10
9,63,-11
9,63,-11
9,63,-11
9,62,-10
9,63,-10
9,62,-10
8,63,-10
9,62,-10
9,63,-10
9,62,-10
9,62,-10
9,62,-10
8,63,-10
9,63,-10
8,62,-10
9,63,-10
9,63,-10
10,62,-10
9,63,-11
9,63,-11
9,63,-10
9,63,-10
8,62,-10
8,62,-10
8,63,-10
8,63,-11
9,62,-11
9,62,-11
9,63,-11
10,63,-12
9,62,-12
10,62,-11
9,63,-11
9,63,-11
9,62,-11
9,63,-11
9,62,-11
9,62,-10
9,63,-10
9,63,-10
10,62,-10
9,63,-10
9,63,-11
8,63,-10
8,63,-10
8,63,-9
8,62,-10
7,63,-10
7,63,-10
7,63,-10
7,63,-10
7,63,-10
7,63,-10
6,63,-9
5,63,-10
5,63,-10
5,62,-11
4,64,-11
4,63,-10
5,63,-11
4,63,-11
4,63,-11
4,62,-11
3,62,-11
1,63,-13
1,63,-13
0,63,-15
-1,63,-14
0,63,-16
0,63,-15
1,62,-15
1,63,-15
0,63,-14
-1,63,-14
0,63,-14
-3,63,-14
-2,63,-14
-2,64,-16
-1,66,-17
-1,67,-15
-3,70,-14
-1,83,-27
1,103,-15
16,124,3
27,125,-5
5,99,-25
-15,82,-42
-25,63,-12
7,46,-23
4,49,-8
-16,46,-4
-20,41,-6
-26,40,-6
-31,34,-3
-31,29,2
-35,27,8
-46,30,4
-62,47,2
-70,55,2
-72,56,-6
-101,54,-49
-128,127,-54
23,58,13
-30,26,-15
-22,53,8
-19,94,-13
-19,75,-1
-26,54,-13
-24,57,-14
-18,65,-14
-16,64,-14
-15,63,-16
-8,60,-19
-10,60,-20
-3,62,-21
0,75,-16
-2,80,-13
8,83,-4
10,88,-10
46,103,-20
29,106,-26
-58,127,-38
-122,127,-74
-2,119,-19
6,76,-3
10,52,1
18,15,-6
25,-6,-6
19,-11,-6
7,-13,-4
-8,-8,-7
-75,5,-17
-105,24,-16
-107,29,0
-105,77,11
51,80,-1
-32,98,23
-21,52,-15
-36,60,-2
-31,64,-11
-26,64,-11
-24,63,-13
-22,60,-13
-14,65,-12
-11,63,-15
-9,56,-14
-4,61,-14
-9,73,-10
2,80,-2
-1,84,-5
1,86,-12
12,91,-9
40,101,-16
-18,118,-34
-68,127,-39
-44,127,-40
-19,114,-19
2,64,-11
15,9,2
25,-3,1
10,-11,-4
13,-14,-1
-13,-8,2
-27,-4,-1
-61,14,-5
-88,30,2
-99,37,3
-128,84,-17
26,40,29
-40,65,-49
-29,87,24
-23,76,-12
-32,62,-1
-32,60,-11
-27,65,-9
-24,70,-9
-23,64,-10
-18,61,-11
-15,65,-12
-11,61,-12
-13,64,-1
-10,68,-8
-9,74,-9
-4,75,-5
3,82,-10
15,90,-6
23,99,-18
-48,121,-34
-98,127,-38
-32,123,-21
-18,103,-15
5,58,-2
12,37,1
12,5,-4
13,-4,1
12,-5,3
2,-3,-1
-7,3,-1
-41,17,-5
-85,37,-7
-103,30,-2
-31,48,65
-52,57,-66
-31,78,-21
-29,75,-10
-32,57,-11
-34,59,-11
-32,65,-11
-29,58,-9
-30,58,-8
-23,64,-10
-20,62,-12
-19,59,-10
-17,59,-10
-18,60,-12
-13,72,-7
-6,76,-8
1,77,-9
10,87,-7
26,92,-16
8,109,-19
-30,118,-35
-87,127,-37
-24,104,-12
-16,90,-4
14,45,1
15,25,1
12,-1,-2
13,-7,2
10,-6,-1
-11,-1,0
-27,8,-2
-71,28,-5
-90,36,-2
-91,34,2
-128,72,19
41,37,-2
-22,105,5
-25,79,21
-27,48,-13
-29,71,-8
-29,64,-10
-27,64,-10
-23,70,-7
-19,65,-12
-16,63,-9
-13,62,-6
-10,61,-13
-10,60,-12
-14,61,-9
-11,66,-9
-9,76,-10
2,83,-3
4,84,-6
27,93,-16
30,89,-20
-11,108,-24
-84,127,-40
-42,127,-29
-13,101,-17
-3,83,-11
21,32,1
21,13,-3
18,0,-2
16,-4,-3
7,0,-3
-28,13,-11
-48,23,-20
-97,40,-12
-128,66,-20
-128,84,37
-54,36,-67
-24,66,-32
-27,82,-1
-25,60,3
-36,56,-10
-28,62,-10
-27,60,-13
-24,59,-12
-15,68,-12
-13,67,-10
-11,58,-13
-9,56,-13
-9,61,-13
-4,64,-10
-8,73,-13
-1,84,-6
1,87,-6
19,100,-10
25,97,-15
11,95,-18
-34,110,-21
-85,127,-45
-24,109,-22
-14,93,-20
20,47,-3
23,27,-5
14,-3,-9
12,-4,-7
8,-3,-6
-13,1,-4
-41,19,-5
-64,33,-4
-83,43,-2
-99,43,2
-128,80,-8
41,37,38
-21,86,-27
-33,86,10
-26,51,-20
-26,79,-2
-27,68,-13
-27,60,-9
-24,65,-13
-23,59,-16
-15,63,-16
-13,62,-15
-12,57,-17
-9,55,-16
-10,60,-17
-5,62,-14
-10,77,-14
3,90,-5
1,95,-6
20,97,-7
31,97,-15
19,95,-27
-84,127,-41
-116,127,-68
-21,118,-19
-5,98,-12
31,33,-8
33,9,-9
25,-7,-8
23,-7,0
10,-5,1
-29,5,-5
-56,13,-13
-110,33,-18
-113,33,-5
-127,17,-11
34,57,21
-37,85,-45
-29,68,17
-28,55,-11
-30,70,-1
-27,65,-8
-25,64,-10
-23,62,-14
-20,58,-15
-12,64,-16
-5,62,-12
-6,63,-11
-6,61,-16
-6,63,-14
-5,69,-13
-8,78,-10
-7,80,-9
1,85,-12
5,87,-11
26,86,-9
29,82,-19
7,92,-20
-65,127,-36
-86,127,-47
-11,121,-17
-17,105,-14
15,49,-6
26,12,-9
25,6,-12
28,0,-4
25,2,-5
10,7,-5
4,14,-6
-16,34,2
-51,60,3
-69,78,1
-120,84,-38
-128,127,-1
43,20,-32
-8,64,-10
-71,109,5
-17,57,-9
-21,61,-12
-19,63,-12
-14,62,-13
-12,63,-11
-16,63,-15
-16,63,-13
-9,63,-14
-8,64,-13
-10,59,-16
-5,59,-12
-2,61,-14
-9,66,-15
-10,69,-14
-14,70,-17
-4,73,-11
-3,79,-10
-7,82,-15
4,89,-13
8,101,-17
17,111,-23
51,126,-39
-10,118,-25
8,91,-47
-39,38,-14
6,25,-12
7,21,-5
-8,26,-2
-8,36,-4
-4,54,-10
-21,65,-5
-49,81,6
-60,84,2
-73,84,1
-106,78,-5
-109,73,0
-87,59,-3
-101,58,8
57,62,-9
-26,49,-22
-48,56,7
-15,57,-3
-13,70,-31
-14,80,-6
-14,61,-10
-17,61,-11
-10,57,-17
-10,58,-14
-6,65,-16
-4,65,-15
-2,63,-13
0,67,-16
-6,68,-15
0,73,-16
-3,78,-14
4,83,-10
14,92,-7
25,93,-14
41,89,-32
23,95,-24
-49,123,-40
-92,127,-48
-14,106,-13
9,58,-10
19,33,-2
10,-2,-3
10,-6,1
1,-9,-1
-18,2,5
-37,6,0
-70,30,-4
-82,36,-2
-82,29,3
-113,82,17
47,61,15
-26,79,1
-26,54,8
-28,55,-16
-24,75,-7
-18,74,-12
-16,73,-15
-17,66,-14
-11,60,-13
-11,58,-14
-8,60,-14
-4,65,-12
-5,63,-14
-4,67,-14
-2,69,-12
-4,78,-14
-2,84,-11
-3,90,-11
14,98,-12
29,103,-17
43,101,-25
-54,123,-47
-87,127,-34
-22,100,-19
-6,76,-16
11,32,6
13,13,9
11,-6,9
8,-5,8
1,-4,16
-37,6,12
-54,15,7
-98,29,1
-105,28,-8
-128,62,-23
-15,63,-8
-32,101,-4
-31,53,-1
-32,43,-14
-28,76,-4
-24,71,-13
-25,68,-10
-21,59,-11
-21,57,-14
-15,59,-12
-11,66,-9
-10,66,-12
-10,71,-14
-7,75,-14
3,87,-4
8,89,-2
18,88,-7
33,94,-21
10,100,-16
-66,122,-35
-81,121,-48
-22,95,-22
-15,77,-16
8,43,5
9,13,0
8,4,-3
7,2,-2
3,2,1
-16,9,9
-51,25,1
-81,33,-2
-100,30,-7
-111,13,7
64,39,17
-47,84,-35
-29,73,5
-25,58,-8
-28,68,-5
-25,63,-10
-24,61,-10
-20,59,-10
-16,62,-14
-14,61,-14
-6,71,-9
-10,65,-7
-9,69,-13
-5,79,-7
-2,81,-10
5,86,-7
11,88,-4
36,96,-20
24,91,-21
-53,123,-37
-43,127,-24
-27,108,-26
-11,72,-12
4,50,0
14,17,9
13,1,5
12,-3,2
2,-2,2
-9,-1,5
-39,16,7
-84,34,-4
-99,38,-5
-109,22,-11
-128,82,-3
-28,72,6
-19,71,-23
-32,61,0
-27,67,-7
-25,69,-6
-31,64,-12
-27,63,-12
-20,69,-17
-18,63,-14
-16,58,-12
-10,59,-14
-8,60,-12
-9,65,-10
-5,68,-16
-8,82,-8
1,87,-5
6,91,-5
24,87,-7
28,85,-21
17,97,-17
-46,115,-32
-95,118,-51
-19,109,-22
-18,89,-17
8,47,2
17,28,3
9,-1,-3
8,-5,0
2,-5,0
-11,5,4
-31,11,3
-69,34,-7
-102,43,-5
-106,33,-11
56,18,34
-31,43,-7
-27,84,-1
-31,60,-15
-29,64,-7
-25,68,-7
-25,66,-14
-23,63,-12
-19,62,-12
-16,63,-12
-10,64,-9
-8,61,-9
-9,58,-13
-8,60,-14
-12,68,-11
-1,77,-6
0,82,-8
7,84,-5
16,87,-7
30,83,-24
21,89,-24
-30,113,-37
-79,126,-43
-25,123,-17
-18,82,-10
-2,65,-2
15,24,0
6,3,-6
6,0,-5
0,-4,-7
-4,-4,-7
-26,4,-3
-42,17,-4
-74,40,3
-93,39,-2
-128,62,-30
63,28,37
-57,69,-21
-24,77,9
-29,59,-12
-26,67,-2
-29,61,-8
-27,65,-9
-25,63,-8
-24,61,-10
-17,65,-12
-12,62,-12
-13,63,-10
-9,61,-12
-6,65,-14
-9,65,-11
-7,77,-10
-3,78,-7
0,80,-8
1,79,-10
19,81,-14
26,84,-20
11,89,-15
-42,117,-30
-84,127,-30
-30,120,-24
-10,78,-8
1,53,-2
15,18,4
11,6,-1
8,-3,-1
9,-4,0
-11,-2,-2
-45,17,-2
-65,30,-4
-108,44,-8
-109,41,-9
-116,60,6
32,63,46
-23,69,-16
-39,50,1
-28,55,-9
-30,77,-11
-28,76,-11
-27,68,-9
-24,66,-13
-23,59,-13
-15,61,-12
-13,59,-10
-12,58,-8
-11,60,-12
-12,60,-13
-13,60,-12
-7,67,-12
2,80,-6
0,81,-7
9,86,-10
28,92,-13
27,94,-18
-19,103,-23
-39,114,-31
-53,122,-36
-21,91,-19
-11,73,-13
8,37,0
4,21,-1
7,3,-4
8,0,-7
-1,-2,-13
-14,8,-5
-36,25,-3
-48,35,-3
-62,44,2
-87,60,4
-128,112,-33
-36,117,49
-9,48,-43
-31,73,-10
-32,47,-6
-21,54,-22
-22,73,-2
-21,62,-6
-21,63,-7
-18,63,-12
-18,61,-11
-12,64,-13
-7,62,-14
-8,67,-9
-6,63,-14
-6,64,-16
-4,63,-13
-8,67,-13
-4,67,-12
-7,68,-12
-3,71,-7
-5,79,-7
-1,79,-14
1,85,-5
4,78,-14
9,78,-11
3,71,-7
-10,73,-19
-58,80,-27
-52,92,-32
-25,89,-19
-10,71,-5
6,56,4
27,14,8
21,6,6
19,0,0
3,18,0
-2,31,1
-17,62,11
-27,74,15
-43,82,16
-35,77,28
-16,74,35
-61,90,-6
-1,90,9
-14,77,-6
-16,70,-7
2,62,-10
0,65,-12
1,64,-13
7,62,-10
6,65,-16
6,63,-14
3,63,-11
1,62,-11
2,62,-11
3,62,-11
2,63,-11
2,63,-11
2,63,-12
2,63,-13
3,62,-14
4,63,-12
4,63,-12
4,63,-13
5,63,-13
5,63,-13
4,63,-13
4,63,-13
4,63,-13
3,62,-13
3,62,-12
3,63,-12
3,63,-13
3,63,-12
4,63,-13
3,63,-13
4,63,-13
4,63,-13
4,63,-13
4,63,-13
5,63,-13
5,63,-14
5,63,-14
4,62,-12
2,63,-10
1,63,-11
1,62,-11
0,62,-11
2,62,-11
3,63,-12
-1,63,-10
1,62,-11
-2,63,-9
-3,63,-16
-5,61,-17
-1,61,-13
-1,64,-15
-4,65,-17
0,64,-13
-2,63,-15
-4,62,-16
-2,60,-14
-3,63,-15
-3,63,-14
0,65,-12
-2,64,-12
-2,63,-11
-2,65,-14
-3,64,-13
-2,64,-9
-5,71,-9
-13,74,-7
-1,55,-35
10,41,-54
-29,66,-40
1,78,-8
6,61,3
0,61,9
-12,62,-4
-8,59,-25
0,60,-24
18,58,-20
19,59,-16
17,58,-18
16,57,-17
18,56,-16
16,57,-12
17,66,-29
40,71,-19
-10,67,-11
-2,65,-14
-2,61,-14
-3,61,-17
5,62,-13
3,66,-12
2,63,-14
-10,63,-13
-10,64,-10
-5,65,-11
-7,62,-16
-7,62,-15
0,60,-13
-1,61,-14
3,61,-18
3,69,-14
-5,65,-13
3,69,-17
-23,63,-13
-21,66,-14
-21,67,1
-24,59,-10
-40,42,-2
-36,43,-2
-38,57,-3
-37,76,-6
-37,115,2
11,127,-6
17,124,-18
-92,13,-29
-54,-28,-31
44,-12,-13
35,4,16
27,6,5
7,24,-9
-1,28,-10
-42,44,9
-63,47,0
-78,74,-16
-69,83,-5
-74,89,-13
-71,96,-15
-44,89,-7
-37,91,-3
-128,80,-84
127,104,-34
23,113,-11
-4,122,-11
-6,90,-16
-21,65,-8
-53,27,-2
-31,29,-8
-22,48,-18
-19,84,-6
-26,72,-7
-29,40,-11
-27,38,-16
-22,73,-10
-32,69,-10
-36,77,-7
-25,127,-4
-2,127,-1
18,62,-12
-35,-24,-25
6,-62,10
18,5,-16
2,26,-22
-23,40,-5
-22,52,6
-37,62,3
-51,71,-13
-53,79,-16
-57,75,-17
-47,74,-22
-36,72,-20
-22,77,-2
-22,77,0
-17,74,1
-3,75,7
14,89,25
10,86,-38
23,83,-60
8,92,6
4,114,-12
-35,43,-19
-32,49,-12
-13,63,-6
-9,71,-20
2,69,-22
-10,56,-8
-18,46,-10
-18,65,-16
-28,68,-14
-29,69,-11
-32,92,4
-30,101,-7
-15,127,1
6,84,-6
-13,35,-13
-1,-43,-30
30,-47,2
25,-2,-17
7,23,-3
-8,31,-6
-16,52,5
-30,61,10
-57,64,-9
-64,74,-15
-63,81,-7
-70,89,-20
-62,90,-18
-36,89,21
-106,77,-24
127,90,-41
15,109,-35
-4,93,-19
-15,75,-9
-15,70,1
-22,70,-22
-8,68,-13
-9,63,-13
-3,62,-16
2,68,-16
-17,55,-6
-22,50,-13
-32,49,-11
-30,57,-9
-34,87,-10
-30,115,-8
-18,127,4
31,127,-2
6,60,-5
-34,-43,-39
28,-44,-6
35,-12,-11
-2,20,2
-11,24,-11
-14,41,-15
-45,63,-12
-63,65,-18
-70,78,-23
-58,81,-10
-57,85,-12
-58,86,-16
-38,84,2
-59,80,-11
-87,94,-18
90,106,-16
19,91,-28
-2,112,-12
-1,81,-15
-19,59,-22
-37,44,-9
-26,53,-8
-7,78,-13
-7,78,-15
-19,62,-8
-22,57,-12
-20,58,-13
-26,66,-12
-30,66,-11
-33,72,-2
-25,100,-4
-14,115,-10
-7,81,-16
-20,46,-13
-25,-24,-12
8,-44,-1
44,-3,3
-10,39,-10
-17,40,-15
-39,54,-3
-49,61,-2
-59,72,-11
-61,80,-13
-66,84,-17
-68,88,-16
-64,83,-12
-47,79,13
18,101,27
127,95,-31
22,94,-28
-4,107,-18
-2,91,-10
-13,80,-12
-29,53,-12
-22,52,-8
-20,51,-11
-20,64,-13
-17,66,-8
-22,53,-8
-28,70,-12
-24,76,-10
-31,79,-6
-28,103,-3
-7,127,-4
7,90,-11
-7,38,-20
-17,-46,-4
-5,-61,-2
33,-7,3
10,14,-1
-20,26,-16
-27,56,-2
-41,65,-2
-54,77,-9
-57,82,-13
-64,82,-11
-63,87,-15
-54,84,-15
-43,81,13
-40,76,13
62,87,-18
96,101,-34
24,95,-21
-1,104,8
5,95,-28
-23,53,-20
-23,53,-11
-16,63,-8
-8,68,-15
-5,67,-16
-13,60,-15
-20,58,-10
-18,64,-11
-21,65,-10
-32,65,-9
-26,81,-8
-30,81,-7
-22,113,5
-6,127,-3
-18,57,-7
-7,-4,-19
-42,-15,-7
18,-34,4
32,-11,-4
-1,31,-8
-14,33,-14
-6,43,-1
-22,58,4
-48,71,-14
-52,78,-19
-56,85,-14
-63,81,-12
-67,81,-14
-63,82,-2
-64,79,5
-84,80,-20
91,113,-18
28,98,-12
-3,104,-13
-7,86,-10
-25,70,-7
-37,43,-11
-27,44,-9
-11,64,-5
-9,77,-16
-13,67,-17
-24,56,-5
-24,61,-7
-26,65,-8
-29,77,-13
-36,76,-4
-17,127,10
-3,127,-3
5,62,-32
20,16,-21
-11,-43,1
20,-10,-12
12,20,-10
-18,26,-17
-14,35,-10
-31,60,6
-51,67,-3
-56,73,-7
-66,81,-4
-66,75,-9
-63,78,-12
-54,76,-11
-30,83,13
-128,89,-33
44,85,0
18,93,-14
32,87,-34
-12,100,9
-15,72,-24
-32,64,-21
-19,62,-13
-13,65,-7
-17,58,-14
-7,61,-13
3,67,-15
-14,63,-10
-19,59,-13
-27,63,-14
-32,59,-7
-36,65,-6
-31,107,-8
-28,127,-3
21,127,-13
32,71,-34
22,-37,-21
37,-44,-11
47,5,-13
1,28,-13
-5,36,-18
-5,72,-5
-20,87,-1
-49,97,-2
-57,107,-18
-68,112,-27
-73,97,-14
-77,89,3
-52,72,17
-53,106,-13
94,95,-52
38,95,39
5,127,-20
-6,77,-18
-15,64,-22
-12,69,-3
-12,60,-11
-13,56,-18
-15,56,-15
-13,64,-13
-9,68,-4
-15,69,-14
-10,72,-17
-5,82,-16
0,90,-24
25,125,-38
21,127,-15
-20,100,-1
15,65,-34
4,28,-19
18,12,-7
24,11,0
10,13,6
3,29,-8
0,42,-14
-7,66,-5
-14,80,-3
-37,112,-16
-70,123,-29
-91,117,-30
-98,95,-2
-93,85,-5
64,61,-25
127,93,57
-42,85,-24
-2,57,-20
-14,49,-22
3,66,-6
9,69,-8
-1,65,-20
-1,63,-15
0,62,-10
-4,62,-11
-5,62,-11
7,65,-13
-8,61,-14
-12,57,-15
-10,64,-16
-18,61,-14
-31,57,-4
-28,60,-12
-25,81,-8
-7,100,-27
-11,112,-17
23,115,7
32,59,3
34,-59,-5
49,-9,-19
8,38,-16
-28,36,-7
-23,44,2
-43,61,-2
-52,69,-8
-74,86,-14
-69,83,-9
-63,81,-7
-48,84,6
-40,82,13
-66,81,-15
70,105,-34
25,87,-49
-11,96,5
-12,91,3
-13,81,-19
-26,63,-14
-14,67,-11
-9,61,-11
-5,62,-17
-13,64,-8
-14,60,-14
-22,54,-17
-30,60,-8
-30,66,-9
-25,98,-13
-27,107,-14
-8,127,0
11,81,-12
7,34,-10
-23,-47,-6
-11,-55,13
16,2,-2
-1,23,-5
-26,29,-15
-24,42,-3
-32,49,-1
-44,58,-10
-49,69,-15
-62,81,-10
-55,77,-13
-49,76,-15
-29,80,9
-125,83,-40
-50,106,20
127,95,-48
47,113,-6
-6,95,-3
-3,96,-16
-33,53,-13
-35,47,-11
-15,59,-9
-7,76,-17
-5,67,-20
-13,64,-4
-24,47,-8
-25,58,-12
-31,64,-10
-31,68,-7
-27,113,-6
-15,127,-1
19,127,-6
28,76,-23
-4,-19,-21
-15,-54,16
18,-34,-25
-2,26,-2
-17,30,-13
-22,39,-3
-44,57,-6
-54,64,-12
-65,83,-11
-65,84,-14
-52,83,-17
-50,81,-18
-38,86,-6
-35,77,4
-100,66,-51
125,89,-25
25,96,4
-10,111,-2
16,97,-33
-12,85,-16
-33,42,-14
-25,56,-6
-10,74,-10
-14,68,-14
-18,61,-11
-13,67,-15
-12,71,-14
-24,63,-5
-33,56,-6
-30,73,-11
-32,90,-2
-26,123,1
8,127,-6
2,58,-16
-2,-33,-7
-5,-48,0
28,-9,-14
-2,30,-7
-21,32,-11
-16,48,-2
-33,60,0
-58,69,-14
-66,89,-17
-64,88,-11
-67,87,-21
-61,79,-21
-41,81,11
-83,63,-47
6,101,25
13,101,-9
38,91,-19
-8,99,-5
-7,102,0
-22,63,-22
-21,58,-10
-15,59,-6
-1,62,-21
1,69,-17
-4,65,-14
-17,60,-12
-12,62,-20
-23,64,-10
-24,68,-4
-31,80,-10
-26,102,-7
-25,122,3
10,120,-10
10,56,-25
0,-21,-21
-9,-29,-15
-32,-26,5
16,20,0
11,34,-7
-18,40,-12
-28,51,-6
-68,69,-14
-64,75,-11
-63,86,-4
-70,93,-16
-56,77,4
-43,79,25
-107,68,-25
127,79,-52
34,100,-16
1,107,-7
8,127,-23
-31,59,-23
-30,54,-12
-16,57,-7
-14,61,-11
-11,62,-9
-6,61,-10
-5,69,-11
-12,69,-9
-21,53,-15
-28,67,-10
-32,68,-4
-25,96,-4
-31,101,0
1,127,-7
16,44,-29
26,-1,-25
-11,-54,0
-23,-42,-11
14,18,-9
-17,38,-13
-15,39,-8
-32,60,5
-50,67,-2
-71,80,-21
-69,89,-10
-63,76,-13
-60,77,-14
-41,79,4
-74,81,-8
-82,94,10
84,107,-21
24,80,-29
-10,98,-23
7,93,-6
-10,74,-35
-37,49,-6
-26,50,-2
-4,68,-16
-12,66,-15
-19,58,-8
-11,63,-8
-10,60,-15
-29,63,-4
-28,68,-10
-33,64,-8
-40,98,0
-26,127,8
13,127,-15
28,15,-19
-13,-40,-16
-11,-36,-18
18,2,-13
-19,19,-14
-16,21,-13
-17,43,-2
-29,56,-4
-35,63,-10
-62,90,-21
-69,88,-19
-64,86,-20
-65,79,-8
-62,80,1
-73,66,-29
16,90,30
62,109,0
7,96,-9
-6,113,-5
-15,84,-18
-29,55,-24
-26,53,-7
-13,59,-10
-15,61,-10
-6,64,-17
-7,66,-12
-10,60,-16
-19,67,-14
-23,65,-16
-23,62,-13
-23,73,-5
-27,76,-9
-37,67,-8
-22,114,3
-16,127,-1
-1,74,-20
-13,0,-32
-19,-29,-33
-26,-22,7
1,11,12
-6,31,1
-4,35,3
-6,44,4
-22,58,12
-54,68,-8
-61,79,-16
-61,85,-14
-54,82,-10
-56,81,-20
-45,86,-3
-20,78,13
-73,74,-8
114,78,-65
30,82,-28
31,90,-13
7,111,12
2,89,-21
-34,53,-12
-17,59,-12
-13,57,-11
-10,70,-15
-7,66,-10
-17,54,-7
-15,58,-12
-20,66,-12
-25,53,-9
-23,56,-14
-27,66,-6
-33,62,-6
-35,62,-8
-35,65,-5
-36,71,-5
-35,89,3
-31,100,1
-18,95,-2
-21,65,-10
-17,13,-30
-4,-18,-7
14,-21,27
26,20,-1
4,37,-2
-20,53,-13
-24,76,-7
-28,82,-8
-28,100,-14
-29,102,-17
-38,91,-19
-35,84,-17
-27,87,-10
-22,88,-1
-24,82,1
-26,77,-3
2,66,-9
60,79,29
-12,73,-22
10,79,-7
7,55,-21
-1,57,-25
13,61,-11
10,63,-14
2,63,-21
4,61,-20
9,62,-16
12,60,-21
10,62,-22
8,61,-18
7,61,-17
5,61,-17
6,61,-16
7,61,-15
9,62,-15
10,65,-18
6,62,-18
3,63,-16
4,61,-13
4,61,-10
2,62,-11
0,61,-10
0,63,-11
-1,64,-10
-1,62,-10
-1,63,-11
1,62,-10
1,63,-11
2,62,-11
3,63,-12
3,63,-12
2,63,-10
2,63,-10
1,63,-11
1,63,-10
1,63,-10
1,63,-11
0,63,-11
0,63,-10
1,63,-11
1,64,-11
1,63,-11
1,63,-11
0,63,-11
1,63,-11
0,63,-10
1,63,-11
1,63,-11
1,63,-11
2,63,-11
2,63,-10
4,64,-13
1,64,-14
0,63,-12
-1,63,-13
-1,62,-9
-1,63,-13
-2,63,-13
-2,62,-14
0,61,-13
-5,61,-11
-4,62,-13
-6,65,-19
-3,64,-13
-2,63,-13
-8,63,-16
-7,63,-15
-4,62,-14
-4,63,-12
-2,64,-13
-3,63,-17
-3,64,-16
-4,64,-14
-4,64,-15
-6,64,-14
-5,63,-13
-3,64,-11
-3,66,-12
-5,67,-14
0,70,-22
-3,41,-82
9,55,-53
17,52,-30
5,60,-10
0,70,7
18,68,25
19,66,22
2,67,9
0,68,-2
2,64,-18
8,59,-26
11,57,-31
13,56,-33
14,54,-31
21,56,-22
19,55,-18
9,57,-16
43,57,-12
33,65,3
10,72,-4
16,69,1
10,65,-19
11,60,-12
4,63,-9
6,62,-10
5,61,-11
1,65,-16
4,63,-16
5,63,-14
4,62,-18
5,62,-19
7,62,-18
8,61,-17
8,62,-18
7,61,-15
8,62,-14
6,63,-14
7,61,-15
7,61,-16
8,61,-15
6,62,-15
6,62,-15
8,62,-14
0,64,-19
6,62,-14
9,62,-13
-2,62,-14
-2,64,-17
3,63,-12
2,63,-12
2,63,-12
0,64,-12
3,64,-10
4,69,-11
8,70,-15
5,80,-15
6,91,-18
8,98,-36
21,84,-26
14,86,-16
31,73,-12
17,78,-7
5,81,-2
-2,76,-2
-2,56,2
-7,33,12
-5,29,15
-21,32,16
-36,37,7
-59,50,-6
-76,50,-9
-82,46,-14
-47,108,-52
34,89,-6
-23,42,26
-24,8,-10
-16,90,-9
-21,77,-2
-33,28,-17
-33,73,-8
-37,94,-12
-36,122,-4
73,127,-35
96,127,-19
-128,127,-64
-2,127,-13
87,127,-38
109,38,-6
119,-16,12
103,-71,12
67,-93,-19
-69,-71,-22
-128,-15,15
-128,14,-16
-128,-38,3
27,107,1
-28,90,8
-38,66,29
-37,127,-17
15,127,-33
104,127,-52
-127,127,-49
-117,127,-62
16,127,-31
66,127,-30
100,-17,-9
89,-52,25
66,-73,16
-64,-74,-44
-124,-42,-26
-128,-2,18
-128,-39,-41
-6,53,-5
-36,126,37
-19,89,20
-45,124,8
-10,127,-17
76,127,-59
-32,108,-18
-100,110,-65
2,127,-23
74,107,-26
93,45,-6
122,-41,16
104,-59,26
11,-56,4
-100,-36,-22
-128,-7,15
-128,-72,-52
57,40,36
-27,115,54
-33,79,29
-52,127,-7
-5,127,-22
65,127,-17
-128,127,-79
-42,127,-35
108,127,-17
127,-98,2
127,-128,7
80,-95,16
-72,-56,7
-128,21,-5
-128,76,-13
82,27,51
90,70,8
-36,85,-5
-36,105,-1
-40,127,4
101,127,-49
126,127,-35
-128,127,-68
17,127,-40
105,127,-28
127,-89,-11
127,-128,-17
59,-128,39
-128,-37,8
-128,17,-14
-128,-16,-54
24,58,-29
-30,127,66
-27,85,-5
-27,127,-14
124,127,-50
-8,127,-63
-69,127,-64
-7,127,-42
121,105,-10
127,-89,23
127,-128,25
21,-95,31
-112,-51,0
-128,26,4
-128,21,27
23,29,-23
-25,127,52
-16,120,22
-9,127,-14
56,127,-55
1,127,-16
-74,127,-45
-15,127,-17
95,127,-20
116,29,-8
127,-124,3
67,-121,21
-18,-85,4
-128,-10,-3
-128,22,19
-128,-17,-2
-63,18,-40
-38,127,22
-26,79,-20
-44,117,-21
32,127,-22
88,127,-48
-56,115,-19
-69,127,-43
-25,127,-34
64,127,-31
96,74,-17
118,-40,20
123,-66,16
100,-50,-8
12,1,1
-36,37,-7
-128,102,-24
-128,103,-35
-128,22,-19
-71,127,124
7,74,-20
-13,61,-7
-29,77,-17
-40,52,-13
-35,64,-10
-52,110,-12
15,127,-11
39,127,-24
69,127,-9
40,105,-40
15,71,-46
71,78,-22
50,53,-14
0,43,0
14,49,-2
-26,82,10
-125,83,-18
-128,78,-24
-128,27,-6
-128,20,14
-47,-33,-60
12,107,-103
-34,14,55
-51,80,7
-35,108,-5
-18,127,-5
12,127,-24
77,127,-8
-128,127,-51
-24,127,-24
77,127,-32
120,48,-12
114,-26,1
90,-59,11
22,-72,-14
-86,-51,-8
-128,-11,14
-128,40,2
-128,46,6
75,43,-29
-19,127,63
-24,67,16
-47,88,13
-39,115,-11
-18,127,0
127,127,-39
42,95,9
-111,127,-45
-19,127,-26
34,127,-39
61,98,-26
70,-14,6
65,-57,22
54,-79,2
-60,-58,-45
-98,-33,-16
-128,-8,0
-124,-6,16
-127,39,6
-52,127,9
-28,90,30
-51,107,-2
-33,127,11
70,127,-45
-30,102,-16
-79,125,-40
-18,127,-38
4,127,-40
86,72,-22
89,-52,17
75,-77,8
21,-83,-4
-34,-58,-11
-128,-3,16
-128,10,34
-65,11,62
67,51,-73
-38,127,-64
-24,102,14
-43,94,-20
1,127,-21
98,127,-44
25,103,-3
-124,124,-52
-58,127,-49
24,127,-22
86,52,-3
90,-12,2
88,-81,-11
62,-82,-22
-23,-48,7
-82,-14,2
-128,35,3
-128,5,-21
19,51,14
-33,119,22
-37,85,27
-46,117,3
-2,127,-18
62,127,-35
-9,99,-8
-71,93,-33
-40,127,-32
-13,127,-39
53,126,-22
80,3,-5
84,-37,10
61,-62,-7
-24,-51,-8
-77,-25,-11
-128,26,-1
-128,38,9
-87,-4,22
-16,-24,45
-36,127,-9
-32,76,-21
-46,119,-2
6,127,-14
67,127,-41
25,87,6
-63,97,-36
-52,127,-42
35,127,-27
75,120,-22
90,-20,5
89,-55,5
40,-96,-16
-41,-46,3
-98,-16,5
-128,10,16
-85,6,30
-102,-13,-6
57,108,-112
-32,87,58
-41,86,-14
-46,120,1
32,127,-39
106,127,-39
-60,88,-8
-60,127,-33
-41,127,-40
53,127,-23
77,93,-26
83,-24,-13
91,-62,-8
57,-107,-31
-73,-58,0
-123,-16,6
-128,30,27
-128,22,18
84,127,-53
-32,84,34
-39,57,-11
-31,127,2
1,127,-20
101,127,-25
-74,92,-29
-86,112,-33
-9,127,-49
41,127,-36
95,59,-38
94,-7,-21
90,-63,-6
41,-64,-23
-21,-41,-11
-126,5,6
-128,30,30
-128,3,20
120,127,-7
-22,127,14
-24,41,-33
-45,20,-20
-32,66,-12
-40,88,-11
-23,116,-2
21,116,-11
36,98,-17
-41,55,-6
-59,41,-4
-26,57,-7
-4,93,-25
1,116,-25
-5,84,-26
0,68,-21
13,22,-6
17,14,3
16,14,-1
9,17,-5
4,20,-9
-10,37,-14
-9,49,-14
-23,75,-1
-45,91,18
-53,90,19
-45,88,21
-37,85,6
-61,101,37
51,64,-20
18,65,-4
-23,61,-22
-2,58,-12
5,65,-9
0,64,-13
-6,65,-20
-2,65,-13
-6,64,-14
2,62,-13
0,61,-14
6,62,-14
8,63,-20
3,63,-19
2,62,-20
1,63,-18
3,62,-17
0,62,-19
-1,63,-17
-2,63,-15
-2,64,-14
-2,65,-15
-1,67,-17
2,66,-11
-4,63,-7
-9,60,-6
-10,61,-1
-8,61,-5
-11,61,-3
-7,62,-2
-6,63,-2
-8,65,-4
-7,63,-2
-6,62,-1
-6,64,-2
-8,63,-1
-11,63,-1
-8,63,-4
-10,65,-6
-12,64,-5
-10,63,-1
-10,65,-4
-9,65,-5
-9,63,-4
-8,63,-3
-6,65,-2
-6,63,-3
-12,62,-2
-8,63,4
-6,64,4
-8,64,-2
-9,63,-3
-8,64,0
-9,63,1
-9,63,1
-8,64,0
-8,64,0
-9,66,0
-9,65,1
-9,64,0
-11,63,1
-11,64,2
-9,65,-1
-8,64,-3
-7,64,-11
-9,61,-17
-8,62,-15
-12,60,-13
-14,60,-15
-8,63,0
-5,65,-2
-6,66,1
-2,66,7
-1,67,6
1,69,2
7,67,4
15,65,2
18,62,2
20,63,5
25,62,3
23,63,2
29,63,4
31,59,3
30,59,3
24,61,-2
21,62,-5
11,60,-11
4,56,-14
3,56,-14
-3,57,-17
-7,59,-16
-8,59,-16
-12,60,-16
86,58,18
24,71,-13
3,80,-7
12,66,-17
12,60,-13
8,62,-9
6,61,-15
-2,67,-18
1,65,-12
0,62,-10
1,63,-13
1,65,-13
10,63,-15
12,60,-18
5,60,-18
3,63,-15
2,62,-15
0,63,-15
1,62,-17
3,62,-17
-7,58,-18
-23,61,-14
-14,60,-17
-25,58,-12
-31,69,-23
-25,117,-2
-19,127,-2
66,127,-24
61,127,-14
23,-29,-7
86,-21,27
103,-43,4
60,-61,-20
19,-38,-27
-45,32,-15
-85,72,-4
-128,127,-16
-128,127,-25
-128,127,-23
-128,84,-23
98,97,73
-28,73,-86
-29,127,69
42,127,-13
-41,65,2
-37,115,26
15,127,-24
101,116,22
74,24,9
127,-117,17
112,-13,-9
-4,-26,2
-45,-3,-7
-111,73,8
-128,127,-21
-128,127,-19
-128,77,-44
127,127,27
9,78,-94
-16,127,62
-44,37,-57
-30,112,-8
-30,127,-24
68,127,-18
113,120,-8
127,-128,14
112,-33,-8
40,-18,-10
-108,69,3
-128,112,-2
-128,127,-32
-128,105,-12
-128,82,-68
127,127,-26
-12,107,-83
-20,127,27
-14,127,-16
-9,127,-15
111,127,11
104,73,15
127,-128,-44
127,-69,0
54,-28,27
-80,81,2
-128,127,6
-128,127,-62
-128,127,-24
76,83,22
-5,87,-50
38,127,-47
-20,120,-20
-15,127,-32
28,127,12
93,63,23
-3,-53,11
127,-54,4
72,-40,-8
-43,20,-17
-100,56,-26
-128,127,-10
-128,127,-31
-128,117,-14
84,116,68
120,127,-31
15,127,-45
-29,127,8
-11,127,-27
21,127,-11
100,127,-5
81,-3,13
127,-128,-6
114,-61,-11
-25,7,-13
-112,54,-22
-128,127,6
-128,127,-10
-128,119,4
55,114,79
127,118,-41
33,127,-70
-34,127,25
-17,95,-23
-32,103,-36
25,127,-11
127,115,31
62,1,33
127,-128,-9
80,-24,-13
-44,24,-3
-125,105,-34
-128,127,-8
-128,127,-43
-128,126,-5
-31,57,25
96,103,-24
39,118,-93
-18,121,56
-17,95,-13
-20,126,-13
-2,127,-22
101,127,-18
97,-48,30
127,-128,-23
80,-54,-10
36,-24,-7
-128,105,-14
-128,127,-25
-128,127,-53
-128,119,9
-128,89,-21
52,72,-21
28,78,-64
-10,111,-34
-16,115,7
-40,72,-29
-25,127,-5
-8,127,-15
100,127,-18
127,38,31
85,-99,-22
127,0,-23
75,36,-31
14,117,-3
15,127,-14
21,127,-14
-128,127,-57
-128,127,-119
-128,101,20
-101,91,35
127,-37,-6
-128,127,39
-10,-68,-12
-9,66,-11
-28,61,-15
-40,58,-4
-37,63,-30
-41,117,-9
2,127,-15
69,127,-24
57,118,5
21,100,2
102,-4,-42
41,22,-1
42,8,-4
-6,18,-8
-36,27,4
-117,23,24
-128,15,12
-128,59,-10
-121,85,-4
-121,85,-9
-128,93,-65
127,123,-88
-30,127,9
-27,43,-77
-50,41,-21
32,127,-30
38,127,-27
106,95,44
127,-128,-4
127,-30,-13
-56,-8,-7
-112,31,-20
-128,127,-1
-128,127,-8
-128,127,-20
-128,88,-48
127,91,91
-1,49,-77
47,124,-86
-14,51,-8
-31,94,-8
-31,123,-5
-3,127,10
127,127,21
51,21,39
127,-128,-55
89,-34,-34
-39,5,1
-84,34,-7
-128,127,-22
-128,127,-44
-128,101,-24
97,127,127
127,108,-5
37,127,-64
-14,127,14
-31,36,-14
-10,127,-13
-2,127,-14
108,117,23
94,31,53
127,-128,-39
127,-86,-22
3,-12,9
-87,82,-36
-105,127,-33
-128,127,-37
-128,127,-33
-59,74,-10
84,70,-23
-11,66,-128
26,127,46
-44,5,-48
-37,108,5
9,127,-31
56,127,-20
127,60,35
-1,-64,29
127,-44,0
31,-29,-23
-69,9,14
-118,84,11
-128,127,-7
-128,126,-19
-128,112,-3
78,127,52
127,62,-38
-8,127,14
-53,14,-36
-48,34,-26
-20,127,-24
0,127,-18
127,127,17
14,-77,12
127,-128,-31
42,-29,-23
-10,-24,-17
-99,24,0
-128,127,-13
-128,127,-35
-128,101,-19
-128,73,-60
127,117,-2
-12,75,-71
-12,127,-2
-34,80,-10
-24,114,-16
53,127,-22
109,127,-13
19,-32,40
127,-107,-41
96,-31,-5
-30,-2,-4
-97,44,-2
-117,127,-3
-128,127,-22
-128,127,-15
127,121,59
127,99,-10
33,127,-33
-40,1,-22
-53,33,-17
-27,97,-9
-20,127,-19
45,127,-7
116,127,13
-27,-64,25
127,-128,-48
44,-46,-19
-42,2,4
-68,38,-13
-121,127,-5
-128,127,-36
-128,120,-27
-22,76,45
112,100,-7
7,108,-51
-17,99,-21
-18,127,-16
-26,125,-12
-11,127,-29
92,127,-21
81,-20,-1
127,-128,-3
127,-109,4
64,-20,-20
-69,70,-27
-73,101,-17
-107,127,-17
-128,127,-50
-114,123,-4
-128,108,-33
101,124,-14
36,121,52
5,104,5
-42,34,-27
-27,9,-36
-30,66,6
20,123,-17
-11,70,-16
-15,67,-20
-4,72,-3
-5,72,-11
-4,67,-18
1,72,-14
0,99,-16
12,121,-21
-6,99,-5
-35,55,-21
-3,20,-23
35,-5,-4
24,-4,11
23,18,17
10,32,18
-29,83,23
-68,117,-13
-85,109,-28
-105,94,-3
-128,83,-17
21,57,0
0,73,-2
-12,62,-10
8,62,-9
11,64,-10
6,62,-16
7,64,-17
6,64,-9
7,64,-10
2,64,-10
3,61,-9
3,63,-10
3,63,-10
0,64,-12
0,62,-12
1,62,-11
0,62,-10
1,62,-11
4,62,-9
3,64,-12
0,64,-18
1,63,-18
-3,62,-14
2,62,-15
0,63,-14
-2,63,-15
-2,63,-14
-2,63,-16
-3,63,-17
-1,63,-13
-7,64,-15
-5,63,-15
-4,66,-14
-11,69,-12
-12,67,-10
-9,68,-12
-10,78,-11
-5,78,-8
-2,78,-11
3,84,-7
9,87,-7
15,89,-11
11,90,-15
-8,94,-27
12,74,-29
2,47,-12
22,31,-30
25,34,-22
11,32,-15
2,40,-14
6,47,-11
5,64,-5
5,74,-6
2,101,-9
-26,126,-18
-53,127,-29
-108,110,-32
-126,102,-1
-116,91,-12
127,88,6
-19,86,3
13,58,-21
-13,52,-30
-24,66,-20
-3,65,-9
20,62,-6
-5,63,-19
-12,63,-22
8,62,-11
12,62,-8
-7,64,-18
-5,65,-14
-5,66,-12
-6,69,-18
-8,71,-17
-3,78,-8
1,78,-10
-3,81,-17
1,86,-10
8,91,-15
29,100,-15
41,100,-21
-16,107,-30
30,64,-29
-19,39,-19
21,23,-21
24,19,-13
9,24,-6
6,32,-5
9,45,-7
7,65,-3
5,77,0
2,105,-9
-7,127,-13
-57,127,-36
-127,120,-11
-128,100,-2
-63,92,-15
127,73,-32
-2,84,4
-10,77,-19
-29,65,-26
-25,61,-27
-4,69,-15
14,59,-8
11,62,-13
-8,60,-30
13,61,-13
10,61,-15
0,63,-26
4,64,-17
-8,67,-17
1,70,-21
-5,80,-15
-2,75,-12
-2,76,-21
1,83,-18
12,99,-20
25,107,-18
33,122,-8
-9,113,-29
35,76,-21
-14,35,-29
24,24,-21
22,21,-2
14,25,-2
7,38,-5
8,44,-9
9,63,-7
6,75,-8
-7,114,-17
-55,127,-38
-90,127,-48
-128,117,1
-128,92,0
127,72,-28
-24,89,1
-38,94,-15
-22,64,-18
-24,65,-21
3,64,-3
8,60,-6
-7,64,-12
-12,63,-21
5,61,-11
-4,63,-18
-7,63,-23
3,64,-18
-4,71,-13
-5,78,-12
-1,74,-13
0,80,-17
4,82,-14
12,94,-17
19,103,-28
53,118,-37
7,123,-17
25,93,-44
20,51,-18
23,19,-20
19,14,-4
11,24,-2
12,32,-1
9,40,-6
6,62,-5
0,87,-3
-2,103,-9
-40,127,-19
-70,127,-41
-128,118,-17
-128,97,9
41,87,-30
-58,93,-19
-34,97,-13
-12,53,-26
-35,57,-34
8,68,-11
14,56,-13
-8,64,-22
1,61,-22
10,60,-15
-3,62,-24
2,63,-20
-2,67,-21
-5,71,-21
-7,74,-12
-2,71,-15
-4,74,-23
1,81,-22
5,90,-14
12,101,-22
46,118,-18
40,119,-10
12,107,-46
-11,34,-28
-11,14,-34
30,26,-6
21,24,3
12,31,-2
6,38,-6
5,55,-13
-2,77,-11
-10,94,-9
-34,127,-15
-48,127,-30
-125,126,-25
-128,100,1
-103,101,-14
6,112,44
-36,85,-6
-25,68,-28
-23,60,-25
-14,60,-21
16,67,-6
11,60,-8
-9,64,-24
3,63,-10
7,64,-10
-5,65,-22
0,65,-20
3,66,-19
-2,73,-15
-2,78,-11
-1,80,-15
0,79,-14
4,87,-18
11,95,-22
46,121,-29
44,120,-16
10,108,-40
12,46,-22
-18,24,-18
22,19,-13
19,18,-5
13,27,-2
7,47,-8
5,55,-10
6,77,-6
-4,113,-19
-24,127,-31
-52,127,-44
-115,127,-25
-128,93,-3
-118,95,5
109,115,58
-20,91,11
-21,79,-38
-25,58,-31
-27,60,-27
15,69,-3
14,62,-8
-11,63,-14
-9,63,-18
5,62,-13
-5,63,-22
-4,64,-21
-2,66,-18
0,65,-21
-7,76,-13
-4,76,-12
-2,76,-14
-1,83,-21
-1,85,-21
11,101,-24
48,114,-20
24,123,1
16,103,-41
35,70,-25
0,16,-22
23,21,-18
13,15,1
9,29,-1
8,36,-4
6,58,-8
7,72,-6
1,100,-5
-30,127,-27
-50,127,-43
-108,127,-18
-128,114,1
-118,88,-2
119,89,14
15,101,46
-21,89,-18
-15,69,-31
-32,60,-35
-15,68,-18
15,63,-6
2,60,-14
-8,63,-23
-4,61,-20
12,62,-12
-1,64,-24
1,65,-18
0,66,-15
-5,68,-24
-8,74,-15
-4,80,-10
-3,80,-13
1,85,-22
9,102,-23
26,118,-26
40,120,-5
-7,113,-19
32,73,-28
-23,18,-22
15,19,-19
19,15,-3
13,17,-1
4,34,-6
0,44,-12
4,64,-9
-4,91,-5
-12,111,-12
-35,127,-25
-100,127,-2
-128,120,-4
-128,95,-1
13,85,-19
-10,80,5
-24,88,-3
-21,78,-27
-22,58,-28
-6,62,-15
17,62,-10
10,59,-12
-8,64,-27
1,61,-20
9,61,-15
3,62,-23
4,66,-18
-8,65,-19
-5,64,-20
-4,74,-14
-3,80,-13
-1,78,-13
1,86,-19
11,104,-30
34,121,-34
54,119,-31
-10,108,-32
36,62,-28
-32,30,-19
21,21,-14
28,17,-7
18,24,1
5,40,-3
3,49,-8
3,70,-3
1,83,0
-12,122,-10
-32,127,-42
-99,127,-32
-128,111,3
-128,94,2
127,90,3
-3,109,42
-18,78,-15
-19,65,-21
-29,62,-26
5,68,-16
14,63,-12
12,62,-12
-4,61,-25
9,62,-20
7,63,-15
1,64,-22
-4,66,-16
-6,63,-17
-4,68,-21
-7,78,-13
-7,77,-12
-1,78,-18
0,84,-21
6,103,-24
51,120,-15
46,121,-1
2,96,-44
28,80,-33
-42,21,-21
1,17,-20
15,13,-8
8,20,-7
4,31,-10
0,49,-18
0,57,-18
-1,83,-13
-24,122,-25
-45,127,-36
-85,127,-29
-115,119,-23
-128,97,2
127,84,10
17,104,45
-16,90,-15
-8,62,-44
-33,59,-32
-17,68,-18
18,64,-6
1,59,-19
-12,65,-22
1,63,-14
15,61,-11
-5,62,-26
2,64,-16
-3,65,-17
-8,67,-20
-7,71,-14
-4,76,-16
-4,78,-17
-1,81,-23
3,93,-23
10,107,-27
52,117,-15
-9,105,-28
20,92,-42
-21,31,-23
-23,13,-22
26,20,-8
28,15,0
11,30,-3
4,38,-6
3,57,-13
4,77,-8
-1,94,-7
-30,127,-24
-49,127,-28
-124,127,-25
-128,88,2
-73,99,-17
33,98,58
8,81,10
-19,81,-30
-13,65,-20
-22,61,-30
5,69,-9
14,58,-10
4,60,-17
-8,64,-22
1,60,-21
11,62,-15
4,63,-22
1,64,-19
3,65,-16
-9,68,-20
-5,71,-21
-5,77,-14
-3,77,-13
-5,82,-19
1,92,-18
5,101,-24
43,111,-32
-5,112,-11
5,94,-25
17,43,-17
-20,16,-19
35,25,-5
10,24,-2
6,29,-3
0,50,-9
2,59,-10
2,78,-5
-9,113,-13
-26,127,-22
-74,127,-38
-102,125,-25
-128,92,0
-103,95,-5
111,104,35
-18,79,3
-7,78,-15
-16,60,-22
-27,62,-31
0,74,-5
15,60,-7
6,60,-13
-14,64,-25
-8,64,-22
16,62,-9
2,64,-18
5,64,-20
-3,67,-15
-9,68,-16
-6,72,-15
1,76,-12
-2,79,-11
2,89,-18
5,98,-21
37,126,-38
45,118,-35
-9,98,-28
30,47,-25
-32,24,-13
29,17,-8
32,14,-4
15,26,1
7,33,-2
2,53,-10
2,74,-2
0,87,1
-7,123,-9
-25,127,-20
-75,127,-28
-128,109,3
-128,86,-5
127,62,-52
40,116,67
-42,80,-9
-20,71,-21
-17,60,-24
-6,68,-17
7,67,-13
12,60,-10
-2,62,-24
-6,62,-24
10,62,-13
14,63,-13
-4,65,-23
-2,64,-18
-3,66,-16
-4,67,-18
-9,76,-17
-1,78,-7
-3,79,-14
1,88,-20
6,97,-22
40,117,-28
13,114,-12
-13,102,-27
31,56,-30
-21,29,-19
21,18,-14
26,18,-6
13,24,-2
5,39,-4
4,58,-11
4,68,-9
2,83,-5
-17,125,-18
-55,127,-39
-78,127,-37
-128,106,6
-128,86,-1
127,67,-48
-7,85,-2
-28,96,-4
-8,62,-13
-26,60,-31
-9,67,-17
9,66,-13
13,61,-9
-5,62,-28
-3,61,-24
12,61,-15
7,62,-18
3,64,-22
3,66,-17
-5,68,-18
-6,67,-18
-5,73,-16
-2,76,-16
-3,76,-15
0,86,-19
15,106,-21
35,119,-18
20,113,-13
-20,104,-35
33,56,-22
-1,19,-13
25,19,-15
26,19,5
18,27,5
5,39,-11
1,57,-16
2,67,-13
-4,96,-14
-18,123,-22
-56,127,-34
-81,127,-41
-128,110,10
-73,99,-1
127,63,-46
-3,82,9
-26,86,-10
-27,67,-29
-22,62,-24
-3,68,-14
13,60,-6
4,60,-13
-9,64,-20
7,62,-13
12,60,-13
-3,64,-23
3,64,-19
0,65,-17
-3,65,-18
-6,67,-18
0,73,-14
-1,76,-11
-6,80,-17
-4,81,-19
-3,95,-23
10,111,-25
31,107,-18
-13,88,-23
3,78,-37
-21,24,-19
-14,14,-18
29,18,-5
11,26,2
5,33,-1
5,49,-8
2,69,-7
-1,82,-7
-8,114,-12
-22,123,-21
-78,127,-7
-90,121,-5
-106,91,10
-107,89,7
112,94,20
-19,83,-4
-10,78,-23
-2,69,-14
-20,58,-26
7,66,-8
12,59,-11
2,62,-14
-3,62,-19
1,63,-14
4,63,-16
0,62,-17
2,62,-15
-2,62,-17
0,63,-16
-2,63,-16
-2,64,-17
-1,64,-18
-5,65,-17
-6,66,-18
-7,71,-16
-9,73,-13
-12,77,-12
-8,79,-14
-3,86,-13
-5,79,-3
-13,71,-5
-39,51,-23
-29,40,-22
12,16,-18
15,25,1
11,28,5
7,41,6
-1,52,6
-19,70,0
-42,95,-10
-68,97,-10
-74,104,29
-95,104,54
32,37,-9
19,52,22
-9,71,12
9,59,-32
2,71,-13
-4,67,-8
2,66,-1
2,64,-5
-6,63,-14
-4,63,-14
5,63,-7
4,63,-5
-1,64,-10
-3,64,-10
-2,63,-7
-1,63,-9
-1,63,-9
0,63,-9
1,63,-7
-2,63,-10
-2,63,-15
-2,63,-13
-1,62,-13
-3,62,-13
-1,63,-14
6,64,-15
4,65,-15
5,65,-14
5,66,-14
-2,63,-15
7,62,-2
7,64,-5
-2,62,-13
0,62,-15
-1,62,-12
-2,63,-14
-2,63,-13
-1,63,-16
-2,64,-16
1,63,-15
1,64,-15
1,63,-15
5,62,-14
4,63,-14
4,64,-13
4,63,-13
2,64,-12
0,63,-11
0,67,-9
-1,68,-6
3,61,-8
-39,71,5
-2,69,-10
8,67,0
8,63,-4
3,64,0
-1,61,-11
5,60,-13
6,65,-13
4,66,-19
2,65,-28
7,60,-32
8,56,-35
10,52,-34
11,53,-32
6,53,-30
40,47,-47
80,61,-43
22,63,-14
21,64,-1
10,61,-8
4,62,-13
12,60,-16
5,63,-10
5,63,-13
6,63,-13
3,63,-15
7,62,-15
3,63,-17
3,62,-18
6,62,-17
6,61,-19
7,62,-18
7,62,-18
5,62,-17
5,62,-16
5,61,-17
7,62,-17
8,62,-16
5,63,-16
6,62,-18
6,61,-16
6,60,-13
4,62,-12
0,63,-14
2,63,-14
2,62,-12
1,63,-14
-1,63,-14
1,62,-15
4,62,-15
6,63,-16
4,61,-14
3,62,-14
0,61,-18
2,62,-20
1,65,-17
4,61,-15
1,61,-17
-1,61,-18
0,61,-16
3,61,-18
-3,63,-16
2,62,-15
1,61,-18
2,61,-18
0,62,-16
1,62,-18
0,60,-19
3,62,-18
2,63,-18
2,61,-19
2,61,-20
3,62,-17
2,62,-18
3,61,-19
2,62,-18
2,61,-19
2,62,-18
2,61,-18
1,61,-18
2,62,-18
2,61,-18
2,61,-18
2,61,-19
2,62,-18
3,62,-17
2,61,-17
2,62,-17
2,62,-18
2,62,-16
3,61,-16
2,61,-17
3,62,-17
2,62,-16
3,61,-16
1,61,-15
8,63,-16
-1,62,-17
0,61,-17
0,61,-13
3,62,-16
2,62,-17
2,61,-17
4,61,-16
-1,62,-18
-1,63,-18
0,60,-20
1,62,-19
-1,61,-21
0,63,-18
-1,63,-21
-1,61,-22
1,61,-20
1,62,-19
0,61,-19
-2,62,-18
-5,63,-17
-5,63,-17
-11,64,-18
-13,63,-18
-15,67,-18
-16,69,-18
-14,75,-10
-14,75,-14
-14,74,-18
-5,78,-13
0,80,-13
7,83,-15
12,90,-11
7,92,-4
-6,90,-15
7,73,-23
-14,19,-37
29,46,-9
26,42,-5
7,39,1
2,44,0
14,59,3
6,79,3
4,88,1
-7,112,-5
-22,119,-14
-66,117,-32
-83,108,-25
-126,91,-9
-99,95,-16
119,67,-51
-6,87,-3
-35,101,3
-7,61,-14
-20,62,-23
-10,67,-19
12,62,-6
11,63,-7
-4,62,-23
8,63,-13
6,62,-15
1,63,-22
1,65,-19
-2,68,-18
-3,71,-16
2,75,-10
-3,79,-15
-1,79,-16
6,87,-17
10,96,-20
45,120,-28
-1,116,-16
5,101,-42
25,51,-25
-34,15,-29
27,25,-13
25,21,-2
13,29,-4
6,46,-9
9,56,-11
6,79,-7
-10,119,-11
-31,127,-20
-82,127,-30
-124,127,-27
-128,96,-1
-121,97,-10
16,120,62
-30,91,-11
-19,73,-29
-31,58,-31
-20,61,-25
21,66,-6
15,59,-7
-9,64,-27
10,62,-13
7,62,-14
2,61,-24
4,63,-20
-2,70,-17
-2,73,-15
1,75,-14
-4,80,-19
5,86,-18
7,91,-16
14,101,-19
51,126,-28
-9,114,-26
7,107,-30
-4,33,-26
-19,14,-28
17,19,-11
10,19,-3
8,25,-9
4,43,-12
3,53,-16
4,78,-11
3,92,-12
-31,127,-30
-77,127,-46
-100,127,-33
-128,95,3
-123,85,-2
127,85,1
-27,89,-3
-28,85,-24
-15,70,-15
-33,62,-33
6,68,-6
10,58,-10
-4,63,-14
-9,63,-25
7,60,-16
4,62,-17
-4,64,-23
5,64,-17
-6,70,-18
-4,71,-22
0,79,-12
-1,82,-11
0,85,-22
7,97,-19
18,109,-22
56,120,-18
21,121,-9
31,87,-34
29,56,-26
15,15,-23
22,17,-5
17,18,2
7,37,-3
5,47,-5
5,63,-7
5,89,-1
-5,108,-7
-39,127,-33
-67,127,-47
-128,123,-4
-128,89,-11
27,86,-28
-23,105,26
-32,97,-2
-12,58,-27
-20,62,-22
-15,68,-19
15,64,-6
8,60,-7
-9,63,-24
-9,62,-22
8,63,-12
-5,65,-23
1,65,-20
-4,65,-18
-5,70,-21
-4,76,-14
-1,78,-13
1,86,-19
8,99,-16
18,110,-19
64,122,-22
-6,109,-46
26,96,-39
-38,24,-29
7,11,-27
25,15,-9
19,15,0
12,32,-6
5,42,-12
7,62,-14
4,86,-9
-3,106,-15
-37,127,-33
-58,127,-45
-122,127,-11
-128,86,4
-81,101,6
20,110,69
-26,93,-14
-29,69,-34
-22,79,-14
-18,58,-24
11,64,-6
0,62,-10
-5,64,-19
-7,62,-25
4,63,-12
-1,65,-22
0,65,-23
4,65,-21
-2,74,-21
0,77,-14
-1,84,-12
3,85,-13
8,95,-20
16,103,-29
52,124,-44
30,118,-15
23,93,-44
-28,33,-16
2,13,-18
27,19,-7
17,19,-2
6,31,-3
6,52,-6
7,64,-6
3,88,0
-2,100,-5
-28,127,-22
-45,127,-36
-123,127,-19
-128,88,-2
-104,99,-8
14,127,72
-35,88,-16
-17,80,-23
-32,58,-28
-25,63,-26
18,65,-6
15,59,-6
-8,63,-27
9,63,-13
10,62,-14
1,63,-24
3,64,-22
-1,69,-18
-6,71,-15
0,76,-12
-2,79,-16
-1,79,-17
2,87,-19
8,95,-22
44,127,-34
-1,118,-19
6,107,-45
16,46,-23
-39,23,-20
17,19,-12
17,14,-1
12,21,-2
1,43,-9
2,53,-13
4,74,-5
2,84,-3
-15,125,-14
-46,127,-32
-72,127,-29
-128,111,10
-128,88,4
127,65,-54
17,118,74
-35,97,-11
-9,64,-15
-27,60,-32
-2,68,-16
9,64,-11
8,62,-9
-10,62,-26
0,61,-20
6,64,-14
-2,63,-24
4,65,-17
-2,68,-20
-4,74,-22
-2,77,-8
-1,76,-13
-2,81,-25
-1,86,-21
12,100,-18
61,115,-18
39,116,-11
19,105,-42
40,76,-25
-12,10,-32
23,19,-12
18,19,0
10,30,-5
7,41,-9
7,58,-12
9,68,-10
1,99,-11
-35,127,-26
-96,127,-20
-128,124,-27
-128,113,5
-77,96,-14
-36,102,21
-41,90,-10
5,66,-11
-18,49,-31
-8,67,-18
19,62,-4
9,60,-8
-9,63,-24
1,61,-22
4,65,-10
-2,65,-21
0,65,-19
-3,71,-17
-10,74,-11
-2,75,-12
-2,79,-17
4,82,-14
6,93,-22
12,103,-29
56,117,-25
20,121,-5
18,90,-39
46,62,-31
0,9,-22
19,19,-10
17,16,-2
7,32,-2
4,43,-4
8,68,-6
3,94,1
-3,106,-6
-29,127,-23
-45,127,-39
-116,122,-17
-128,106,-5
-105,98,-3
6,120,44
-42,93,-15
-15,67,-23
-12,63,-20
-22,64,-24
16,63,-6
13,59,-6
-14,64,-23
-8,62,-23
10,62,-11
-5,64,-22
-1,65,-20
1,64,-21
-1,70,-20
-6,74,-12
-3,74,-22
-3,78,-25
1,88,-18
7,96,-16
38,120,-18
55,120,-19
-3,99,-44
41,61,-25
-36,14,-27
24,28,-15
22,26,-8
17,26,-1
13,36,1
7,55,-12
8,75,-6
5,89,-4
-15,127,-17
-36,127,-29
-95,127,-32
-128,101,-4
-128,84,-10
127,79,-18
-39,95,-12
-35,96,-14
-15,74,-25
-22,61,-24
0,68,-16
9,61,-7
11,62,-11
2,63,-21
0,61,-20
9,65,-11
0,65,-19
-2,66,-17
-1,67,-15
-3,72,-21
-5,80,-8
-3,78,-10
-1,85,-24
2,90,-20
23,118,-25
55,123,-23
4,119,-19
39,80,-31
21,52,-26
5,12,-26
20,21,-19
11,15,-4
10,32,-5
1,43,-10
7,65,-11
9,78,-6
-4,108,-11
-24,127,-18
-59,127,-37
-128,126,-12
-128,105,1
-44,96,-11
127,74,-25
-20,96,-9
-11,63,-35
-13,64,-16
-20,67,-20
-2,68,-14
13,60,-6
-2,62,-19
-6,64,-25
10,61,-14
12,61,-13
0,65,-22
3,64,-20
-4,68,-19
-8,73,-19
-5,79,-13
-3,81,-17
-3,84,-24
6,97,-20
39,127,-24
59,121,-15
-5,99,-37
24,89,-41
-33,23,-23
-15,8,-22
17,19,-11
17,17,0
9,30,-2
1,52,-14
5,62,-13
3,85,-7
-14,121,-21
-34,127,-32
-73,127,-39
-106,125,-17
-128,88,-6
-105,100,-3
35,121,68
-36,98,-10
-10,73,-40
-34,58,-32
-2,69,-13
15,65,-4
4,62,-11
-6,64,-20
0,62,-15
11,62,-12
-4,63,-22
6,66,-18
-1,68,-18
-8,73,-17
-3,76,-13
-1,82,-12
-2,83,-14
3,89,-20
19,104,-27
39,124,-24
22,120,-10
4,111,-45
34,68,-25
-4,11,-27
14,20,-20
17,15,3
13,28,-1
7,37,-5
6,48,-10
6,74,-5
-5,101,-5
-21,124,-13
-57,127,-42
-82,127,-47
-128,112,0
-85,100,-2
127,63,-48
-24,97,-14
-34,103,-10
-9,66,-17
-25,65,-22
-4,69,-14
16,61,-3
5,62,-11
-9,62,-25
-4,63,-20
6,62,-11
-4,65,-23
0,65,-19
1,66,-19
-4,72,-16
-8,77,-14
-2,80,-20
0,87,-20
6,102,-22
19,123,-27
60,121,-9
13,116,-14
26,85,-32
-47,20,-21
2,14,-25
20,15,-6
17,15,2
8,30,-5
0,49,-15
3,59,-16
-1,84,-8
-5,100,-13
-43,127,-36
-54,127,-42
-128,127,-15
-128,93,-6
-9,85,-33
-13,100,16
-20,85,0
-7,71,-28
-36,61,-30
-15,65,-23
17,63,-6
12,60,-9
-4,63,-24
7,61,-15
10,62,-12
-4,63,-25
-1,63,-22
-5,67,-17
-7,69,-19
-2,74,-12
-7,81,-21
-5,82,-21
3,87,-19
7,95,-18
45,124,-19
19,120,-9
4,107,-53
36,61,-21
-52,18,-30
21,28,-19
27,21,-7
16,23,-2
6,44,-6
9,51,-11
11,76,-5
-6,117,-12
-32,127,-21
-91,127,-49
-128,127,-54
-128,91,-15
-121,97,-10
76,107,55
-28,91,-6
-12,81,-23
-24,62,-28
-26,64,-30
4,68,-7
13,62,-4
2,63,-16
-8,62,-24
8,62,-14
10,62,-20
-8,64,-23
5,66,-17
-4,72,-21
-9,77,-17
-1,78,-9
0,83,-23
1,91,-23
7,95,-19
42,125,-17
45,116,-4
-2,109,-38
40,72,-28
-26,34,-16
16,24,-31
19,20,-5
14,18,-3
2,39,-10
0,45,-15
11,68,-14
10,85,-12
-30,127,-27
-73,127,-41
-88,127,-38
-128,104,1
-128,89,13
127,68,-41
-1,96,18
-33,98,-14
-7,56,-24
-23,62,-42
-11,72,-11
10,61,-4
8,59,-10
-12,64,-19
-10,63,-23
13,61,-11
7,63,-16
-3,65,-21
0,68,-18
-2,68,-23
-5,80,-15
-3,85,-9
3,87,-15
4,98,-22
13,104,-32
50,113,-22
23,120,0
22,83,-43
27,64,-25
3,12,-32
30,23,-6
20,22,-2
6,35,-5
2,45,-6
10,66,-5
3,90,-5
1,105,-9
-30,127,-22
-58,127,-35
-128,127,-7
-128,88,2
-55,98,-15
1,123,66
-21,101,2
2,62,-12
-22,48,-42
-23,68,-25
11,65,-8
13,60,-7
-1,61,-20
-7,62,-28
18,61,-11
9,62,-20
-7,64,-24
3,65,-17
-2,66,-20
-7,77,-17
-7,79,-12
-4,81,-19
3,88,-19
6,94,-14
35,117,-15
41,114,-8
-9,104,-34
39,74,-28
-7,27,-23
20,24,-25
21,24,-15
11,21,-4
10,32,-6
6,51,-17
8,73,-11
5,88,-7
-14,127,-18
-38,127,-25
-82,127,-30
-128,107,2
-128,85,2
127,67,-53
23,105,50
-30,97,-2
-8,71,-19
-17,66,-23
-11,69,-14
10,63,-2
9,61,-8
2,61,-16
-7,62,-27
17,62,-12
11,62,-17
5,65,-20
7,66,-16
-10,70,-20
-5,76,-15
-1,83,-12
2,84,-10
5,87,-15
16,105,-26
58,122,-44
35,118,-16
10,94,-45
41,68,-39
-10,15,-14
21,20,-14
18,18,-6
7,28,-6
4,36,-8
6,56,-16
5,67,-15
-4,91,-16
-14,113,-26
-55,127,-53
-107,127,-25
-128,122,3
-105,98,5
101,78,-29
-1,97,22
-8,76,-41
-5,49,-36
-41,72,-31
-14,71,-13
20,61,-4
-4,59,-19
-15,64,-24
-4,63,-20
11,60,-11
-4,63,-27
-6,65,-27
6,66,-18
-2,72,-23
-6,77,-15
-2,81,-12
-2,83,-20
1,90,-23
22,107,-21
47,119,-19
9,122,-9
3,107,-44
29,60,-19
17,19,-27
23,25,-20
14,19,-3
11,25,-3
1,42,-13
6,51,-11
1,77,-1
-14,107,1
-32,122,-5
-58,127,-22
-88,127,-29
-128,106,6
-128,91,-10
127,80,-39
-11,96,2
-22,82,-11
-18,52,-37
-21,74,-23
-5,67,-16
11,60,-7
10,62,-12
-1,62,-28
10,59,-18
12,60,-13
-1,66,-22
6,63,-22
-3,67,-19
-11,68,-20
-4,76,-17
-5,82,-11
-2,83,-17
3,95,-19
12,104,-24
56,123,-23
44,119,-3
17,100,-47
-17,40,-23
-14,15,-25
29,19,-12
22,16,-4
8,28,-8
8,38,-9
7,57,-17
2,82,-11
-4,97,-12
-40,127,-27
-60,127,-33
-128,127,-24
-128,101,10
-100,96,-4
1,110,56
-10,88,-10
1,63,-18
-22,74,-21
-23,62,-27
7,67,-9
12,59,-11
3,63,-22
-4,61,-29
15,61,-15
2,65,-21
1,64,-23
0,68,-16
-7,67,-18
-1,72,-18
-5,81,-16
-4,82,-16
1,90,-19
7,97,-17
52,124,-19
62,125,-12
-3,111,-44
35,55,-24
-38,15,-38
33,24,-19
27,21,-6
11,28,-4
8,46,-12
13,57,-13
6,83,-9
-4,101,-12
-45,127,-36
-64,127,-57
-128,127,-24
-128,104,13
-13,96,-33
-54,103,3
-12,69,-22
7,48,-14
-28,66,-20
-11,68,-15
13,64,-8
4,61,-6
-9,65,-21
6,63,-12
3,64,-12
-2,64,-20
-1,65,-20
-2,70,-13
-10,81,-11
-5,77,-13
2,82,-15
5,85,-13
10,94,-21
17,109,-28
55,114,-10
4,109,-37
27,91,-44
-47,30,-16
-2,19,-23
6,21,-10
8,15,-3
9,27,-3
1,45,-13
5,56,-10
4,85,0
-1,99,-3
-42,127,-23
-75,127,-36
-113,127,-26
-128,95,6
125,72,-44
94,81,1
16,91,39
-29,82,-24
-19,63,-32
-18,63,-28
-3,71,-12
6,64,-5
7,60,-9
-9,64,-25
-4,63,-25
15,61,-11
8,63,-14
0,65,-22
-1,66,-17
-2,67,-19
-8,71,-22
-8,76,-17
3,84,-16
-4,88,-20
0,97,-23
37,122,-32
52,119,-25
-14,104,-25
17,88,-43
-35,34,-20
11,17,-10
27,12,-6
12,17,3
6,25,1
3,37,-5
5,46,-9
3,70,-5
-1,105,-9
-21,127,-22
-71,127,-46
-101,127,-40
-128,104,15
34,85,-21
127,63,-35
12,94,14
-32,92,-8
-14,85,-10
-22,58,-30
1,66,-15
14,59,-9
7,59,-15
-8,65,-28
4,59,-19
3,62,-17
3,61,-22
7,64,-17
-4,65,-20
-3,66,-21
-3,69,-18
-3,74,-14
-5,74,-15
-6,80,-25
-6,86,-23
14,124,-32
30,119,-23
10,111,-6
6,78,-22
6,46,-21
-8,9,-13
22,13,-5
17,12,7
4,27,0
2,36,-5
3,58,-10
2,69,-7
-7,100,-2
-23,116,-13
-46,127,-27
-86,123,-19
-107,108,6
-97,77,3
127,55,-41
1,88,47
-21,97,-9
-28,82,-48
-8,60,-21
-10,57,-22
12,65,-8
10,61,-13
3,64,-16
0,60,-22
12,62,-14
5,62,-14
1,62,-18
8,61,-15
4,62,-15
2,63,-17
4,62,-16
2,62,-15
2,63,-16
5,64,-18
6,62,-17
15,63,-18
11,61,-14
8,63,-14
5,62,-14
1,61,-13
3,61,-10
5,62,-9
2,64,-11
2,64,-11
7,63,-11
1,64,-12
0,63,-11
3,63,-7
5,63,-8
0,63,-9
-1,63,-8
-1,64,-7
0,63,-6
-2,64,-6
-4,63,-7
-6,65,-7
-5,63,-6
-5,65,-6
-7,64,-5
-6,63,-5
-5,63,-5
-7,63,-6
-8,63,-5
-6,64,-5
-9,64,-6
-11,63,-4
-10,64,-4
-10,65,-4
-10,65,-5
-11,67,-6
-11,67,-8
-9,65,-12
-19,62,-24
-41,61,-38
-30,66,-23
-14,64,-20
-4,66,-2
3,65,1
7,67,-2
7,65,-8
8,64,-16
13,57,-24
15,57,-23
11,60,-23
3,55,-42
2,59,-40
42,65,2
22,67,-16
9,66,4
0,62,-1
-2,63,-9
-3,63,-8
-1,63,-11
1,65,-17
-2,66,-15
0,65,-10
-2,63,-8
-9,63,-9
-8,63,-12
-6,63,-10
0,62,-12
-2,62,-13
2,63,-15
2,64,-15
2,64,-15
8,64,-14
7,64,-13
4,67,-16
6,64,-14
3,67,-14
4,63,-10
2,63,-7
-2,62,-9
-5,61,-7
-3,62,-6
-5,63,-8
-7,60,-17
-5,68,-4
-1,63,-12
-4,61,-18
-2,62,-13
0,61,-16
2,61,-6
5,62,2
12,67,19
26,70,33
0,63,0
-5,61,-17
1,63,-14
2,67,-5
1,66,-6
6,63,-10
6,63,-11
6,64,-11
5,63,-11
4,63,-10
3,63,-9
4,62,-9
4,62,-10
2,63,-10
3,63,-11
3,64,-11
3,64,-12
3,63,-11
4,63,-12
4,63,-12
3,63,-12
3,63,-12
3,63,-12
3,63,-12
5,63,-13
2,63,-13
3,63,-13
4,63,-14
4,63,-13
3,63,-13
4,63,-13
4,63,-14
4,63,-14
4,63,-14
4,63,-14
5,63,-14
3,62,-14
3,62,-13
2,63,-13
3,62,-13
4,62,-14
2,63,-14
2,62,-13
4,62,-13
2,63,-13
4,62,-14
2,64,-15
10,61,-16
2,61,-13
-3,63,-14
-4,61,-14
-2,62,-14
-1,61,-14
-2,61,-16
-5,63,-17
-1,62,-16
-3,63,-21
-5,64,-22
-2,62,-17
-3,62,-18
-4,61,-20
-3,61,-17
-3,61,-17
-4,61,-18
-8,64,-17
-6,63,-18
-11,65,-18
-12,65,-19
-14,67,-20
-12,69,-20
-8,78,-24
-3,86,-18
0,89,-19
10,96,-13
19,99,-11
38,87,-4
17,111,-8
14,109,-27
6,32,-44
55,13,-45
51,42,-4
24,43,-12
29,61,-11
10,83,-19
9,90,-22
0,114,-13
-57,127,-10
-124,127,-29
-128,111,-26
-128,108,-15
-128,113,-11
127,84,-16
-30,99,7
-21,80,-13
-34,64,-36
-7,74,-10
17,64,0
6,61,-15
-5,60,-39
4,68,-12
-1,71,-15
-8,73,-31
7,87,-29
13,95,-17
27,113,-14
49,119,-4
88,127,-24
51,127,-28
57,54,-64
51,-12,-67
97,44,-14
28,26,-5
32,42,0
31,64,-3
18,101,-15
0,127,-6
-110,127,-22
-128,127,-66
-128,123,-19
-115,123,-6
127,122,54
-49,93,-17
-43,74,-39
-48,68,-26
3,60,-4
11,60,-2
0,65,-30
-19,66,-36
0,81,-12
-5,105,-23
18,102,-13
50,123,-20
72,127,-14
117,127,-8
76,127,-15
84,95,-63
109,35,-26
75,39,-9
28,39,-6
31,47,0
30,83,-10
2,127,-2
-47,127,7
-128,127,-91
-128,127,-37
-128,125,-5
15,118,55
-103,127,-34
-37,63,-34
-38,51,-20
-10,72,-4
5,64,-5
5,63,-31
-10,76,-16
-1,80,-20
3,110,-17
25,104,-18
58,127,-10
127,127,-8
67,127,11
84,117,-72
55,-26,-77
98,50,-23
22,62,-13
15,63,-4
33,91,-11
20,104,-19
-37,127,-20
-110,127,-41
-128,127,-73
-128,117,1
-128,127,5
-4,123,55
-86,112,-26
-57,60,-64
-45,68,-16
4,63,7
20,66,-12
-5,67,-44
-7,78,-23
-2,89,-3
21,96,-27
54,112,-15
72,127,4
125,127,-14
39,127,-78
94,97,-67
104,24,-43
68,44,-13
17,34,-12
26,38,-6
24,67,-12
22,85,-9
-17,127,-1
-128,127,-82
-128,127,-72
-128,122,-14
-43,124,-13
-96,108,4
-10,64,-39
-38,40,-45
-16,77,-12
15,64,6
13,65,-3
-16,69,-42
-8,72,-29
2,102,-12
22,92,-22
40,108,-20
57,125,-15
124,127,-25
60,127,-50
85,115,-71
94,-1,-45
87,35,-14
23,28,-15
26,37,-5
32,79,4
9,127,-1
-23,127,3
-128,127,-68
-128,127,-65
-128,127,-3
11,127,74
-74,95,-22
-25,45,-45
-70,56,-48
10,65,-4
12,65,-6
-3,69,-32
8,67,-33
-10,88,-6
16,92,-26
18,103,-26
63,120,-24
107,127,-2
95,127,-6
49,124,-83
30,2,-84
82,44,-14
28,32,-6
22,43,-1
31,76,-2
29,96,2
-15,127,2
-62,127,-16
-128,127,-73
-128,119,-9
-128,127,12
-39,127,51
-90,115,-35
-43,44,-46
-27,73,-18
5,65,-1
17,65,-8
-5,66,-26
-1,69,-34
-5,95,-12
13,94,-25
32,104,-22
47,119,-22
106,127,-17
44,127,-16
51,127,-83
36,-3,-55
90,42,-25
30,31,-13
28,32,-9
23,52,-8
16,80,-19
7,114,-16
-86,127,-29
-128,127,-79
-128,122,-9
-128,127,7
124,127,106
-50,94,-33
-37,50,-42
-51,77,-17
8,64,-12
24,67,-4
-22,70,-42
-6,67,-34
-9,92,1
16,90,-19
18,94,-26
35,104,-22
73,124,-15
82,127,-21
42,127,-43
32,10,-55
86,1,-41
29,31,-8
28,36,-1
26,50,1
26,81,1
15,104,0
-34,127,-15
-128,127,-74
-128,127,-55
-128,116,2
71,127,50
-105,119,-28
-47,106,-38
-57,53,-46
8,64,-5
10,63,6
-11,67,-29
-19,64,-33
5,76,-15
2,85,-30
13,90,-21
36,108,-24
51,119,-11
99,127,-17
99,127,-21
50,113,-88
79,7,-45
96,33,-9
24,13,0
33,29,6
37,75,-3
11,127,-7
-16,127,-5
-123,127,-76
-128,127,-76
-128,119,-12
-128,123,54
-20,127,64
-39,95,-41
-39,47,-44
-27,78,-18
13,65,-4
24,64,-5
-14,67,-38
-7,70,-25
-5,95,-9
9,91,-24
27,96,-29
61,114,-13
82,126,-9
64,127,-30
45,127,-73
14,-7,-60
84,24,-32
28,22,-6
36,27,1
35,42,-3
26,77,-11
14,111,-12
-62,127,-27
-128,127,-73
-128,116,-16
-61,127,27
34,127,63
-19,69,-17
-65,40,-57
-32,70,-13
17,70,-2
5,65,-9
-4,66,-38
-8,90,-5
-5,91,-11
18,89,-26
30,95,-24
65,122,-12
91,127,-6
78,127,-20
83,89,-50
8,-22,-75
53,38,-11
26,20,-7
39,33,5
44,55,6
21,95,-13
-35,127,-19
-111,127,-49
-128,127,-64
-128,113,-17
127,127,68
-87,102,-43
-29,81,-35
-60,73,-15
19,59,8
19,67,6
-18,69,-38
-21,65,-31
-5,85,0
-8,93,-4
13,94,-25
20,97,-23
54,120,-19
107,127,-11
66,127,-15
71,107,-64
22,4,-46
65,40,-20
12,33,-19
24,31,-6
24,72,-3
22,82,3
-2,127,2
-36,127,2
-128,127,-46
-128,126,0
-128,122,-5
127,127,105
-83,113,-6
-25,60,-34
-35,72,-22
-11,68,-24
9,68,1
10,66,-5
-14,62,-36
-4,64,-24
1,83,-12
3,87,-21
11,95,-20
39,108,-17
57,124,-7
104,127,-29
57,127,-64
65,88,-56
71,17,-34
67,36,-14
21,17,0
26,24,1
26,58,-9
11,110,-17
-11,127,-20
-120,127,-63
-128,127,-61
-128,120,1
127,126,41
-29,127,74
-7,79,-27
-43,35,-52
-40,75,-30
17,68,7
10,65,-5
-12,68,-43
-2,61,-27
-7,83,-6
-2,83,-18
8,87,-19
25,100,-21
39,109,-10
73,122,-17
102,127,-22
42,127,-61
-7,11,-34
35,6,-50
34,19,-15
15,12,-10
27,41,-16
27,65,-14
10,94,-12
-16,127,-15
-61,127,-16
-128,127,-52
-128,117,2
-128,116,-11
-57,127,66
-79,106,-30
-51,41,-44
-47,70,-25
8,64,-8
14,65,4
4,63,-15
-9,64,-32
1,67,-19
-1,83,-13
10,83,-15
10,96,-28
44,112,-12
58,121,-10
96,127,-28
48,127,-25
69,93,-60
69,5,-32
70,29,-14
12,25,-9
25,46,-12
21,70,-13
15,82,-10
-10,127,-6
-66,127,-36
-128,127,-57
-128,125,-13
-128,113,-4
127,109,30
-66,106,-10
-19,82,-31
-55,58,-50
-37,81,-14
14,60,2
17,64,1
-5,61,-25
4,66,-20
10,72,-4
-11,83,-29
7,84,-20
18,97,-20
38,117,-6
55,122,-7
103,127,-35
41,127,-31
71,84,-51
-7,-3,-44
54,33,-15
17,17,0
23,27,-1
30,60,-5
14,105,-10
-4,127,-9
-114,127,-42
-128,127,-82
-128,126,7
-128,111,1
110,127,99
-56,111,-14
-20,71,-34
-47,66,-30
-25,75,-29
18,61,2
16,64,-3
-17,63,-38
9,69,-11
1,74,-19
0,86,-17
10,82,-14
17,103,-18
51,115,-8
63,124,-14
66,127,-14
47,127,-54
30,31,-37
65,34,-31
31,30,-16
18,24,-14
26,35,-13
19,70,-15
16,84,-15
-18,127,-14
-112,127,-42
-128,127,-62
-128,125,15
-128,111,-3
80,127,116
-50,100,-19
-26,72,-33
-50,69,-24
-17,68,-23
22,65,2
21,64,-7
-11,62,-39
9,67,-10
-2,75,-17
0,80,-13
7,90,-18
15,98,-23
40,111,-5
54,120,-18
91,127,-21
41,127,-33
50,72,-45
-14,5,-44
45,28,-15
19,14,5
23,23,2
29,49,-5
29,73,-9
-3,127,-8
-100,127,-51
-128,127,-92
-128,126,-5
-128,106,-7
127,127,85
-56,117,16
-22,74,-39
-41,66,-31
4,64,-7
16,62,4
14,64,-2
-15,65,-33
4,68,-12
5,70,-9
-9,85,-24
3,88,-17
15,101,-22
43,111,-7
55,117,-7
98,127,-18
38,127,-23
70,98,-46
-9,-7,-48
57,34,-18
15,21,-4
25,33,-2
25,70,-7
23,84,-10
-12,127,-11
-80,127,-45
-128,127,-73
-128,127,7
-128,105,-10
127,127,70
-52,117,25
-23,69,-41
-53,65,-41
-34,73,-22
12,61,1
17,63,0
-13,67,-36
4,67,-16
5,70,-13
-5,83,-20
4,84,-16
14,96,-23
33,106,-12
62,121,-16
82,127,-9
45,127,-28
65,84,-53
-19,-11,-56
47,45,-14
10,18,-4
16,30,-3
20,66,-8
20,78,-10
-10,127,-5
-100,127,-38
-128,127,-77
-128,119,-5
-128,106,-9
122,127,76
-43,100,-21
-21,66,-41
-43,66,-15
-19,66,-8
9,68,-2
-11,68,-20
-10,65,-30
1,69,-14
-8,77,-10
-4,80,-18
4,82,-22
16,99,-17
23,106,-13
60,127,-27
37,127,-6
21,115,-39
34,22,-28
1,6,-36
36,23,-10
13,18,2
19,29,-6
18,68,-9
-7,110,-4
-27,127,-10
-80,127,-50
-118,127,-49
-128,108,5
-128,100,11
127,112,38
-54,103,6
-4,71,-25
-33,74,-17
-22,72,-13
13,60,-1
5,62,-4
-8,63,-23
10,61,-11
3,62,-14
0,63,-18
5,64,-15
0,67,-20
-1,68,-17
2,75,-17
-3,81,-18
-7,88,-22
10,104,-29
10,107,-27
11,99,-22
-27,67,-26
-2,44,-30
20,7,-4
44,15,1
13,18,13
6,24,10
8,42,-7
-5,72,1
-16,86,9
-32,100,-5
-33,108,-10
-52,118,-24
-80,96,13
-72,84,16
44,68,-11
112,87,40
-9,85,-11
-24,62,-30
-23,68,-32
14,60,-5
19,59,-6
-6,63,-25
-4,61,-25
9,63,-11
-1,61,-20
1,61,-19
3,61,-17
5,62,-18
3,62,-17
3,62,-16
3,63,-17
-2,61,-14
-1,62,-15
-1,63,-16
-2,63,-15
-2,63,-15
-1,63,-15
-1,64,-15
-5,65,-16
-5,64,-14
1,63,-11
-2,62,-10
-2,61,-10
0,62,-9
2,63,-7
3,62,-11
-4,65,-10
-2,65,-9
-4,65,-6
-5,66,-7
-6,65,-8
-4,57,-34
-8,52,-47
-14,68,-16
-23,70,-13
2,65,3
-2,64,7
-3,64,7
4,64,0
1,66,-4
-9,67,-14
-6,67,-21
0,61,-31
5,62,-30
20,62,-29
7,59,-38
8,56,-41
34,54,-16
44,61,19
-4,67,5
-8,56,-39
-5,71,-23
-3,65,-5
7,60,0
3,61,-12
-8,65,-19
-1,66,-13
1,65,-15
-8,65,-15
-2,63,-12
-3,62,-13
-3,62,-14
0,63,-12
0,63,-12
0,63,-13
-1,64,-14
0,63,-15
-3,63,-14
3,63,-14
2,65,-16
-2,64,-14
0,63,-13
2,62,-11
-2,64,-14
-2,63,-9
-2,62,-7
0,63,-9
2,62,-9
2,63,-8
4,63,-11
1,63,-12
1,63,-11
0,63,-10
0,63,-10
1,64,-10
-1,63,-11
4,65,-11
2,65,-9
3,65,-9
2,63,-8
3,63,-12
-3,61,-21
-5,59,-24
-4,60,-14
0,61,-5
11,67,13
13,68,21
1,65,-3
-5,65,-24
4,65,-31
1,63,-9
-7,60,-10
-7,64,0
-5,62,3
-4,63,5
-10,59,-7
-11,61,-4
-9,61,-5
2,70,-19
-5,68,-14
-1,63,-11
-3,61,-10
-4,62,-12
-5,62,-15
-7,62,-14
-8,63,-16
-11,63,-15
-7,65,-20
-10,63,-22
-10,64,-16
-18,62,-19
-15,63,-17
-17,62,-17
-17,60,-14
-17,65,-12
-18,64,-13
-22,65,-17
-15,84,-16
-13,87,-15
-8,92,-12
13,100,-17
29,104,-22
38,118,8
18,127,-1
62,127,-37
-8,89,-50
69,112,-33
11,70,-30
4,75,-23
-6,68,-20
-17,74,-13
-35,69,-6
-67,81,-17
-128,71,-43
-128,69,-49
-128,59,-26
-128,112,53
-128,127,41
-128,15,-29
-43,62,2
-55,66,-38
-60,100,-31
-3,127,3
69,127,-15
112,127,-22
-6,120,-40
45,33,-25
87,76,1
79,67,-26
41,61,-34
32,90,-39
26,127,-26
-22,66,-7
-49,54,-11
-36,44,-23
-22,76,-12
-36,61,-18
-70,39,-31
-128,63,-40
-128,105,-41
-128,98,-30
-128,70,3
-128,58,-75
-83,-77,-34
-73,-4,29
-85,75,-31
-54,108,-36
8,127,5
108,127,-15
35,127,-14
-20,66,-53
50,81,-29
106,121,-36
80,103,-54
75,90,-29
64,103,4
43,72,-4
-34,-3,3
-17,-12,-21
4,72,-11
-26,93,-8
-71,84,-22
-105,62,-40
-128,107,-33
-128,127,-40
-128,100,-24
-128,64,-25
-64,127,21
-128,-82,6
-71,86,-40
-53,112,-27
43,127,-27
127,127,-11
1,127,-42
-16,57,-53
51,127,-14
66,121,-69
103,89,-32
93,82,-8
61,80,11
38,48,-2
-29,1,-7
-23,21,-19
-2,99,-4
-71,95,-13
-89,83,-30
-128,101,-59
-128,127,-61
-128,91,-49
-128,63,-6
-84,69,-14
-128,127,10
-128,-128,21
-74,110,-16
-51,91,-40
14,127,-9
124,127,-15
27,127,-25
-33,88,-47
93,127,-41
77,127,-72
84,106,-49
88,103,-30
49,61,-4
34,11,3
-1,-28,-6
11,4,-33
13,86,-24
-46,95,-25
-70,92,-31
-128,117,-36
-128,127,-30
-128,90,-21
-128,75,-12
-64,127,-92
-126,-80,2
-71,49,7
-49,104,-23
8,127,-12
92,127,-21
75,127,-10
-14,91,-39
46,125,-34
99,127,-30
77,127,-75
96,104,-10
73,90,7
16,9,32
3,-25,17
18,54,-18
10,105,1
-43,95,-3
-112,106,-36
-128,127,-47
-128,127,-57
-128,82,-34
-128,53,18
-128,127,37
-128,-116,31
-71,112,-3
-56,87,-48
-1,127,4
112,127,-12
63,127,-31
-6,66,-63
34,76,-42
126,127,-29
70,108,-62
65,107,-47
62,96,-9
41,35,-4
-3,-26,5
13,7,-15
14,89,-25
-36,93,-20
-71,87,-21
-128,119,-45
-128,127,-46
-128,103,-14
-109,63,10
-79,110,-128
-39,-52,60
-46,-5,-26
-46,111,-16
-32,127,4
114,127,-12
38,127,-21
16,127,-51
37,120,-21
83,127,-24
69,122,-77
99,106,-27
90,90,-6
30,19,2
-5,-19,17
12,11,-30
11,84,-18
-11,82,-26
-73,80,-44
-102,101,-50
-128,127,-41
-128,127,-39
-128,58,-2
-111,127,-73
-128,127,42
-73,49,-12
-84,86,-38
-42,127,20
75,127,-12
104,127,6
5,127,-52
39,94,-40
51,127,-12
82,127,-53
93,127,-60
89,77,4
78,27,6
8,-46,14
5,30,-34
8,64,-26
-34,78,-15
-66,86,-22
-128,117,-40
-128,127,-41
-128,110,-23
-128,54,-2
-128,127,-128
-119,-128,-23
-75,39,26
-63,97,-18
-54,127,14
77,127,-8
88,127,3
-17,127,-43
8,81,-40
76,127,-15
77,126,-68
83,101,-54
78,86,-4
27,23,2
-2,-7,-9
2,15,-26
1,47,-33
-11,89,-21
-84,95,-26
-95,93,-38
-128,127,-54
-128,127,-51
-128,43,2
-128,127,-16
-116,-12,-18
-63,85,17
-72,79,-59
-26,127,1
36,127,-12
84,127,17
17,127,-64
-4,67,-42
53,127,-25
76,127,-47
84,127,-53
82,86,3
59,50,1
-3,-43,12
11,-11,-3
-1,60,-30
11,89,-9
-63,97,-17
-98,124,-32
-128,127,-26
-128,127,-32
-128,79,-12
-115,79,24
-128,127,127
-128,30,8
-46,69,27
-65,86,-78
-4,127,-6
51,127,-1
80,108,19
24,114,-66
26,63,-30
29,127,-24
73,127,-67
80,89,-39
64,72,-2
58,57,-4
2,1,7
1,10,-13
-5,46,-27
10,104,-16
-19,119,-29
-108,127,-47
-128,127,-44
-128,127,-35
-128,56,19
-123,78,-118
-128,28,-47
-76,-2,24
-41,67,-21
-51,89,-57
-10,127,-8
64,127,-17
61,104,0
38,96,-49
63,90,-24
83,116,-36
76,72,-45
63,68,-34
55,70,-15
19,31,12
-10,32,-16
-6,43,-27
-8,99,-7
-92,127,-7
-128,127,-19
-128,127,-40
-128,72,14
-128,69,1
12,127,108
-76,63,-31
-35,40,24
-26,96,-6
-36,67,-26
-50,73,-14
-24,123,0
8,127,-11
43,122,-12
46,96,-5
29,107,-18
62,92,-31
49,56,-43
61,82,-33
50,60,-9
27,35,2
9,24,-14
15,42,-19
12,80,-13
-37,127,-13
-128,127,-36
-128,127,-32
-128,107,-4
-128,79,28
-4,127,94
-128,37,-74
-20,39,-18
-27,53,8
-19,74,-29
-33,61,-15
-22,67,-16
-27,71,-17
-24,59,-17
-30,27,-21
-31,38,-21
-22,62,-35
-21,76,-57
-25,58,-71
-50,53,-65
-26,54,-59
-2,37,-36
-10,59,-19
-2,76,6
20,91,29
19,98,34
27,97,38
23,97,40
18,83,21
10,71,10
0,68,5
-22,68,0
-33,66,-2
-89,74,-10
3,40,26
-12,26,30
-29,16,-46
-46,39,-68
-31,81,12
-32,63,-5
-54,41,-17
-49,57,-22
-52,62,-19
-54,94,-18
-45,116,-15
1,127,-16
44,103,13
38,78,21
42,96,-10
45,91,-15
11,125,-59
32,104,-42
1,74,-23
9,36,5
8,27,13
4,46,0
-5,69,-8
-16,72,0
-62,76,-13
-84,89,-17
-128,99,-19
-128,112,-21
-128,56,0
-119,84,10
-8,127,86
-126,-12,-10
-29,95,-1
-39,59,-21
-50,72,-36
-62,125,0
4,127,-9
45,127,-17
72,127,3
34,106,-32
-12,108,-60
58,127,-46
49,123,-72
48,114,-24
44,10,8
4,-29,4
-9,-33,-15
6,21,-35
4,66,-15
-17,64,-15
-59,104,-26
-108,127,-41
-128,127,-47
-128,76,-8
-128,50,15
-77,127,25
-62,-5,-59
-54,111,-6
-51,59,-44
-62,98,-12
-15,127,6
36,127,2
87,127,4
41,99,-36
-32,76,-58
72,127,-41
76,127,-77
76,124,-27
93,104,-25
39,7,6
22,-12,-13
25,24,-17
4,85,2
-16,90,-15
-71,90,-26
-128,114,-36
-128,127,-14
-128,94,8
-128,55,29
-97,127,-110
-128,116,30
-48,55,-8
-54,85,-36
-53,127,5
31,127,-2
66,127,-3
30,127,-29
26,126,-54
10,104,-50
65,127,-61
69,127,-63
67,98,-12
68,80,2
31,-16,32
16,-3,-9
16,24,-33
6,76,-16
-29,77,-26
-86,87,-40
-128,127,-45
-128,127,-45
-128,92,-6
-128,61,2
14,127,-100
-128,127,113
-60,46,13
-64,59,-46
-52,121,-28
36,127,-3
76,127,-8
34,127,-14
-12,83,-43
37,108,-50
91,127,-57
55,121,-74
77,105,-32
76,89,-7
20,10,19
13,-17,-8
9,20,-32
7,68,-19
-44,73,-13
-71,85,-28
-128,127,-55
-128,127,-67
-128,76,-34
-128,58,-7
68,127,-31
-128,-93,18
-58,61,-22
-43,75,-39
-50,127,-15
71,127,-6
74,127,-22
21,127,-36
-51,63,-71
32,127,-32
72,127,-68
67,127,-73
88,110,-9
49,12,5
15,-19,15
27,-15,-29
23,69,-17
12,79,-15
-17,79,-21
-67,88,-29
-128,127,-43
-128,127,-50
-128,63,-10
-128,76,4
-127,127,127
-78,43,69
-48,100,-18
-44,112,-7
-48,127,4
76,127,-14
101,127,-24
13,127,-41
-6,99,-52
83,127,-12
54,127,-77
62,122,-62
82,100,-8
41,-1,7
-2,-55,18
15,11,-22
11,33,-38
-10,81,-26
-67,95,-24
-108,118,-41
-128,127,-58
-128,127,-52
-128,60,9
-101,90,11
-128,127,127
-86,20,47
-68,119,-9
-50,119,-14
-49,127,4
81,127,-10
72,127,-17
22,127,-41
5,103,-52
82,127,-15
64,127,-75
73,108,-57
86,83,1
24,4,12
-9,-45,16
9,24,-24
11,85,-8
-18,81,-19
-71,83,-25
-92,93,-41
-128,127,-48
-128,127,-40
-128,52,0
-114,127,-54
-77,11,1
-75,115,27
-67,69,-43
-53,127,9
-6,127,5
89,127,0
9,127,-47
65,113,-30
50,127,-13
88,127,-37
53,119,-61
81,97,-10
75,61,2
1,-34,17
6,-36,8
0,30,-35
9,72,-21
-40,80,-30
-69,75,-36
-110,101,-38
-128,127,-28
-128,79,-14
-128,54,12
2,127,-128
-128,127,67
-52,46,-11
-61,84,-38
-50,127,-8
8,127,-14
101,127,-19
28,127,-39
5,87,-30
83,127,-3
103,127,-39
52,120,-56
86,108,-15
76,80,3
4,2,14
-6,-56,14
2,14,-37
21,86,-11
-8,92,-25
-69,93,-17
-128,121,-42
-128,127,-44
-128,127,-34
-128,56,6
10,122,-128
-128,127,127
-45,8,11
-63,98,-11
-57,127,-6
49,127,-15
88,127,-12
35,127,-18
25,127,-48
22,111,-42
73,127,-23
55,127,-77
88,113,-36
90,104,-10
28,1,5
-16,-43,17
21,-9,-15
14,73,-27
9,100,-15
-73,104,-16
-86,92,-32
-128,127,-36
-128,127,-25
-128,61,7
-117,63,-128
-128,127,14
-88,-44,-17
-43,64,25
-54,127,5
27,127,-25
69,127,-14
49,122,-2
29,127,-51
-52,51,-63
76,127,-31
64,119,-57
58,106,-44
61,110,-28
69,68,-12
23,19,3
3,-33,5
19,29,-29
25,82,-24
-26,118,-17
-69,121,-10
-112,104,-39
-128,127,-33
-128,116,-17
-128,31,27
-74,40,-77
-128,127,62
-62,22,4
-55,93,-31
-38,127,8
16,127,-8
58,119,-12
41,76,4
17,98,-47
4,83,-40
56,127,-28
64,123,-63
63,102,-51
61,94,-28
19,10,26
-21,-31,10
11,25,-24
16,53,-31
-13,106,-21
-45,115,-12
-77,127,-30
-128,127,-44
-128,124,-29
-128,49,11
98,103,-128
-128,127,77
-35,-4,-3
-24,60,9
-56,95,-38
-33,127,3
26,127,-12
59,127,-2
8,66,6
22,82,-33
18,72,-33
44,99,-50
51,102,-33
40,82,-13
32,53,-23
2,21,1
-1,4,-19
2,27,-19
4,69,-12
2,93,-5
-37,127,-11
-90,127,-19
-125,127,-14
-128,78,27
-128,72,29
81,127,55
-128,127,14
-9,42,10
-20,67,1
-18,70,-14
-30,58,-16
-15,61,-17
-15,58,-13
-16,57,-16
-14,59,-13
-11,61,-12
-6,64,-14
-9,65,-16
-13,68,-20
-8,64,-23
-25,73,-14
-21,91,-15
-9,118,-20
-11,69,-33
-32,60,-28
-27,46,-31
0,22,-34
15,19,-5
14,24,11
15,28,19
-2,43,19
-14,52,14
-33,71,9
-35,79,14
-23,95,32
-17,97,45
-39,97,58
23,58,-12
-4,70,-1
-14,66,-20
-11,62,-13
7,62,-7
2,65,-11
2,63,-13
3,63,-14
4,63,-13
3,61,-14
7,61,-18
5,66,-16
6,61,-11
7,61,-11
5,63,-15
3,61,-13
3,61,-14
-1,61,-18
-1,61,-19
4,64,-20
2,63,-20
5,62,-21
4,62,-21
3,61,-20
2,61,-19
2,61,-18
3,61,-18
2,62,-17
4,62,-19
7,62,-17
5,63,-19
5,62,-19
6,62,-19
6,62,-18
7,61,-17
7,63,-15
8,63,-13
8,64,-14
4,63,-16
2,64,-12
0,64,-9
-2,64,-7
-5,63,-9
-6,62,-9
-6,64,-3
-6,64,-5
-4,50,-44
-1,46,-56
-15,66,-15
-23,74,12
10,61,9
2,64,-4
-4,60,-17
6,61,-18
11,63,-12
31,60,-1
32,60,-4
11,66,-9
3,65,-9
2,64,-7
9,64,-4
11,65,-5
5,64,-9
6,63,-6
8,64,-6
6,65,-7
7,63,-7
5,64,-8
6,63,-8
6,62,-8
6,64,-7
6,64,-8
5,63,-7
4,63,-8
3,63,-7
4,63,-7
3,64,-7
5,64,-8
3,64,-7
4,63,-7
4,63,-7
4,63,-7
5,63,-8
4,64,-8
5,64,-9
6,63,-9
6,63,-9
6,63,-9
6,63,-9
5,64,-9
6,63,-9
7,63,-9
6,63,-9
6,63,-9
6,63,-10
6,64,-9
5,63,-10
5,63,-10
6,63,-9
5,63,-9
5,63,-9
5,63,-10
6,63,-10
5,63,-10
6,63,-10
6,63,-10
6,63,-11
6,63,-10
6,63,-10
6,63,-10
6,63,-10
6,63,-10
6,63,-10
6,63,-11
6,63,-10
7,63,-10
5,63,-10
5,62,-10
6,63,-10
7,63,-10
7,63,-11
7,63,-11
7,63,-11
7,63,-11
8,63,-11
7,63,-11
7,63,-11
7,63,-11
7,63,-11
7,63,-11
7,62,-11
7,63,-11
7,63,-11
7,63,-11
8,63,-11
7,63,-11
7,63,-11
7,63,-11
7,63,-11
7,63,-11
7,63,-11
7,63,-10
7,63,-10
7,63,-11
7,63,-11
7,63,-10
7,63,-9
8,63,-10
7,63,-10
6,63,-11
7,63,-10
7,64,-10
5,63,-11
5,63,-10
5,63,-10
5,63,-10
5,64,-10
5,63,-9
5,63,-9
4,64,-9
4,63,-8
6,64,-7
6,63,-7
5,63,-7
6,63,-7
7,63,-7
6,64,-7
6,63,-6
8,64,-6
7,63,-7
6,64,-7
8,62,-6
7,64,-5
6,64,-5
5,63,-6
4,63,-6
5,63,-6
4,64,-5
5,63,-5
5,63,-6
6,64,-6
5,63,-6
4,63,-6
5,63,-6
5,63,-6
5,64,-7
5,64,-7
6,63,-7
6,64,-8
6,63,-8
6,63,-8
7,63,-8
7,63,-9
7,63,-9
8,63,-9
8,63,-9
7,63,-9
7,63,-10
7,63,-9
8,62,-10
8,63,-10
8,63,-10
9,63,-10
9,63,-11
9,63,-11
9,63,-11
10,62,-11
10,62,-11
10,63,-10
10,62,-11
9,62,-11
9,63,-11
9,62,-11
9,62,-11
9,62,-11
9,62,-11
10,62,-11
9,63,-11
9,62,-11
9,63,-11
8,62,-12
8,63,-11
9,62,-11
9,63,-11
9,62,-11
9,63,-10
9,63,-11
8,62,-11
8,63,-11
9,63,-10
9,62,-10
8,63,-10
9,63,-11
8,63,-11
9,63,-10
9,62,-10
9,63,-10
8,63,-11
9,63,-10
8,63,-10
8,63,-10
8,63,-10
8,62,-10
7,63,-10
7,63,-9
7,63,-10
7,63,-9
7,63,-10
7,63,-9
7,63,-9
7,63,-9
7,63,-9
8,63,-9
7,63,-9
7,63,-9
6,62,-9
7,63,-8
7,63,-8
7,63,-7
7,63,-8
7,63,-8
7,63,-7
7,63,-8
6,63,-8
6,63,-8
7,64,-7
7,63,-8
7,63,-8
8,63,-8
8,63,-8
9,63,-8
8,63,-8
8,63,-8
8,63,-8
8,63,-8
8,63,-8
8,63,-8
8,63,-8
9,63,-8
8,63,-8
9,63,-8
9,63,-8
9,63,-9
9,63,-9
8,63,-9
9,63,-9
9,63,-9
9,63,-9
9,62,-10
9,63,-9
8,62,-10
8,63,-9
9,62,-10
9,62,-10
9,63,-9
7,62,-10
7,62,-10
7,63,-10
7,63,-10
8,63,-10
7,63,-10
8,63,-10
9,63,-11
8,63,-11
9,63,-10
9,63,-10
9,63,-11
8,63,-11
8,62,-11
8,63,-10
9,63,-11
9,63,-11
9,63,-11
9,62,-11
10,63,-10
9,62,-10
9,62,-10
8,63,-10
7,63,-11
9,63,-11
8,63,-11
7,63,-10
8,63,-11
7,62,-11
7,63,-11
7,63,-11
10,63,-11
9,63,-12
10,62,-11
10,63,-11
10,63,-12
9,61,-13
7,63,-12
5,62,-12
6,63,-12
8,63,-12
8,63,-13
7,62,-13
5,62,-12
5,63,-11
7,63,-11
8,62,-12
8,63,-11
7,63,-12
7,63,-12
6,63,-11
7,63,-11
7,63,-11
6,63,-11
6,63,-11
7,63,-11
6,63,-12
6,62,-12
6,62,-11
7,63,-11
5,63,-12
6,63,-12
7,63,-12
7,62,-12
6,63,-13
7,61,-12
6,63,-11
6,63,-12
5,62,-12
9,62,-12
10,62,-11
6,63,-11
7,62,-11
7,63,-11
7,63,-12
7,62,-12
9,63,-11
9,63,-11
9,62,-12
8,62,-12
8,62,-11
8,62,-11
8,62,-12
7,62,-12
7,63,-11
8,63,-12
7,63,-12
8,62,-12
8,62,-11
7,63,-12
8,63,-12
7,62,-11
7,62,-11
7,62,-12
7,63,-12
7,63,-12
7,63,-12
8,62,-12
8,63,-12
8,62,-13
8,62,-12
9,62,-12
9,62,-12
8,63,-13
9,62,-13
8,62,-13
7,62,-13
6,62,-13
9,62,-13
8,62,-13
8,62,-16
6,61,-16
7,62,-14
8,62,-14
8,62,-15
8,62,-14
9,62,-14
8,62,-14
8,62,-14
7,61,-14
8,62,-14
7,62,-14
8,62,-14
7,62,-14
7,62,-14
8,61,-14
8,61,-14
8,62,-13
9,61,-14
8,62,-14
8,62,-14
8,62,-14
8,62,-14
8,61,-14
9,62,-14
9,61,-14
9,62,-15
7,61,-15
8,62,-15
8,62,-14
9,61,-15
8,62,-15
8,62,-15
8,61,-15
8,62,-15
8,61,-15
8,61,-15
9,61,-15
8,62,-15
8,62,-15
8,62,-15
9,61,-15
9,62,-15
9,61,-15
9,61,-14
9,61,-15
9,61,-15
9,61,-14
9,61,-15
8,61,-15
9,62,-15
9,61,-14
9,62,-15
9,62,-15
9,62,-15
9,61,-15
9,61,-15
9,62,-15
9,62,-15
9,62,-14
8,62,-15
9,62,-14
9,61,-14
9,62,-14
9,61,-14
9,62,-14
9,61,-14
9,61,-14
9,62,-14
9,62,-14
9,62,-14
9,62,-14
9,62,-14
9,62,-14
9,62,-14
9,62,-14
9,61,-14
9,62,-14
9,62,-14
10,62,-14
9,62,-14
9,62,-14
9,61,-14
9,61,-14
9,62,-14
9,62,-14
9,62,-14
9,62,-14
8,62,-14
9,62,-14
9,62,-14
9,62,-14
8,62,-14
8,62,-14
