1479956522.000000, 1479956522.000000, 1479956522.000000
32.000000, 32.000000, 32.000000
-10,-63,-7
-10,-63,-7
-10,-62,-7
-10,-63,-7
-10,-63,-8
-10,-62,-8
-10,-62,-7
-10,-63,-8
-10,-63,-7
-10,-63,-7
-10,-62,-8
-10,-63,-6
-10,-63,-5
-11,-63,-5
-12,-63,-6
-11,-63,-4
-12,-63,-4
-12,-62,-5
-12,-62,-5
-13,-62,-4
-14,-62,-5
-13,-62,-5
-13,-62,-4
-12,-62,-5
-11,-63,-4
-11,-63,-4
-11,-62,-5
-11,-62,-5
-11,-63,-5
-10,-63,-6
-10,-63,-6
-10,-64,-6
-9,-63,-5
-10,-62,-5
-10,-63,-5
-10,-62,-5
-10,-63,-6
-10,-63,-6
-10,-63,-6
-10,-63,-6
-9,-63,-6
-9,-63,-6
-9,-63,-6
-9,-63,-6
-9,-63,-6
-10,-63,-6
-9,-63,-6
-9,-63,-7
-9,-63,-6
-9,-63,-6
-9,-63,-7
-9,-63,-7
-10,-63,-6
-10,-63,-6
-9,-63,-6
-9,-63,-6
-9,-63,-6
-9,-63,-6
-9,-62,-6
-10,-63,-6
-10,-63,-6
-10,-63,-6
-10,-63,-6
-10,-63,-5
-10,-63,-5
-10,-63,-6
-10,-62,-6
-10,-63,-6
-10,-63,-6
-10,-63,-6
-9,-63,-6
-9,-63,-6
-9,-63,-6
-9,-63,-6
-8,-63,-5
-8,-63,-5
-8,-63,-6
-8,-63,-6
-9,-63,-6
-9,-63,-6
-10,-63,-6
-10,-63,-6
-10,-63,-6
-10,-63,-6
-10,-63,-6
-10,-63,-6
-10,-63,-6
-10,-63,-6
-9,-63,-6
-9,-63,-6
-10,-63,-5
-10,-63,-6
-10,-63,-6
-10,-63,-6
-10,-63,-5
-10,-63,-5
-10,-63,-6
-10,-63,-6
-10,-63,-6
-10,-63,-5
-10,-63,-5
-10,-63,-6
-10,-63,-5
-10,-63,-5
-10,-63,-5
-10,-63,-5
-10,-63,-6
-10,-63,-6
-10,-63,-6
-10,-63,-5
-10,-63,-6
-10,-63,-6
-10,-63,-5
-10,-63,-6
-10,-63,-6
-10,-63,-5
-10,-63,-6
-10,-63,-5
-11,-63,-5
-11,-62,-6
-11,-63,-6
-11,-63,-6
-11,-62,-6
-11,-62,-6
-11,-62,-6
-10,-63,-7
-10,-63,-7
-11,-63,-7
-10,-63,-7
-11,-63,-7
-11,-63,-7
-10,-63,-7
-11,-63,-7
-10,-63,-7
-10,-63,-7
-11,-63,-7
-10,-62,-7
-10,-63,-7
-10,-63,-7
-11,-62,-7
-10,-63,-6
-10,-63,-7
-10,-63,-6
-10,-62,-6
-10,-63,-6
-10,-63,-6
-9,-63,-6
-9,-63,-6
-9,-63,-6
-9,-63,-6
-9,-63,-6
-10,-63,-6
-9,-63,-6
-9,-63,-6
-10,-62,-6
-10,-63,-6
-9,-63,-6
-8,-63,-6
-9,-63,-5
-8,-63,-6
-9,-63,-6
-9,-63,-6
-9,-63,-6
-8,-63,-6
-9,-62,-7
-9,-62,-7
-9,-63,-6
-9,-63,-7
-9,-63,-7
-9,-63,-7
-9,-63,-7
-9,-63,-7
-9,-63,-6
-9,-63,-7
-9,-63,-7
-9,-63,-7
-9,-63,-7
-9,-63,-7
-9,-63,-7
-9,-63,-7
-8,-63,-7
-9,-63,-7
-8,-63,-6
-9,-63,-6
-9,-63,-6
-9,-63,-7
-9,-63,-7
-9,-63,-6
-9,-63,-6
-9,-63,-6
-9,-63,-6
-9,-63,-6
-9,-63,-6
-8,-63,-6
-8,-63,-6
-8,-63,-6
-8,-63,-6
-9,-63,-6
-8,-63,-6
-8,-63,-6
-8,-63,-6
-8,-63,-6
-8,-63,-6
-9,-63,-6
-9,-63,-6
-9,-63,-6
-9,-63,-6
-8,-63,-6
-8,-63,-6
-9,-63,-6
-8,-63,-6
-9,-63,-6
-9,-63,-5
-9,-63,-6
-9,-63,-6
-9,-63,-6
-9,-63,-6
-9,-63,-5
-10,-63,-5
-10,-63,-6
-10,-63,-5
-9,-63,-5
-9,-63,-5
-9,-63,-6
-11,-62,-6
-12,-62,-6
-12,-62,-6
-12,-62,-6
-11,-63,-6
-11,-62,-6
-12,-62,-6
-12,-63,-6
-12,-62,-6
-12,-62,-7
-12,-62,-7
-11,-62,-6
-10,-63,-6
-9,-63,-6
-9,-63,-5
-9,-63,-5
-9,-63,-5
-10,-63,-6
-10,-63,-5
-11,-63,-6
-11,-62,-6
-11,-63,-6
-11,-63,-6
-10,-63,-6
-9,-63,-6
-10,-64,-5
-10,-63,-5
-10,-62,-6
-10,-62,-6
-10,-63,-6
-11,-63,-6
-11,-63,-6
-10,-63,-6
-9,-62,-6
-9,-63,-6
-8,-63,-6
-6,-63,-5
-6,-63,-5
-5,-63,-5
-5,-64,-4
-5,-63,-4
-5,-64,-4
-5,-63,-4
-4,-63,-4
-5,-63,-4
-5,-63,-4
-5,-64,-4
-5,-64,-3
-5,-63,-4
-5,-63,-4
-5,-63,-3
-5,-63,-3
-4,-64,-3
-3,-63,-3
-3,-64,-3
-4,-63,-3
-4,-64,-3
-3,-64,-3
-4,-63,-3
-4,-63,-3
-4,-63,-3
-4,-63,-4
-4,-64,-4
-4,-63,-3
-4,-63,-3
-4,-64,-3
-3,-64,-3
-4,-63,-3
-4,-63,-3
-4,-64,-4
-5,-64,-3
-5,-63,-3
-4,-63,-3
-4,-63,-3
-4,-63,-3
-5,-64,-3
-5,-64,-2
-5,-63,-3
-5,-64,-3
-5,-63,-3
-5,-63,-3
-4,-63,-2
-5,-63,-2
-5,-64,-2
-4,-64,-3
-4,-64,-2
-4,-63,-2
-3,-63,-3
-3,-63,-3
-3,-64,-2
-3,-64,-2
-4,-63,-2
-4,-64,-2
-4,-63,-2
-4,-63,-2
-4,-64,-2
-4,-64,-2
-3,-63,-2
-3,-63,-2
-4,-64,-3
-5,-63,-2
-4,-63,-3
-4,-63,-3
-4,-64,-2
-3,-63,-2
-3,-63,-2
-3,-63,-1
-3,-63,-2
-3,-64,-2
-4,-64,-2
-3,-63,-2
-4,-63,-3
-3,-63,-3
-5,-64,-4
-5,-64,-3
-4,-63,-3
-4,-63,-3
-4,-63,-4
-5,-64,-4
-6,-63,-5
-5,-64,-5
-5,-63,-5
-5,-63,-5
-5,-64,-4
-4,-63,-5
-4,-63,-4
-4,-63,-5
-4,-64,-4
-4,-64,-4
-4,-63,-4
-5,-63,-4
-5,-63,-5
-4,-63,-5
-5,-63,-4
-4,-63,-4
-4,-64,-5
-5,-63,-5
-5,-63,-5
-5,-63,-4
-6,-66,-11
-6,-61,-2
-7,-64,-6
-6,-62,-5
-6,-64,-5
-6,-64,-4
-12,-62,-7
-11,-61,-6
-7,-63,-4
-6,-63,-5
-6,-63,-6
-8,-66,-8
-9,-67,-10
-13,-66,-8
-18,-77,-14
-14,-79,-27
-41,-56,-12
-55,-47,-9
-50,-45,-6
-43,-49,-6
-25,-62,1
-2,-73,-2
16,-74,0
42,-69,6
55,-62,6
62,-59,-14
34,-36,-65
2,-76,10
-3,-64,-7
1,-69,-18
-1,-65,-16
-2,-63,-9
0,-63,-7
1,-63,-5
2,-61,-8
0,-62,-10
0,-61,-10
8,-68,-7
14,-72,-6
12,-78,-10
-13,-114,-6
-16,-118,-5
-60,-116,-41
-55,-104,-38
6,-128,-40
90,-128,-21
15,-128,-3
-4,-74,-7
-17,-36,2
-36,7,2
-35,18,1
-27,21,0
-6,19,5
17,18,3
72,-16,5
112,-40,1
127,-71,6
127,-73,-73
-128,-128,54
13,-64,-9
11,-63,-7
12,-65,-3
6,-65,-6
3,-63,-12
5,-63,-13
-1,-64,-15
-4,-64,-16
-3,-67,-14
1,-70,-18
-2,-83,-6
-6,-86,-1
-13,-92,-6
-24,-99,-8
-68,-93,-20
-33,-107,-24
94,-128,-13
22,-128,-22
13,-115,-11
-22,-36,-25
-39,-9,-20
-52,16,-14
-42,31,-12
-38,26,-6
2,21,-6
34,8,-11
116,-41,2
127,-59,8
127,-41,-36
-87,-128,5
36,-30,-6
11,-62,-3
15,-65,-8
7,-68,-9
9,-64,-10
10,-63,-11
3,-66,-12
4,-65,-10
2,-72,-10
2,-70,-9
3,-72,-12
-2,-80,-9
-3,-83,-9
-16,-89,6
-39,-89,-4
-36,-84,-31
45,-128,-18
127,-128,-27
20,-128,-27
25,-107,-15
-21,-37,-8
-35,4,-10
-37,13,-1
-34,18,-1
-26,20,2
-15,10,0
29,0,-4
52,-15,-5
113,-54,-7
124,-64,-3
-20,-128,12
-55,-104,-36
2,-62,-16
10,-64,-4
10,-65,-7
8,-64,-8
7,-62,-10
7,-64,-10
1,-64,-13
2,-62,-11
0,-64,-10
-3,-67,-11
4,-71,-9
11,-73,-4
-7,-86,-3
-16,-93,-2
-32,-102,-4
-55,-78,-23
55,-128,-25
98,-128,-18
22,-128,-19
8,-122,-12
-6,-57,-10
-23,-32,-15
-46,6,-11
-33,18,-2
-38,17,-3
-29,10,3
-4,7,5
61,-20,-2
119,-59,-3
127,-59,0
10,-128,49
-66,-95,-52
7,-64,-16
11,-65,1
12,-65,-5
8,-67,-10
7,-63,-10
6,-63,-11
6,-64,-8
4,-63,-7
3,-64,-9
-3,-65,-10
2,-68,-14
4,-72,-9
0,-84,-2
-8,-96,-4
-28,-110,9
-51,-69,-19
-11,-104,-21
124,-128,-36
55,-128,-37
9,-108,-10
-10,-81,-20
-26,-26,-9
-37,7,-12
-27,10,-13
-18,6,-10
-16,6,-1
-1,4,5
47,-15,-2
106,-44,-2
120,-56,8
105,-54,15
-53,-128,13
-59,-128,-34
1,-62,-12
9,-67,-3
12,-62,-5
6,-65,-11
5,-62,-11
6,-64,-13
3,-64,-11
0,-63,-12
0,-64,-9
-4,-65,-14
2,-64,-14
5,-78,-4
3,-78,-5
0,-87,-10
-6,-98,-2
-50,-115,-11
-42,-61,-12
24,-113,-25
88,-128,-37
16,-128,-14
-2,-100,-16
-12,-70,-14
-26,-22,-11
-16,7,-5
-20,17,-7
-16,15,-1
-18,13,-2
4,7,-1
41,-13,-2
72,-31,-5
123,-57,1
127,-84,-23
-68,-128,-34
29,-13,7
11,-61,3
13,-64,-6
9,-67,-10
10,-62,-12
11,-62,-10
6,-64,-7
5,-66,-9
4,-65,-12
-1,-72,-13
4,-85,-4
-5,-88,-5
-6,-91,-4
-29,-97,-5
-49,-72,-18
10,-92,-32
102,-128,-32
19,-128,-13
5,-124,-18
-13,-57,-16
-31,-31,-20
-30,10,-10
-34,17,-9
-30,13,-6
-24,12,-3
11,4,5
55,-17,-2
85,-39,-2
121,-52,1
127,-69,-33
-108,-128,-18
40,-53,-6
0,-68,-2
12,-65,0
11,-65,-3
6,-63,-11
7,-62,-12
7,-63,-10
3,-64,-7
7,-63,-8
3,-65,-9
-1,-64,-11
7,-73,-2
7,-86,-4
2,-88,-2
-9,-96,-2
-29,-103,-15
-44,-61,-21
19,-127,-31
110,-128,-28
27,-128,-14
5,-109,-22
-23,-59,-10
-22,-32,-12
-27,1,-6
-20,6,-10
-18,4,-8
-2,9,0
4,7,-11
36,-12,-14
68,-31,0
84,-39,0
108,-51,0
88,-21,13
-128,-128,7
58,-5,-20
5,-60,1
10,-62,-4
9,-67,-10
5,-62,-17
7,-62,-17
2,-65,-14
2,-61,-13
3,-65,-13
3,-65,-11
-1,-69,-10
10,-64,-15
13,-62,-8
19,-48,-10
24,-54,4
20,-60,-6
40,-44,8
52,-51,23
29,-128,-11
-75,-128,-13
-71,-40,27
104,-106,-33
84,-126,-32
-6,-128,-54
-25,-112,-41
-26,-77,-38
-60,-30,-15
-47,-9,-9
-27,14,-20
-16,10,-18
-12,3,-16
-9,-20,-12
-8,-30,-13
5,-48,-11
25,-65,-9
78,-128,-17
127,-128,1
127,-128,14
127,-111,-44
-127,-128,-5
-3,-40,-17
7,-66,0
-3,-64,-16
-9,-63,-17
-7,-60,-16
-4,-68,-14
2,-66,-16
0,-64,-15
-2,-78,-6
-1,-73,-6
0,-78,-9
-6,-93,-9
-23,-106,-11
-47,-116,-37
-44,-114,-8
4,-128,-40
90,-113,-16
1,-110,-15
1,-76,0
7,-29,-7
-1,10,-1
-4,9,2
-7,10,1
-4,11,4
18,7,3
59,-12,-1
78,-25,1
90,-53,5
89,-61,1
-57,-128,27
-33,-58,-38
24,-63,-2
9,-65,-5
7,-67,-3
5,-64,-7
4,-63,-9
5,-64,-13
3,-64,-11
1,-66,-11
-1,-64,-10
-4,-66,-12
7,-66,-10
6,-73,-11
-4,-87,1
-5,-89,-6
-10,-91,3
-49,-105,-21
-62,-98,-38
19,-121,-19
127,-122,-16
38,-128,-33
17,-82,-9
11,-59,-19
-9,-17,-14
-15,9,-6
-27,11,-7
-18,9,-6
-16,7,-4
6,3,-4
26,-6,-2
64,-35,-4
91,-67,-1
91,-73,0
-1,-65,8
-36,-68,-20
37,-46,0
6,-64,-4
6,-60,-3
7,-65,-6
4,-66,-10
7,-63,-12
5,-63,-14
6,-64,-11
5,-63,-8
3,-62,-6
7,-65,-14
7,-68,-11
5,-79,4
-1,-85,-12
-4,-86,-7
-28,-106,-2
-51,-113,-24
-8,-90,-21
22,-123,-23
81,-128,-30
4,-110,-17
1,-84,-17
-16,-29,-14
-25,1,-6
-23,11,-4
-17,15,-7
-16,12,-7
3,6,-3
21,-1,0
66,-29,-1
113,-54,2
109,-59,14
-128,-100,14
-19,-128,-29
-2,-64,0
9,-61,0
8,-63,-3
6,-65,-13
7,-64,-15
4,-64,-14
4,-64,-13
3,-63,-13
-1,-62,-15
-2,-61,-16
-4,-62,-20
11,-70,-9
8,-75,-10
0,-85,-6
-6,-98,-2
-46,-122,-21
-64,-100,-23
8,-114,-17
60,-128,-16
12,-128,-21
2,-91,-24
-10,-63,-24
-11,-20,-19
-21,-4,-18
-8,9,-12
-8,13,-6
-8,9,-1
9,1,6
27,-7,7
85,-34,12
107,-49,15
119,-54,17
-96,-107,-30
-19,-128,-5
3,-67,-1
7,-60,0
8,-63,-3
5,-65,-11
5,-64,-14
1,-63,-16
0,-63,-14
1,-63,-11
1,-62,-10
-4,-63,-10
-5,-65,-16
6,-67,-13
3,-81,-6
-4,-89,-2
-9,-98,-4
-49,-114,-16
-70,-108,-36
14,-122,-22
35,-128,-23
34,-128,-20
14,-108,-8
5,-56,-13
-18,-13,-12
-32,0,-11
-22,15,-4
-21,15,-3
-17,10,2
14,6,6
32,-6,4
95,-43,0
110,-58,6
-27,-103,13
-4,-82,7
28,-44,-4
13,-67,-4
13,-64,-1
10,-65,-8
8,-64,-10
9,-63,-10
8,-63,-10
7,-64,-9
6,-63,-6
1,-63,-7
3,-63,-8
1,-71,-12
11,-77,-1
0,-82,-6
-1,-88,-11
-19,-108,3
-40,-109,-13
-40,-90,-29
32,-128,-33
120,-128,-21
16,-119,-17
7,-60,-15
-8,-37,-16
-32,-1,-15
-24,13,-9
-21,15,-12
-18,14,-13
9,9,-10
33,-8,-12
58,-21,-11
97,-46,1
102,-58,5
31,-128,87
-70,-124,-5
26,-51,-7
10,-62,-4
9,-64,1
8,-64,-7
7,-64,-11
6,-63,-16
2,-63,-16
3,-63,-14
3,-63,-12
-1,-62,-12
-1,-63,-11
-1,-63,-11
5,-66,-10
4,-80,-8
5,-83,-1
-10,-109,2
-27,-119,-9
-59,-98,-23
22,-121,-23
54,-128,-25
24,-126,-28
17,-107,-13
5,-57,-18
-3,-33,-14
-20,-1,-8
-23,10,-4
-26,4,-5
-18,6,1
-8,6,3
22,-8,-4
74,-39,1
107,-55,10
127,-114,-37
-28,-95,36
14,-60,-3
5,-68,-3
12,-63,-1
7,-66,-8
7,-65,-10
7,-63,-13
5,-64,-14
3,-63,-13
1,-62,-13
2,-61,-12
0,-63,-13
0,-63,-11
2,-65,-12
7,-69,-8
7,-79,-5
-3,-91,0
-11,-109,-4
-48,-127,-25
-48,-69,-15
19,-115,-26
80,-128,-30
18,-128,-12
3,-91,-18
-7,-67,-13
-16,-23,-16
-15,6,-2
-17,10,-2
-25,5,-1
-14,6,4
7,3,5
54,-22,1
88,-38,7
125,-51,8
127,-45,-52
-57,-128,15
5,-65,-4
-1,-64,0
9,-65,-2
7,-66,-7
8,-64,-12
9,-63,-13
5,-63,-13
5,-63,-11
6,-61,-10
4,-63,-10
1,-62,-13
3,-61,-10
5,-63,-12
3,-69,-7
2,-86,-8
-3,-94,-5
-29,-120,-7
-54,-71,-17
-27,-85,-26
57,-128,-19
97,-128,-28
19,-118,-8
13,-97,-16
1,-44,-10
-10,-30,-14
-28,3,-5
-28,7,-7
-29,9,-10
-19,2,-13
-11,-2,-14
8,-20,-4
64,-56,0
91,-78,5
112,-74,18
57,-44,-13
-50,-33,15
15,-65,-15
4,-60,4
7,-63,-2
3,-64,-9
3,-62,-10
4,-64,-13
2,-64,-13
2,-63,-12
1,-62,-11
0,-63,-11
0,-62,-12
-1,-62,-12
3,-64,-11
1,-62,-11
-3,-65,-16
-3,-67,-13
-6,-60,-6
-6,-64,-8
-1,-66,-14
-1,-64,-12
3,-59,-20
1,-58,-5
2,-59,-1
-2,-59,4
-8,-67,-4
-4,-66,-4
-3,-64,-5
-4,-64,-4
-6,-62,-3
-4,-62,-3
-5,-63,-5
-4,-65,-4
-3,-63,-2
-4,-64,-2
-4,-64,-2
-4,-63,-4
-4,-63,-3
-5,-64,-4
-3,-64,-3
-4,-64,-3
-5,-63,-4
-3,-64,-4
-4,-64,-4
-5,-63,-3
-5,-63,-4
-5,-63,-4
-5,-63,-4
-5,-64,-4
-5,-63,-4
-5,-63,-4
-5,-64,-4
-4,-63,-4
-5,-64,-4
-5,-63,-4
-5,-63,-4
-5,-63,-4
-5,-63,-4
-5,-63,-4
-5,-63,-4
-5,-63,-4
-5,-63,-4
-5,-63,-4
-5,-63,-4
-5,-63,-4
-5,-63,-4
-5,-63,-4
-5,-64,-4
-4,-64,-5
-4,-63,-4
-5,-64,-5
-5,-64,-5
-4,-64,-4
-5,-63,-5
-6,-63,-4
-5,-64,-5
-5,-63,-4
-5,-63,-2
-2,-65,-2
-3,-66,-5
-6,-64,-9
-6,-63,-5
-6,-64,-5
-8,-63,-8
-7,-63,-7
-4,-66,-2
-3,-66,-2
-3,-68,-3
-4,-65,-7
-2,-64,-27
25,-66,11
8,-72,10
6,-62,3
3,-60,1
-17,-58,7
-23,-57,-2
-19,-56,-15
-20,-57,-23
-31,-53,-20
-27,-54,-26
-18,-57,-13
-20,-69,1
5,-61,-11
-36,-59,-38
-12,-72,-18
-3,-62,-6
5,-65,-4
-6,-63,-15
-7,-65,-14
-1,-64,-18
-1,-64,-17
-3,-61,-13
2,-64,-10
-3,-62,-17
10,-67,-9
8,-62,-13
15,-62,-3
6,-65,-8
16,-59,4
5,-90,0
13,-78,-9
20,-75,4
5,-110,5
-9,-114,-8
-30,-88,-38
32,-6,23
-52,35,-18
-60,-13,-14
-15,-18,-4
2,-42,1
21,-55,6
48,-69,10
70,-72,13
46,-71,8
51,-79,20
62,-112,16
38,-86,-3
29,-75,-3
25,-93,-32
-97,-128,-55
40,-26,24
32,-59,3
12,-67,-4
6,-66,-21
5,-65,-8
6,-67,-11
3,-63,-14
11,-66,-10
-3,-69,-12
18,-48,-16
9,-78,-4
10,-81,-13
24,-70,-11
-9,-126,3
-3,-103,-15
60,-17,23
16,8,13
-38,-23,11
-6,-29,0
-3,-37,7
4,-56,7
18,-67,2
31,-59,3
43,-65,13
47,-70,0
52,-80,1
44,-89,-6
34,-75,-25
31,-70,-22
32,-100,-37
-128,-128,59
40,-25,27
26,-48,-8
25,-61,11
5,-67,-19
11,-65,-7
8,-73,-11
15,-66,5
14,-55,5
23,-50,1
13,-73,-5
14,-80,-2
-11,-128,3
-27,-128,-11
-29,-55,-38
33,18,7
-81,-7,-17
-21,-22,-6
5,-24,-18
21,-47,-3
23,-60,-7
51,-59,-13
46,-69,-11
81,-76,-13
67,-89,6
50,-94,-4
42,-69,-1
38,-68,-55
-128,-128,-47
-116,-128,42
36,-51,-26
26,-58,18
8,-72,-19
6,-65,-1
10,-61,-1
16,-60,-11
2,-57,-13
2,-64,-5
8,-62,-13
10,-55,-12
13,-64,-4
8,-85,-8
5,-103,4
-18,-118,4
-18,-95,0
2,-35,-3
18,20,13
-14,-37,-22
9,-13,-9
3,-26,6
-4,-36,9
-1,-37,7
14,-49,0
40,-65,9
66,-68,15
63,-80,2
61,-86,-6
46,-83,2
43,-85,3
20,-70,3
-87,-128,-26
-86,-128,31
34,-51,-13
23,-68,-16
7,-68,-9
7,-67,-8
8,-64,-3
10,-63,-22
10,-63,-13
1,-68,-13
1,-69,-8
12,-63,-5
22,-46,-8
32,-44,-2
12,-97,-7
13,-106,-5
-13,-128,-5
-20,-70,-36
-3,-34,-12
-33,45,19
-58,17,-14
-1,-17,-12
10,-37,6
13,-44,5
28,-58,-3
37,-68,-4
58,-57,-4
59,-79,3
74,-73,-3
73,-83,-11
65,-79,-22
68,-62,-77
32,-83,5
-128,-128,16
84,17,18
36,-62,-11
16,-68,-6
12,-66,-4
8,-66,-4
14,-63,-6
13,-63,-6
15,-67,-3
5,-80,2
11,-60,-10
25,-56,2
21,-66,1
14,-97,-7
-2,-117,-3
-11,-97,-9
-2,-31,-22
48,14,18
-56,-4,-24
-9,-18,-3
4,-26,-4
7,-40,8
10,-55,12
22,-71,13
35,-73,5
71,-87,14
82,-80,9
76,-75,13
62,-73,7
77,-70,-50
-109,-105,-104
-95,-116,-46
45,3,22
52,-69,-3
18,-60,-3
15,-70,-7
11,-70,-7
8,-65,-6
16,-64,-6
8,-68,-4
3,-72,-4
11,-67,-9
24,-49,-5
27,-45,2
19,-85,-3
10,-112,-5
-14,-128,-8
-16,-109,-14
27,-19,29
-68,37,-25
-34,-12,7
-2,-11,-2
2,-29,11
4,-44,15
32,-56,5
47,-58,3
79,-69,8
82,-79,-4
85,-89,-4
51,-83,-13
42,-68,-20
39,-75,-35
-80,-98,-27
-117,-128,-20
64,10,17
20,-54,-9
20,-71,-6
8,-68,-8
15,-64,-1
16,-64,0
15,-66,-2
7,-76,-6
-6,-88,-5
20,-41,-6
34,-31,7
17,-64,4
24,-74,-1
10,-118,2
-5,-114,-4
-3,-81,-21
48,-11,3
20,6,2
-37,-5,2
-8,-11,-10
-3,-26,-5
6,-40,0
13,-46,4
31,-63,6
55,-86,-2
80,-86,-4
78,-93,-1
83,-89,14
42,-66,-8
44,-85,-10
-111,-124,-57
-95,-128,29
17,-73,3
32,-61,-10
21,-59,-2
16,-60,-7
15,-66,-4
16,-63,-1
15,-65,-2
12,-67,-5
7,-74,-1
-2,-79,0
22,-56,1
22,-52,-2
34,-54,2
14,-104,2
5,-120,0
-2,-98,-11
-18,-51,-41
33,-3,6
-33,14,-27
-3,-16,-4
-9,-19,-8
0,-36,3
-4,-45,6
17,-63,6
20,-74,7
22,-94,11
29,-106,3
35,-108,-5
33,-87,-9
31,-79,-14
14,-69,-13
7,-64,-17
-128,-80,-37
30,-16,14
61,-63,-1
20,-72,-7
21,-69,-13
11,-66,0
11,-64,-9
11,-66,-11
6,-65,-15
4,-63,-11
6,-67,-6
5,-66,-5
13,-62,-12
10,-76,-12
3,-80,-11
-2,-91,-2
-16,-118,0
-37,-128,-14
5,-118,-28
-28,-84,-40
-43,-42,-25
-49,-18,4
-20,-17,-7
-10,-25,-2
-10,-38,-1
7,-54,5
6,-63,1
29,-86,-5
48,-92,-12
73,-107,-11
111,-91,-2
108,-102,-6
-122,-123,-6
29,-128,-4
38,-72,-4
3,-64,-1
6,-68,-8
-5,-64,-11
3,-66,-5
10,-63,-11
8,-65,-7
3,-67,-11
6,-71,-10
-5,-77,-5
10,-55,-3
25,-43,-4
19,-62,-2
20,-65,-12
7,-115,9
-18,-128,-9
-17,-104,-16
18,-14,25
-1,40,19
-31,-16,-6
-1,-14,-10
10,-31,5
14,-44,3
17,-49,0
39,-50,5
40,-56,5
58,-77,4
80,-94,-6
60,-86,-11
36,-74,-2
8,-87,-61
-79,-128,-26
35,-22,22
47,-58,1
14,-69,3
-10,-64,-20
13,-68,-12
8,-63,-12
14,-57,-10
11,-67,-3
1,-58,-16
23,-59,2
18,-65,5
11,-74,-11
3,-97,1
-8,-117,5
-21,-88,-23
-2,-49,0
-25,8,3
4,-30,-6
1,-21,-25
7,-25,-10
15,-43,-1
30,-45,4
33,-44,0
36,-54,7
65,-62,7
55,-73,1
45,-94,7
50,-88,-2
34,-77,-12
15,-80,-55
-17,-93,-54
-10,-95,15
46,-20,18
33,-56,8
12,-72,-12
9,-68,-11
17,-65,-4
13,-68,-7
10,-64,-9
14,-65,-3
-6,-79,-8
33,-42,0
29,-60,15
2,-90,-9
6,-104,-5
-18,-112,1
41,-1,36
-13,57,6
-3,-23,-1
2,-16,-15
16,-43,12
22,-52,12
39,-66,7
51,-61,10
53,-59,12
55,-61,4
26,-66,6
28,-72,0
44,-76,-14
35,-73,-9
26,-85,-5
-94,-111,-105
-11,-103,11
58,-18,14
19,-61,-5
11,-67,-14
14,-70,-7
11,-62,-4
13,-63,-5
8,-67,-7
-2,-67,-11
12,-59,-15
2,-74,3
6,-63,-6
17,-67,-1
17,-64,-9
25,-69,1
-8,-126,3
-11,-116,-8
-18,-52,-50
28,-18,17
-41,29,-33
4,-17,3
-7,-19,-6
11,-39,15
10,-50,13
27,-65,5
48,-81,0
72,-68,1
46,-73,2
39,-70,1
52,-84,-24
49,-71,-14
35,-80,-111
-92,-115,-53
-87,-128,46
47,-25,13
15,-53,-13
41,-29,-6
-5,-86,-7
5,-73,-7
13,-65,-6
16,-63,-3
8,-64,-7
13,-61,0
17,-63,-1
14,-79,-1
9,-91,2
-9,-104,-5
-5,-100,-9
-11,-57,-49
33,14,32
-38,32,-29
14,-14,-5
1,-20,-22
12,-30,3
14,-49,4
24,-57,5
55,-57,0
58,-69,2
50,-74,11
46,-81,7
45,-94,-8
30,-66,1
9,-61,3
-22,-94,-34
-128,-128,-30
68,23,26
30,-64,-4
11,-60,-6
9,-67,-15
9,-65,-5
11,-64,-5
11,-63,-5
5,-67,-8
12,-64,-9
8,-68,-4
13,-54,-2
26,-60,1
15,-80,-6
12,-97,1
-4,-121,0
-12,-97,-12
-15,-65,-17
47,-2,33
-50,-6,-33
-8,-22,1
0,-19,-7
11,-27,10
14,-38,9
32,-58,7
50,-63,-3
47,-82,13
51,-81,7
48,-81,5
34,-83,3
43,-75,-6
35,-63,-30
34,-80,3
-110,-98,-55
-122,-128,2
50,-54,5
13,-63,-21
11,-67,-9
9,-65,-8
10,-61,1
12,-63,-5
13,-65,-4
3,-68,-10
6,-75,-5
1,-72,3
14,-58,-4
25,-59,-4
20,-89,1
6,-105,0
3,-104,-4
11,-79,-30
19,-55,-4
-37,11,1
-29,40,-20
-28,-15,2
0,-24,3
6,-27,9
22,-54,16
43,-66,17
63,-76,7
67,-89,-2
57,-92,-5
45,-85,-22
40,-71,-9
43,-59,-6
62,-86,-56
-115,-128,-8
58,32,18
51,-54,-8
1,-57,-11
12,-66,-12
14,-67,-2
10,-68,-8
15,-49,-15
11,-74,2
-1,-83,-5
22,-64,-1
16,-68,4
23,-59,-6
13,-94,4
-7,-107,1
1,-87,-2
-7,-71,-11
41,-5,26
-61,-3,-18
-30,-26,9
-7,-24,-8
4,-35,3
3,-47,8
48,-67,7
58,-75,1
77,-83,4
68,-86,1
61,-83,-9
37,-77,-19
56,-68,-18
-87,-94,-50
-118,-128,23
98,2,17
23,-62,-15
10,-71,0
19,-60,-10
14,-66,2
9,-76,-1
14,-71,1
10,-72,-3
21,-48,-11
34,-46,10
27,-62,7
30,-61,-1
19,-90,7
5,-109,5
-26,-98,-12
42,-33,23
14,-3,-15
36,-30,-17
22,-6,-28
9,-4,10
11,-31,20
32,-41,13
57,-71,12
71,-85,12
75,-108,19
61,-101,13
127,-114,-69
-13,-37,1
4,-70,1
-12,-62,-13
-12,-58,-15
-14,-63,-12
-15,-61,-12
-24,-58,-17
-21,-61,-14
-13,-63,-10
-11,-62,-11
-11,-61,-10
-14,-61,-9
-12,-63,-10
-14,-62,-12
-15,-61,-12
-15,-61,-12
-13,-62,-9
-13,-61,-8
-13,-61,-9
-12,-62,-11
-12,-62,-11
-14,-61,-10
-14,-62,-10
-13,-62,-10
-12,-62,-10
-13,-62,-10
-13,-62,-10
-14,-62,-10
-13,-62,-10
-12,-62,-10
-12,-62,-10
-13,-61,-10
-13,-62,-10
-13,-62,-10
-12,-63,-10
-12,-62,-10
-12,-62,-10
-12,-62,-10
-13,-61,-9
-13,-61,-9
-12,-62,-10
-12,-62,-10
-12,-62,-10
-13,-62,-10
-12,-62,-10
-12,-62,-10
-10,-62,-10
-11,-62,-10
-14,-62,-11
-12,-62,-9
-11,-62,-10
-13,-61,-9
-13,-63,-8
-11,-62,-9
-11,-61,-10
-12,-63,-11
-10,-62,-10
-7,-62,-7
-4,-63,-8
-4,-63,-8
-11,-63,-8
-11,-63,-8
-13,-62,-10
-13,-62,-12
-12,-62,-10
-10,-62,-9
-9,-62,-10
-10,-63,-10
-10,-63,-9
-11,-62,-9
-12,-62,-9
-12,-61,-9
-11,-62,-9
-11,-63,-8
-9,-64,-8
-9,-61,-7
-9,-62,-7
-12,-62,-7
-9,-63,-6
-12,-63,-10
-12,-63,-9
-17,-61,-9
-19,-63,-12
-19,-63,-11
-20,-80,-15
-44,-103,-10
-33,-73,2
-61,-36,10
-65,-38,-4
-40,-54,-16
-25,-66,-24
8,-66,-44
25,-58,-58
95,-54,-91
-16,-106,-111
-36,-96,20
-2,-66,4
-1,-65,-16
1,-67,-7
-3,-63,1
-1,-64,-2
8,-64,-5
7,-64,0
-13,-66,1
3,-69,0
-2,-72,0
-4,-85,-6
-10,-87,-5
-28,-98,-20
-52,-122,-24
-28,-128,-32
45,-93,-39
21,-68,-63
6,-47,-31
12,-42,-27
8,-34,-33
21,-29,-33
34,-30,-26
35,-33,-15
37,-31,-13
44,-31,-4
42,-32,-4
50,-34,-4
66,-57,-2
57,-64,6
56,-66,8
66,-81,-3
70,-56,-14
-27,-52,12
-91,-128,26
13,-69,-13
-1,-64,1
5,-77,-7
0,-68,-11
16,-61,-13
21,-62,-4
17,-62,-5
14,-70,3
23,-82,3
-6,-128,27
-80,-128,-34
-94,-74,-37
13,-90,-27
37,-128,-43
21,-128,-39
-24,-88,-39
-35,-36,-26
-51,30,-14
-52,37,-14
-32,40,-11
-28,33,-3
42,4,-5
127,-42,14
127,-20,32
-106,-108,87
0,-70,-63
2,-57,-1
13,-61,-7
16,-66,-6
9,-67,-4
8,-68,0
28,-82,5
27,-112,4
-82,-128,-8
-55,-42,0
97,-128,-52
68,-128,-46
4,-128,-62
-54,-64,-39
-57,26,-10
-69,35,-10
-45,51,-15
-9,48,-15
60,30,-4
96,4,25
120,25,17
-128,-94,52
19,-68,-27
14,-58,2
22,-63,11
13,-76,2
25,-96,3
14,-128,14
-119,-128,-59
-92,-53,0
89,-128,-41
10,-128,-41
-23,-128,-45
-63,-19,-40
-63,37,-32
-61,74,-40
-32,106,-41
6,102,-22
127,-9,13
127,-48,13
127,-128,9
-128,-128,42
27,-50,-8
21,-68,11
26,-69,2
30,-118,-3
-3,-128,10
-128,-128,-50
-79,-68,-1
100,-128,-38
5,-128,-46
-41,-128,-55
-64,42,-33
-72,71,-37
-37,117,-32
59,86,-23
106,35,-4
127,-20,26
98,-17,52
-128,-128,17
49,-45,19
10,-65,6
31,-69,-2
33,-91,-7
-20,-128,13
-128,-117,-39
-17,-58,0
118,-128,-60
18,-128,-55
-56,-96,-56
-68,-10,-42
-91,127,-35
-42,127,-16
9,97,-20
96,-12,-16
110,-31,18
-128,-126,127
20,-91,-64
15,-72,47
32,-77,13
30,-94,3
-28,-128,-2
-86,-128,-19
-45,-68,27
105,-128,-46
62,-128,-39
-27,-128,-47
-72,50,-37
-75,98,-39
-31,105,-27
16,78,-17
124,5,27
127,-20,34
36,13,53
127,-9,-15
-90,-128,-67
28,-38,13
17,-78,16
32,-106,8
26,-128,-3
-109,-128,-40
15,-55,6
20,-93,-21
23,-128,-28
4,-128,-41
-59,-71,-29
-59,3,-21
-53,51,-15
-29,57,-12
10,69,-25
95,67,-9
127,34,4
127,-31,-12
127,-128,-5
-128,-128,22
70,-5,-9
16,-48,26
22,-72,2
19,-92,9
25,-128,9
-101,-128,-26
-128,-94,-34
41,-95,-22
95,-128,-45
7,-128,-52
-64,-111,-41
-66,-20,-30
-92,53,-14
-82,74,-16
-47,41,-8
55,20,-8
96,2,7
127,-20,22
127,-35,30
127,0,-103
-56,-128,104
29,-53,-13
26,-63,14
27,-66,-5
24,-80,-1
24,-108,7
-7,-128,-4
-101,-128,-30
-101,-119,-20
-74,-128,-41
-20,-128,-43
-51,-128,-52
-55,-32,-34
-24,8,-19
-20,7,-37
16,17,-42
124,1,-3
127,-66,16
127,-125,7
127,-128,-11
-128,-123,26
39,-8,-24
27,-76,11
18,-94,-2
30,-115,4
-19,-128,13
-128,-98,-55
-39,-58,12
106,-128,-40
-18,-128,-55
-51,-128,-54
-79,21,-29
-93,99,-30
-42,125,-11
-1,103,-7
127,-18,8
127,-7,31
127,10,-128
53,31,-66
26,-61,-1
5,-73,6
19,-70,3
36,-107,-10
-79,-128,-15
-128,-128,-61
46,-88,-7
70,-106,-34
1,-128,-54
-65,-125,-54
-66,-36,-37
-51,42,-19
-25,39,-16
8,48,-21
37,65,-41
94,33,-14
103,-11,-3
91,10,-5
127,-128,41
-128,-128,47
29,-30,-28
14,-77,-14
22,-81,4
29,-123,4
-2,-128,5
-123,-128,-39
70,-86,-10
13,-61,-34
28,-128,-45
-8,-128,-53
-48,-77,-32
-48,2,-23
-52,52,-10
-2,64,7
12,73,2
95,36,17
116,12,10
100,29,19
-93,-128,80
-98,-128,-14
19,-33,-2
9,-99,14
30,-107,1
12,-128,4
-104,-128,-27
34,-64,3
37,-68,-11
27,-128,-32
-5,-128,-45
-64,-126,-48
-57,22,-20
-53,48,-15
-31,81,-19
-8,71,-19
70,49,-13
127,8,20
127,-6,18
42,25,23
127,-70,-37
-65,-128,16
5,-68,20
32,-40,-12
10,-87,-9
27,-95,2
-5,-128,2
-81,-128,-1
-54,-43,14
90,-102,-34
77,-128,-52
-6,-128,-60
-23,-111,-55
-42,9,-24
-45,60,-15
-32,77,-27
29,66,-11
61,59,-3
127,19,17
127,-10,22
65,-10,34
-128,-128,-29
-81,-128,-28
37,-11,-9
22,-62,-2
27,-76,-1
27,-114,10
0,-128,8
-116,-112,-46
-88,-31,-2
-8,-55,-27
29,-128,-40
-25,-128,-54
-28,-93,-25
-26,-33,-25
-19,35,-25
-31,28,-11
8,51,-2
59,41,18
89,34,22
107,16,3
80,29,7
-30,-128,55
-128,-128,-37
34,-31,18
21,-65,3
25,-72,5
30,-109,2
-7,-128,12
-112,-128,-27
49,-73,-5
-5,-62,-26
36,-128,-50
-15,-128,-45
-38,-67,-35
-31,-9,-20
-44,69,-10
-33,93,-16
-12,82,-8
59,38,4
85,10,7
108,-20,16
127,-124,-80
-128,-128,54
58,-26,21
3,-57,-7
22,-64,-2
34,-92,-2
22,-117,-4
-72,-128,-31
-107,-101,-53
43,-78,-3
48,-68,-34
15,-128,-35
-30,-128,-24
-33,-81,-17
-48,4,-17
-55,51,-9
-23,83,-24
33,48,-1
72,24,4
117,-9,25
106,-4,41
127,-128,-56
-128,-128,3
32,-33,19
24,-58,8
15,-77,1
29,-89,-9
7,-122,9
-52,-128,-4
-42,-33,-12
72,-76,-11
77,-74,-19
46,-103,-33
-36,-108,-49
-42,-88,-31
-36,-24,-22
-22,13,-5
-22,29,-4
7,31,9
-13,14,11
43,-30,26
62,-75,42
75,-82,38
42,-111,28
119,-128,-26
-2,-26,-10
-8,-70,-4
-32,-42,-21
-48,-58,-30
-11,-79,-16
-3,-57,-8
-7,-59,-5
-12,-62,-7
-6,-64,-14
-7,-63,-15
-13,-61,-9
-18,-60,-10
-17,-61,-15
-14,-61,-16
-13,-61,-15
-12,-61,-11
-9,-62,-10
-9,-62,-11
-9,-62,-11
-11,-62,-11
-10,-62,-11
-9,-63,-11
-10,-62,-11
-10,-62,-11
-11,-61,-11
-9,-63,-10
-9,-62,-10
-9,-62,-10
-10,-62,-10
-10,-62,-10
-10,-62,-11
-10,-62,-10
-10,-62,-10
-10,-62,-10
-10,-62,-10
-10,-62,-10
-9,-62,-11
-10,-62,-11
-10,-62,-11
-11,-62,-11
-11,-62,-11
-9,-62,-11
-9,-62,-10
-9,-62,-10
-9,-62,-11
-9,-63,-11
-9,-62,-10
-9,-62,-10
-9,-63,-11
-9,-62,-10
-8,-62,-10
-10,-62,-10
-9,-63,-10
-9,-62,-10
-10,-62,-10
-10,-62,-10
-10,-62,-10
-10,-62,-10
-9,-62,-10
-10,-62,-10
-11,-62,-8
-9,-63,-11
-9,-62,-12
-10,-62,-10
-11,-63,-8
-8,-62,-11
-8,-61,-11
-9,-62,-11
-10,-62,-9
-10,-63,-9
-9,-63,-9
-9,-63,-8
-10,-63,-8
-10,-62,-8
-10,-63,-8
-10,-63,-7
-9,-63,-8
-6,-64,-6
-11,-62,-7
-12,-63,-8
-11,-63,-8
-11,-63,-7
-12,-63,-8
-13,-61,-4
-15,-62,-4
-14,-62,-6
-14,-62,-7
-13,-62,-2
-14,-62,-1
-13,-63,-3
-15,-61,-2
-15,-62,-2
-15,-61,-4
-14,-61,-4
-16,-62,-4
-15,-62,-3
-15,-62,-5
-15,-62,-6
-13,-62,-5
-13,-62,-5
-14,-62,-5
-14,-63,-5
-13,-62,-4
-14,-62,-4
-13,-62,-4
-14,-62,-5
-14,-62,-6
-13,-62,-6
-12,-62,-6
-14,-63,-6
-11,-62,-5
-11,-63,-5
-13,-62,-7
-11,-63,-5
-10,-64,-6
-11,-62,-7
-12,-62,-8
-10,-63,-8
-11,-62,-9
-12,-63,-9
-11,-63,-8
-9,-63,-8
-11,-62,-7
-10,-63,-7
-9,-62,-7
-10,-62,-7
-11,-62,-10
-9,-62,-10
-10,-62,-10
-10,-63,-11
-10,-63,-10
-7,-64,-11
-6,-64,-10
-8,-63,-8
-7,-64,-10
-9,-63,-11
-10,-63,-11
-11,-62,-12
-11,-63,-10
-8,-63,-8
-2,-65,-10
-4,-69,-5
0,-67,3
5,-70,9
2,-72,-9
84,-97,-15
56,-92,9
8,-68,-9
-28,-68,1
-45,-62,14
-38,-46,14
-31,-43,8
-9,-44,-3
16,-39,-7
18,-39,-13
16,-43,-23
13,-37,-29
5,-39,-33
-3,-52,-26
-5,-64,-21
12,-72,-30
19,-68,-31
15,-54,-32
18,-40,-45
-37,-85,6
-128,-128,16
54,18,2
10,-70,-33
37,-56,6
5,-69,-16
13,-65,-14
10,-72,-15
21,-51,1
3,-60,-4
20,-49,-18
-8,-126,24
-8,-128,-3
-40,-128,-22
-73,-128,-50
-12,25,-13
-87,63,-30
-55,26,-11
13,5,-29
29,-16,-29
83,-49,0
88,-67,10
94,-90,13
91,-98,12
86,-83,12
49,-60,10
91,-38,-31
-108,-102,-124
-128,-128,45
64,-68,11
4,-63,-1
21,-68,2
11,-83,-5
21,-101,-23
-15,-128,25
-68,-119,-94
14,-62,-12
-98,72,-10
-128,15,-4
-59,6,-7
-22,-7,-17
58,-30,-15
94,-76,8
115,-116,2
127,-125,-7
127,-89,10
127,-75,-53
-118,-125,-97
-81,-128,59
106,32,40
37,-79,1
-6,-128,24
-23,-128,14
-104,-128,-77
-69,10,-25
-79,95,-32
-83,49,0
20,28,3
32,23,-24
100,-33,1
102,-76,7
127,-121,5
127,-109,-4
127,-85,-72
-128,-128,-48
-128,-128,-91
8,-61,15
14,-54,-36
15,-128,18
-13,-128,9
-89,-128,-39
-49,30,14
-121,127,-36
-89,49,5
-27,43,-12
54,-25,-29
115,-94,10
127,-122,25
127,-92,33
127,-73,-39
-128,-128,-71
-26,-74,-118
85,28,-61
32,-116,6
-14,-128,26
-74,-128,-18
-123,-128,-112
-105,32,-23
-128,32,-7
-92,53,-6
-2,26,-8
67,-24,10
127,-111,18
127,-128,43
127,-57,-19
-128,-128,-115
-128,-128,68
127,-38,35
-1,-90,-18
-15,-128,27
-113,-128,-63
-128,-116,-17
-128,50,-39
-116,29,19
-3,37,-15
112,-35,-18
123,-65,-9
127,-125,15
127,-78,-20
127,-128,-58
-128,-128,-103
-128,-128,-43
11,-66,27
24,-107,-15
-32,-128,38
-67,-128,-25
6,-37,16
-128,94,-30
-128,44,-12
-65,49,-13
6,21,-14
76,-72,-7
116,-128,6
127,-128,19
127,-43,27
98,-48,13
-94,-106,-36
-128,-128,-128
-22,-125,6
71,-64,-16
6,-84,-9
-32,-128,3
-64,-128,-30
-51,-89,-35
-105,103,-20
-128,25,-11
-74,54,-6
-5,25,6
82,-52,-6
127,-128,17
127,-128,-6
127,-94,12
97,-52,0
-99,-128,-3
-58,-59,-70
89,61,34
17,-101,1
38,-95,7
8,-128,12
-23,-128,1
-98,-128,-64
-118,-128,-84
-15,-39,-80
-76,-87,-28
-37,-47,-46
-19,-62,-22
-6,-99,-64
54,-102,-40
120,-128,16
127,-128,39
127,-109,84
127,-44,73
18,-78,-128
127,-128,127
76,-99,-5
45,-72,8
15,-85,-22
-34,-128,58
-41,-128,32
-34,-79,-15
-56,-54,-43
-128,-50,-1
-119,37,-32
-83,55,-62
-23,89,-48
43,17,-26
81,-21,-21
127,-62,30
127,-122,3
127,-120,-90
-128,-128,-17
-115,-43,-124
-15,-128,-79
-45,-128,-2
-128,-128,-9
-106,1,-19
-128,26,-37
-22,21,-17
83,-15,-18
127,-97,41
127,-104,58
127,-92,24
127,-64,25
127,-67,-65
-128,-128,-128
-128,-128,121
50,-67,22
18,-70,23
11,-81,-19
2,-128,-34
-35,-128,8
-109,-128,-73
31,-51,-5
-98,69,-12
-128,20,-26
-53,40,-21
-3,4,-23
47,-16,-10
97,-69,24
123,-108,25
127,-114,26
127,-57,46
127,-128,-20
-64,-128,-59
-128,-128,22
75,-105,28
43,-61,-2
1,-124,43
-55,-128,-25
-89,-128,-60
-77,112,0
-128,108,-46
-71,26,-20
49,9,-12
81,-34,3
117,-107,31
127,-114,-1
127,-64,18
-59,-128,-33
-128,-128,-103
-82,-83,-87
127,-44,64
19,-42,-17
-6,-128,27
-20,-128,14
-86,-126,-68
-2,-68,-12
-128,109,-9
-128,43,-21
-83,-3,-4
38,-21,-2
76,-56,14
118,-116,32
127,-128,13
127,-86,8
127,-45,-15
-42,-128,-76
-128,-128,44
-105,-69,-94
12,-89,-7
8,-49,-17
2,-128,34
-62,-128,-12
-128,-128,-91
-51,25,-34
-128,33,6
-92,33,6
10,2,-11
55,-32,-2
121,-70,51
126,-84,25
127,-102,-3
127,-51,19
126,-128,-99
-36,-121,80
-128,-128,-54
5,-62,11
19,-122,-17
-19,-128,31
-75,-128,-32
-124,-128,-86
-124,106,0
-128,43,-34
-78,23,-7
0,7,-10
80,-71,24
127,-128,61
127,-90,-5
127,-53,15
127,-54,18
-110,-128,-69
-75,-128,127
-123,-110,-111
23,-76,-2
19,-64,0
21,-104,-27
-42,-128,8
-72,-128,-14
-1,-21,-18
-77,79,-20
-95,37,1
-70,41,-26
30,37,-17
76,-40,6
95,-79,11
127,-128,7
127,-101,23
127,-81,5
-110,-116,-35
-59,-128,12
88,-68,36
15,-128,-10
-128,-128,-60
-128,-128,-128
-115,13,-58
-128,66,-42
-128,66,-49
-113,-53,1
55,-128,-1
127,-112,-12
-128,127,89
23,-128,-107
26,-53,32
31,-53,-15
22,-59,7
15,-70,-6
18,-65,-3
11,-66,-6
10,-65,-1
6,-64,-2
8,-62,-3
6,-62,-1
4,-63,-1
2,-64,-4
4,-64,-1
4,-66,-5
6,-64,-4
5,-66,-5
3,-64,-4
-2,-61,-7
-4,-59,-1
-1,-67,-4
-8,-45,-16
-23,-51,-19
-28,-77,-16
-18,-74,-16
-6,-57,-12
-8,-59,-4
-4,-63,-4
-3,-62,-10
-3,-61,-12
-9,-63,-9
-12,-64,-7
-8,-64,-7
-5,-63,-9
-5,-63,-9
-5,-62,-7
-7,-63,-7
-9,-63,-7
-10,-63,-9
-8,-63,-9
-8,-62,-8
-8,-62,-7
-7,-63,-7
-4,-63,-8
-4,-63,-7
-6,-63,-7
-7,-62,-8
-8,-62,-9
-7,-64,-9
-7,-63,-8
-7,-63,-8
-8,-62,-10
-7,-63,-9
-7,-63,-8
-5,-63,-9
-5,-64,-8
-5,-62,-8
-8,-63,-11
-7,-64,-9
-3,-63,-8
-2,-63,-7
-2,-64,-6
-1,-65,-4
-2,-62,-6
-2,-61,-5
-2,-63,-5
-2,-64,-5
-3,-64,-5
-3,-64,-4
-2,-63,-4
-2,-63,-4
-4,-64,-5
-5,-65,-5
-6,-62,-4
-8,-64,-6
-8,-64,-5
-6,-62,-5
-6,-61,-5
-5,-62,-6
-7,-65,-8
-9,-69,-4
-8,-69,-3
-9,-72,-2
-12,-74,-6
-8,-74,-4
-18,-68,-5
-21,-61,-4
-25,-58,-3
-24,-55,-1
-26,-51,0
-22,-55,5
-20,-59,5
-17,-64,3
-16,-65,3
-16,-65,2
-15,-65,-2
-13,-64,-4
-8,-64,-4
-4,-64,-7
-1,-64,-7
3,-61,-6
8,-60,-6
21,-58,-6
23,-70,-1
-18,-68,11
12,-125,-24
8,-66,0
5,-67,2
-3,-62,-7
-2,-68,-6
-1,-64,-9
0,-67,-10
0,-64,-9
0,-64,-8
1,-68,-8
-1,-66,-12
0,-65,-10
4,-59,-9
8,-58,-8
12,-63,-7
10,-69,-1
8,-71,-2
8,-73,-12
5,-77,-10
-16,-97,-22
-30,-114,-19
-13,-104,-29
13,-128,-37
-30,-86,-29
-28,-54,-16
-44,-29,5
-29,-22,16
-19,-24,13
-21,-36,18
-10,-46,29
-13,-52,30
-6,-79,23
-4,-90,11
29,-115,-8
61,-114,-2
83,-109,-4
98,-71,-17
21,-69,-25
-80,-97,-12
36,-101,19
5,-37,-8
0,-65,-13
-6,-66,-8
-13,-68,-6
-12,-62,-12
-7,-62,-10
-8,-60,-10
-6,-61,-10
-6,-65,-11
-2,-67,-7
6,-69,-2
1,-74,0
2,-74,0
-2,-77,-4
-1,-79,-6
-15,-97,-12
-22,-100,-8
-49,-107,-51
50,-128,-37
-4,-116,-50
8,-61,-19
-38,-24,-22
-15,-17,12
-7,-21,-7
-13,-29,-11
-4,-48,4
3,-55,9
-4,-73,6
1,-91,-10
7,-103,-15
20,-114,-22
32,-119,-1
76,-93,-6
104,-79,-13
82,-95,-12
-74,-91,-9
6,-128,-14
15,-43,-10
8,-67,-10
-2,-67,-7
-13,-65,-8
-11,-64,-12
-8,-63,-15
-6,-63,-10
-7,-63,-15
-4,-63,-14
-3,-65,-13
4,-72,1
4,-75,1
2,-73,-8
2,-73,-13
-7,-87,-6
-25,-108,-11
-37,-111,-24
-35,-102,-56
60,-128,-28
-39,-58,-44
29,-49,-10
-47,-21,0
-3,-18,8
-6,-18,-5
-26,-34,-5
-22,-48,3
-12,-73,14
-9,-100,10
0,-118,0
32,-128,-14
55,-128,11
127,-94,1
116,-97,-12
-22,-76,-45
-9,-128,-32
52,-103,11
12,-69,-7
2,-66,-8
0,-69,-3
-3,-65,-14
-3,-65,-15
-2,-64,-15
-3,-64,-17
-2,-64,-14
-4,-66,-8
-2,-71,-7
3,-71,-10
5,-76,-8
-8,-88,-5
-14,-94,-7
-42,-120,-27
-41,-111,-78
59,-128,-30
-27,-53,-39
26,-38,-5
-41,-12,8
-2,-13,2
-1,-17,-6
-15,-35,-1
-14,-59,10
-5,-69,17
-3,-89,7
1,-102,0
21,-128,-16
41,-128,-4
109,-105,-2
127,-78,1
41,-79,-9
-37,-128,-29
77,-123,-7
19,-65,-10
5,-62,-9
-8,-66,-6
-7,-63,-20
-6,-63,-19
0,-63,-16
-1,-63,-17
-2,-67,-14
-3,-69,-10
-2,-71,-5
5,-72,-9
7,-80,-7
-3,-83,-7
-11,-86,-5
-36,-109,-26
-41,-117,-54
7,-128,-44
-21,-102,-49
23,-22,-10
-43,-15,-9
-20,-8,11
-3,-15,3
-23,-32,-3
-31,-49,5
-11,-68,19
-13,-77,14
-4,-95,7
7,-126,-2
21,-128,0
68,-120,5
127,-88,4
110,-100,-24
-71,-120,-2
24,-128,-13
24,-46,-9
9,-66,-10
4,-69,-8
-2,-67,-3
-9,-64,-13
1,-66,-18
-1,-64,-13
-5,-63,-17
-4,-60,-17
-5,-61,-12
-4,-65,-15
3,-68,-9
4,-78,-1
1,-83,-4
-5,-93,-17
-9,-107,-14
-41,-122,-15
-19,-103,-61
58,-128,-39
-26,-37,-26
27,-38,-1
-37,-16,1
6,-18,11
0,-14,-6
-16,-31,-2
-17,-44,1
-9,-66,8
-3,-91,2
5,-110,-7
17,-128,-24
45,-128,-3
120,-90,3
118,-82,7
13,-87,-29
-53,-128,-17
77,-128,1
21,-59,-11
1,-59,-15
-1,-66,-7
-5,-67,-12
-1,-63,-18
1,-66,-15
-3,-65,-17
-79,-103,-82
-128,0,-115
10,-61,-10
-2,-65,-9
3,-69,-12
3,-80,-8
1,-80,-10
-9,-93,-6
-39,-111,-24
-55,-117,-41
37,-128,-35
-18,-77,-55
31,-37,1
-28,-43,-12
-19,-10,17
0,-13,0
-14,-18,-7
-25,-39,5
-21,-48,9
-13,-70,17
-9,-103,6
2,-125,-3
40,-128,-8
57,-128,11
127,-76,3
32,-70,-42
-61,-95,-8
71,-119,-5
27,-71,-5
3,-61,-12
2,-66,-10
-3,-68,-2
-4,-64,-16
-3,-65,-15
-6,-65,-13
-4,-64,-15
-3,-62,-13
-5,-64,-11
-3,-69,-10
0,-73,-2
-2,-79,-3
-5,-86,-8
-11,-92,-4
-38,-119,-15
-65,-108,-74
29,-124,-32
-1,-92,-49
16,-2,-9
-45,-12,-10
-1,-14,11
1,-13,0
-15,-26,-5
-21,-39,-3
-13,-65,5
-7,-91,8
-5,-105,-2
14,-128,-20
36,-128,1
112,-99,5
127,-75,9
84,-93,-16
-37,-106,19
-18,-128,-30
24,-57,0
13,-60,-12
2,-67,-4
-4,-67,-4
-8,-66,-12
-4,-64,-14
-1,-64,-11
-4,-64,-14
-4,-63,-15
-3,-65,-9
-4,-68,-9
-2,-70,-8
0,-82,-9
1,-81,-9
-9,-100,-5
-49,-128,-12
-86,-121,-64
56,-128,-35
30,-123,-35
46,-16,3
-39,-23,-1
-9,-6,16
-11,-14,-5
-20,-26,-9
-20,-46,-1
-21,-68,6
-14,-82,9
-10,-115,-8
4,-128,-16
47,-128,10
77,-121,11
127,-79,3
-81,-77,-46
-50,-128,-9
37,-81,-5
24,-52,-3
1,-63,-14
3,-69,-4
-6,-67,-9
-4,-64,-16
-2,-65,-12
-5,-64,-17
-4,-65,-16
-6,-63,-13
-2,-66,-12
-1,-70,-10
0,-72,-3
-1,-80,-12
-6,-86,-2
-10,-97,-1
-45,-120,-16
-18,-112,-59
57,-128,-31
-28,-55,-55
37,-32,3
-43,-17,1
0,-12,10
-11,-11,-4
-18,-29,2
-26,-41,5
-19,-65,15
-15,-101,10
-12,-124,1
42,-128,-23
54,-128,12
127,-83,-5
127,-90,-13
-59,-85,-49
45,-128,-2
37,-75,1
-3,-59,-12
2,-65,-15
-3,-69,-2
-7,-64,-9
-5,-64,-10
-5,-62,-14
-8,-63,-16
-10,-61,-14
-9,-62,-14
-7,-65,-13
-3,-68,-14
-2,-71,-7
0,-83,-6
-2,-83,-9
-7,-101,-16
-37,-118,-7
-74,-110,-56
37,-128,-28
39,-123,-32
31,-24,3
-33,-20,2
-20,-13,23
-15,-13,2
-22,-20,1
-24,-35,5
-24,-44,6
-14,-68,11
-15,-104,0
-3,-128,-15
68,-128,-17
58,-128,17
127,-72,4
-128,-54,-35
2,-100,19
55,-114,-24
23,-66,-6
1,-62,-10
1,-67,-5
-15,-64,-11
-10,-60,-18
-5,-67,-11
-4,-64,-12
-5,-63,-15
-7,-64,-14
-2,-67,-11
-3,-68,-5
2,-74,-9
2,-74,-5
-2,-82,-5
-10,-92,-8
-32,-116,-18
-61,-110,-71
10,-112,-42
7,-114,-43
16,-36,-4
-49,-24,-11
-10,-13,16
-4,-13,8
-19,-26,-6
-20,-34,-3
-17,-52,-1
-11,-79,0
-6,-98,-3
10,-128,-28
36,-128,-42
74,-121,11
127,-78,7
74,-99,-17
-49,-128,-26
88,-128,-11
10,-48,-11
-3,-58,-17
2,-68,-2
-2,-66,-6
-1,-63,-11
2,-66,-12
-3,-64,-13
-2,-65,-16
-2,-64,-14
-7,-64,-10
0,-68,-8
-1,-70,-6
-1,-78,-13
-3,-81,-6
-12,-100,-12
-41,-121,-12
-72,-113,-62
56,-128,-23
35,-124,-35
39,-20,3
-42,-9,1
-17,-8,21
-17,-11,2
-21,-21,-4
-25,-42,5
-26,-50,7
-16,-76,9
-13,-119,-1
-6,-128,-15
60,-128,-18
56,-128,9
127,-68,5
-42,-82,-28
-38,-73,6
50,-119,-14
29,-81,2
3,-62,-12
1,-63,-11
-8,-66,-8
-12,-61,-16
-8,-62,-17
-7,-62,-11
-9,-64,-14
-1,-66,-12
-3,-63,-12
-2,-67,-12
-2,-71,-7
-2,-71,-5
1,-78,-12
-2,-82,-7
-11,-105,-17
-44,-127,-16
-68,-110,-69
52,-128,-26
21,-112,-36
37,-24,6
-44,-13,7
-20,-9,22
-16,-11,3
-21,-22,-1
-24,-40,8
-22,-61,8
-18,-76,10
-9,-120,1
3,-128,-16
56,-128,3
84,-125,-1
127,-86,-8
-66,-76,-26
-54,-128,-15
32,-80,1
8,-52,-7
4,-65,-10
-9,-66,-3
-15,-64,-13
-5,-62,-14
-4,-62,-10
-5,-66,-12
-4,-64,-14
-8,-62,-13
-3,-66,-9
-1,-67,-8
1,-73,-4
4,-77,-3
0,-83,-3
-9,-105,-15
-22,-112,-17
-65,-115,-71
-21,-110,-56
29,-118,-33
35,-21,2
-39,-21,-14
-13,-8,19
-8,-14,12
-14,-24,-6
-15,-34,-1
-15,-55,5
-9,-79,3
-1,-96,-2
7,-120,-25
25,-128,-29
39,-122,7
127,-75,1
100,-82,3
-67,-63,-40
4,-125,-34
48,-108,15
1,-47,-7
-4,-60,-17
-3,-66,-7
-3,-66,-6
-2,-65,-10
0,-66,-10
-1,-65,-8
0,-65,-12
0,-66,-12
-5,-60,-9
-4,-60,-9
0,-63,-11
0,-65,-8
4,-67,-9
6,-72,-7
5,-78,-12
2,-98,-18
-12,-107,-9
-52,-115,-42
26,-111,-26
56,-120,-14
-12,-14,0
-7,-42,1
-29,-20,19
-4,-13,15
-5,-21,10
-8,-36,16
-12,-45,14
-2,-61,12
8,-74,8
10,-93,-12
50,-118,-15
63,-118,-4
98,-91,-14
106,-72,-14
36,-66,-11
12,-128,-21
35,-124,25
7,-64,-1
3,-63,-8
-10,-67,-9
-12,-64,-10
-14,-61,-17
-12,-61,-13
-12,-60,-12
-8,-61,-13
-6,-62,-12
-6,-62,-10
-1,-65,-12
1,-66,-11
-1,-69,-14
5,-70,-16
-3,-85,1
7,-125,3
-44,-128,-24
-54,-114,-21
16,-102,-3
-18,-65,-24
10,-20,-12
-39,-24,-2
-17,-16,2
-14,-20,-7
-10,-27,-17
-9,-34,-24
-10,-58,-32
-24,-98,-48
-19,-117,-69
17,-108,-111
32,-85,-114
46,-69,-111
55,-62,-100
-1,-53,-51
-50,-101,-3
-34,-94,9
1,-62,-1
2,-68,-8
1,-67,-5
-2,-63,-5
-5,-62,-5
-4,-63,-9
-5,-63,-10
-2,-64,-9
-3,-63,-9
-4,-63,-11
-6,-63,-11
-5,-64,-11
-7,-62,-12
-7,-62,-12
-8,-66,-13
-8,-66,-8
-16,-67,0
-19,-74,11
-17,-74,15
-9,-64,6
7,-63,15
-13,-54,11
-23,-46,1
-6,-57,-11
6,-65,-16
21,-66,-19
40,-60,-9
4,-58,-29
7,-63,-35
-1,-67,9
-8,-67,10
-4,-66,0
0,-64,-2
-2,-63,-5
-3,-64,-5
-4,-65,-5
-2,-63,-6
-2,-65,-7
-3,-65,-5
-4,-63,-7
-5,-63,-8
-15,-60,-13
-21,-60,-15
-10,-64,-10
-8,-62,-10
-8,-62,-9
-8,-62,-9
-7,-62,-9
-8,-63,-9
-9,-62,-11
-7,-63,-10
-8,-63,-11
-9,-62,-10
-9,-62,-10
-10,-63,-9
-8,-63,-16
-7,-63,-9
-7,-63,-8
-9,-63,-10
-8,-62,-9
-7,-63,-9
-7,-63,-9
-7,-63,-9
-7,-63,-9
-6,-61,-9
-6,-63,-8
-5,-64,-8
-3,-63,-10
-3,-63,0
-1,-68,1
-15,-63,-9
-22,-60,-10
-16,-60,-4
-19,-59,-7
-5,-66,-4
-7,-63,-3
-7,-63,-6
-5,-64,-5
-5,-63,-7
-6,-63,-7
-6,-64,-6
-7,-63,-8
-7,-62,-6
-7,-63,-6
-8,-63,-7
-8,-62,-8
-9,-62,-8
-8,-63,-8
-8,-63,-8
-8,-62,-8
-9,-62,-9
-9,-63,-8
-6,-63,-8
-8,-63,-8
-7,-63,-8
-6,-63,-8
-6,-63,-8
-6,-62,-8
-7,-63,-8
-10,-62,-11
-8,-62,-8
-9,-65,-12
-7,-64,-7
-7,-62,-8
-3,-64,-6
2,-68,-2
-11,-60,-6
-20,-56,-2
-24,-58,-12
-2,-62,-8
0,-64,-7
-1,-62,-7
1,-62,-7
0,-63,-10
-1,-64,-11
-1,-66,-12
0,-63,-11
-1,-63,-12
1,-63,-13
1,-62,-11
1,-61,-10
3,-62,-12
1,-63,-10
0,-64,-12
0,-63,-12
-2,-62,-15
-2,-62,-15
-3,-62,-16
-3,-59,-15
-3,-61,-16
-2,-64,-12
-2,-62,-14
-2,-62,-14
-2,-62,-14
-1,-62,-13
-2,-63,-13
-2,-62,-13
-3,-63,-13
-2,-62,-14
-2,-62,-14
-3,-62,-13
-4,-64,-14
-4,-64,-11
-2,-61,-14
-1,-61,-14
-1,-62,-12
-1,-61,-11
-1,-58,-13
-3,-63,-14
-7,-67,-10
-8,-65,-11
-6,-63,-13
-2,-59,-13
1,-56,-12
-1,-62,-10
-9,-68,-8
-9,-65,-11
-4,-64,-14
-3,-64,-14
-2,-62,-9
1,-55,-10
2,-55,-11
-1,-59,-13
-4,-63,-11
-9,-68,-10
-9,-68,-10
-8,-65,-13
-5,-62,-12
-4,-60,-11
-2,-60,-10
-2,-61,-10
-4,-63,-10
-6,-63,-11
-7,-65,-10
-7,-64,-10
-7,-63,-11
-6,-62,-11
-6,-63,-10
-6,-63,-10
-6,-62,-10
-6,-62,-10
-6,-63,-10
-6,-63,-10
-6,-63,-10
-6,-63,-10
-6,-63,-10
-6,-62,-10
-6,-62,-10
-6,-63,-10
-7,-63,-10
-7,-63,-10
-7,-63,-10
-7,-63,-10
-7,-62,-10
-7,-62,-10
-7,-62,-10
-7,-63,-10
-7,-63,-10
-9,-63,-10
-8,-62,-10
-8,-62,-10
-7,-63,-10
-7,-63,-10
-9,-62,-10
-8,-62,-10
-7,-63,-9
-7,-62,-9
-8,-63,-10
-7,-63,-9
-8,-63,-10
-8,-63,-10
-8,-63,-9
-8,-63,-9
-7,-63,-9
-7,-63,-9
-8,-63,-9
-8,-63,-9
-8,-63,-9
-8,-63,-9
-7,-63,-9
-8,-63,-9
-8,-63,-8
-8,-62,-9
-8,-63,-8
-7,-63,-8
-7,-63,-8
-8,-63,-8
-7,-63,-8
-7,-63,-8
-8,-63,-8
-8,-63,-8
-8,-63,-8
-7,-63,-8
-7,-63,-8
-7,-63,-8
-8,-63,-8
-8,-63,-8
-9,-63,-8
-8,-63,-9
-6,-63,-10
-6,-63,-7
-6,-63,-5
-5,-60,-6
-5,-63,-7
-7,-63,-8
-9,-62,-7
-12,-63,-8
-12,-64,-9
-12,-62,-10
-11,-62,-9
-10,-62,-9
-9,-63,-7
-9,-63,-8
-9,-62,-9
-7,-63,-8
-6,-64,-7
-8,-62,-7
-8,-62,-7
-7,-63,-8
-9,-63,-8
-11,-62,-9
-10,-62,-9
-9,-63,-9
-10,-63,-8
-11,-62,-8
-12,-62,-8
-11,-62,-8
-10,-62,-8
-10,-62,-7
-10,-63,-7
-10,-63,-8
-11,-62,-8
-11,-62,-9
-11,-63,-8
-11,-63,-8
-10,-62,-8
-9,-63,-8
-9,-63,-8
-9,-63,-8
-9,-63,-8
-9,-63,-8
-8,-63,-8
-9,-63,-8
-9,-63,-8
-9,-63,-8
-9,-63,-7
-9,-63,-8
-10,-63,-7
-10,-63,-8
-10,-62,-7
-9,-63,-7
-9,-63,-7
-9,-63,-7
-10,-63,-7
-10,-63,-7
-9,-62,-7
-9,-62,-7
-10,-63,-7
-9,-63,-7
-10,-63,-8
-10,-62,-7
-9,-63,-7
-9,-63,-7
-9,-63,-7
-10,-63,-7
-9,-63,-7
-9,-63,-7
-9,-63,-8
-9,-63,-7
-9,-63,-7
-9,-63,-7
-9,-62,-7
-10,-63,-8
-10,-63,-7
-9,-63,-7
-9,-63,-7
-9,-63,-7
-9,-63,-7
-9,-63,-7
-9,-63,-7
-8,-63,-6
-7,-63,-6
-8,-63,-6
-7,-62,-6
-7,-63,-6
-8,-63,-5
-9,-63,-6
-9,-63,-7
-10,-63,-6
-11,-62,-8
-11,-62,-8
-10,-63,-7
-9,-63,-7
-9,-63,-7
-9,-63,-7
-9,-63,-7
-9,-62,-7
-10,-62,-8
-10,-63,-8
-9,-63,-8
-11,-62,-9
-11,-62,-9
-11,-62,-8
-9,-63,-9
-9,-63,-9
-9,-63,-9
-9,-63,-9
-10,-63,-9
-7,-61,-10
-7,-62,-10
-6,-64,-8
-6,-64,-7
-8,-62,-7
-9,-63,-8
-10,-63,-8
-10,-63,-8
-8,-63,-8
-8,-63,-7
-6,-62,-7
-7,-63,-7
-9,-63,-7
-9,-63,-7
-9,-63,-8
-8,-63,-7
-9,-63,-6
-7,-63,-5
-6,-63,-4
-7,-63,-6
-8,-64,-6
-9,-63,-6
-9,-63,-6
-10,-63,-6
-10,-62,-6
-10,-62,-7
-9,-63,-6
-8,-63,-7
-8,-63,-7
-8,-62,-5
-8,-63,-5
-6,-66,-6
-3,-65,-4
-8,-62,-4
-10,-63,-9
-9,-62,-8
-10,-62,-7
-10,-63,-7
-11,-62,-8
-11,-63,-8
-10,-62,-7
-9,-62,-8
-7,-63,-8
-4,-63,-4
-5,-63,-3
-7,-64,-6
-5,-64,-7
-6,-65,-9
-11,-63,-11
-6,-62,-8
-5,-63,-7
-5,-62,-10
-7,-62,-11
-7,-63,-12
-5,-63,-10
-8,-63,-9
-6,-63,-9
1,-63,-9
-2,-63,-6
-5,-60,-6
-4,-65,-10
-4,-65,-13
-4,-63,-12
-5,-63,-12
-5,-63,-14
-4,-62,-13
-5,-62,-13
5,-64,-10
3,-63,-10
6,-67,-11
4,-69,-12
3,-84,-12
2,-88,-3
-2,-88,-1
-14,-98,-10
-48,-111,-13
-63,-103,-21
31,-128,-32
-9,-128,-76
25,-67,-10
-59,-43,-31
-23,-31,-15
-8,-46,-21
-13,-45,-19
-4,-63,-17
1,-73,-13
10,-99,-7
39,-128,-4
50,-128,7
86,-125,8
120,-108,7
126,-85,-10
-53,-76,3
-25,-128,0
31,-54,-22
54,-72,-4
6,-65,-8
4,-68,-4
4,-67,3
8,-67,-9
8,-69,-10
-1,-67,-15
-2,-74,-5
-1,-70,-8
-3,-81,-13
2,-74,-9
-12,-91,-3
-18,-99,-5
-56,-118,-11
-92,-110,-49
42,-128,-56
1,-51,-43
11,-90,-31
-39,-21,-4
-3,-15,2
9,-15,-8
-11,-38,-5
-10,-52,-1
2,-68,13
-2,-78,9
5,-99,3
17,-128,4
24,-128,8
122,-104,1
127,-85,1
97,-107,-16
-12,-128,44
6,-128,-42
27,-44,-37
33,-76,-5
6,-68,-8
5,-68,-1
-6,-64,-9
4,-65,-16
-2,-63,-13
-4,-66,-17
-8,-64,-19
-6,-66,-13
-6,-71,-8
20,-67,1
6,-84,-14
-6,-85,-7
-21,-102,-10
-67,-116,-32
-69,-98,-45
38,-128,-47
-14,-122,-77
-12,-77,-16
-32,-16,-10
-6,-15,1
-4,-23,-4
-12,-34,-5
-21,-59,1
-11,-71,11
-12,-92,6
-8,-108,3
17,-128,4
57,-128,3
106,-110,1
127,-89,2
127,-88,-13
-39,-104,17
67,-118,-3
20,-63,-32
13,-67,-7
8,-68,-7
0,-68,-3
-5,-66,-8
-1,-65,-19
-6,-63,-9
-8,-64,-16
-7,-61,-17
-5,-63,-17
0,-74,-10
2,-73,-2
3,-85,-7
-8,-96,0
-17,-102,-10
-68,-125,-24
-77,-102,-45
51,-128,-45
-10,-42,-56
26,-63,-23
-36,-24,-4
-3,-17,11
-11,-22,-9
-16,-45,-10
-16,-59,-6
-8,-82,6
-5,-95,8
3,-115,-4
32,-128,-2
44,-128,5
127,-87,-1
127,-85,1
-8,-75,-58
-32,-128,24
64,-104,1
28,-71,-10
5,-63,-13
5,-67,1
-1,-68,-1
-1,-64,-15
0,-63,-13
-3,-64,-12
-5,-66,-16
-3,-65,-12
-4,-71,-12
0,-74,-9
6,-69,-8
-2,-89,-2
-11,-95,-1
-31,-112,-5
-75,-118,-28
1,-126,-36
1,-122,-77
29,-39,-28
-62,-30,-21
-31,-15,-8
11,-18,-6
-15,-32,-8
-13,-46,-3
-18,-69,12
-10,-82,17
-11,-107,-3
19,-128,-4
40,-128,7
127,-110,-5
127,-87,-5
74,-107,-17
-128,-79,-34
54,-128,-18
30,-62,-30
9,-62,-15
12,-68,3
3,-68,3
-2,-66,-10
3,-66,-15
0,-64,-9
-5,-66,-13
-4,-67,-12
-7,-72,-11
1,-74,-8
3,-73,-9
-6,-92,-1
-15,-97,-1
-38,-118,-8
-64,-101,-52
28,-128,-36
46,-128,-57
42,-50,-18
-54,-30,-15
-20,-17,-2
1,-21,-5
-16,-25,-10
-18,-47,-6
-17,-71,9
-14,-85,11
-7,-118,-3
1,-128,-10
41,-128,19
127,-91,13
127,-92,17
-31,-78,-80
-15,-128,28
70,-83,16
26,-51,-31
10,-67,-13
9,-70,-1
1,-67,0
4,-65,-14
0,-64,-14
0,-65,-18
6,-69,-15
1,-61,-12
4,-70,-10
5,-74,-10
5,-79,-7
5,-81,-5
-13,-100,2
-60,-128,-15
-83,-112,-45
43,-128,-54
25,-128,-61
45,-67,-22
-44,-20,-5
-12,-11,10
-3,-25,-1
-17,-28,-5
-22,-51,-2
-7,-74,13
-8,-86,9
5,-118,3
14,-128,-1
40,-128,12
80,-124,8
127,-85,4
-20,-95,-63
-26,-128,10
45,-65,19
27,-58,-30
7,-67,-14
3,-70,-1
-2,-65,-1
0,-66,-19
0,-65,-18
-1,-65,-16
-7,-64,-21
-4,-64,-18
-1,-70,-12
2,-73,-11
2,-80,-2
4,-82,-8
-19,-104,3
-77,-128,-25
-80,-112,-53
58,-128,-36
11,-125,-66
2,-62,-24
-71,-32,-3
5,-11,14
-14,-21,-10
-24,-28,-11
-22,-52,-2
-10,-75,10
-11,-88,9
-1,-116,-8
16,-128,-10
59,-128,9
126,-117,-4
127,-123,-16
-50,-128,13
20,-128,-22
29,-64,-28
27,-67,-6
7,-68,0
3,-69,1
-1,-66,-10
3,-65,-12
2,-64,-12
-1,-67,-9
-4,-72,-10
-2,-69,-12
4,-68,-9
5,-76,-2
1,-80,-5
-13,-96,-6
-23,-106,-3
-59,-124,-10
-36,-103,-40
31,-128,-62
-24,-67,-76
-61,-51,-27
-44,-27,-15
14,-23,5
-15,-25,-12
-19,-34,-11
-8,-62,4
-10,-71,10
-2,-99,9
9,-127,-4
23,-128,4
90,-120,-9
127,-91,-1
112,-101,-4
-33,-101,-36
23,-128,-29
31,-57,-22
24,-71,-5
3,-65,-2
3,-67,1
3,-66,-10
3,-67,-9
2,-66,-9
-1,-68,-14
0,-72,-11
0,-74,-2
2,-73,-4
0,-76,-1
-5,-82,-4
-12,-91,-4
-43,-112,-6
-81,-112,-39
18,-126,-40
5,-118,-74
36,-25,-27
-47,-22,-20
-16,-13,-4
18,-18,1
-11,-29,-5
-21,-40,-6
-9,-70,16
-16,-79,15
-9,-107,8
-12,-119,-1
31,-128,-2
112,-107,8
127,-82,6
97,-99,-53
-82,-125,-24
61,-123,2
31,-68,-11
9,-64,-10
2,-68,-5
2,-67,-3
-1,-64,-16
2,-65,-14
0,-64,-15
-2,-67,-17
-3,-66,-14
4,-68,-9
7,-71,-10
3,-76,-9
1,-85,-9
-7,-90,-2
-25,-109,-6
-57,-128,-24
-23,-119,-45
54,-128,-34
-13,-44,-60
-66,-33,-24
-39,-16,-4
8,-27,7
-14,-28,-4
-19,-39,-4
-14,-67,7
-11,-77,8
-3,-103,2
4,-114,-8
34,-128,0
83,-117,4
127,-84,-3
100,-104,-5
-38,-93,-52
27,-128,-18
28,-61,0
27,-69,-7
3,-66,-8
4,-68,-1
-1,-66,-9
4,-65,-15
2,-65,-9
1,-67,-13
1,-67,-14
-3,-69,-9
1,-71,-9
2,-75,-6
4,-71,-11
-6,-88,-7
-21,-104,-3
-47,-122,-11
-48,-104,-59
46,-128,-41
-15,-74,-81
-62,-47,-22
-44,-21,-13
12,-23,5
8,-19,0
-26,-35,-5
-18,-62,14
-15,-70,21
-14,-92,9
-6,-111,5
16,-128,-2
40,-128,6
127,-100,5
127,-86,5
13,-93,-30
-26,-128,5
59,-128,-6
24,-65,-23
11,-66,-8
7,-69,0
-3,-66,-1
-3,-66,-14
1,-64,-15
-3,-64,-15
-6,-64,-18
-6,-63,-13
-6,-67,-14
2,-74,-6
3,-75,-2
-1,-80,-9
-10,-92,-6
-15,-101,-10
-72,-114,-32
-59,-99,-49
53,-128,-48
7,-119,-72
-30,-69,-25
-26,-16,2
9,-18,12
-7,-18,-7
-23,-27,-9
-17,-57,-1
-13,-76,14
-12,-89,10
5,-119,-2
13,-128,-12
47,-128,7
127,-87,-2
127,-87,1
-64,-68,-55
-10,-114,31
55,-110,-2
17,-57,-29
8,-64,-12
0,-65,-2
4,-67,0
0,-66,-10
2,-66,-12
0,-65,-9
-3,-66,-18
-5,-68,-12
-4,-73,-10
-2,-71,-8
2,-73,-6
-3,-82,-11
-12,-99,2
-46,-119,-4
-83,-111,-37
48,-128,-38
-8,-89,-80
42,-34,-10
-51,-20,-21
-11,-10,-5
11,-19,-5
-1,-19,-13
-14,-40,-9
-7,-70,4
-12,-79,4
4,-108,-4
-2,-115,-18
46,-128,7
40,-128,11
127,-84,3
100,-111,-16
-126,-67,-51
-27,-128,-31
46,-109,-10
21,-67,-26
3,-66,-7
0,-66,1
-3,-66,-6
2,-66,-18
1,-63,-14
-3,-64,-13
-5,-65,-19
-4,-67,-13
-3,-71,-10
4,-75,-6
2,-75,-4
-2,-88,-13
-17,-103,-7
-34,-114,-5
-73,-101,-52
8,-119,-38
7,-120,-73
17,-24,-36
-62,-28,-19
3,-19,13
6,-21,4
-17,-26,-10
-20,-39,-6
-14,-69,10
-10,-93,12
-3,-108,8
18,-128,-21
48,-128,-12
97,-116,-3
127,-86,-7
75,-102,-42
-12,-128,-15
72,-128,-1
35,-66,-16
8,-61,-14
3,-69,1
-6,-65,-7
-3,-64,-17
-1,-64,-14
-3,-64,-14
-1,-67,-14
-7,-71,-8
-7,-71,-12
2,-70,-6
2,-71,-9
-7,-87,-8
-13,-94,-5
-43,-119,-16
-59,-106,-69
32,-128,-38
-10,-93,-79
41,-36,-9
-47,-18,-13
7,-18,10
3,-17,1
-19,-29,-5
-28,-44,-2
-12,-69,14
-13,-95,9
-6,-113,5
18,-128,-6
40,-128,0
127,-98,11
127,-86,3
10,-76,-69
-31,-128,-27
59,-104,5
28,-70,-12
0,-62,-16
9,-70,0
-5,-66,-9
0,-65,-15
-1,-64,-16
-3,-63,-19
1,-67,-27
-7,-66,-12
-5,-69,-13
2,-72,-7
6,-68,-12
-5,-90,-9
-17,-100,-9
-22,-113,-8
-71,-113,-53
-18,-117,-53
15,-128,-62
-11,-38,-43
-57,-30,-16
-23,-12,0
11,-16,7
-12,-23,3
-20,-32,3
-20,-60,11
-13,-69,11
-13,-100,7
11,-128,-11
31,-128,-2
113,-122,-10
127,-84,-4
83,-106,-35
-22,-128,14
21,-128,-14
22,-61,-24
6,-64,-10
1,-68,-2
-1,-66,3
-7,-66,-13
-2,-62,-16
-4,-61,-12
-3,-64,-15
-6,-64,-16
-3,-66,-10
-1,-72,-8
-1,-73,-7
1,-82,-9
-5,-91,-4
-16,-106,-5
-37,-125,-8
-76,-106,-71
58,-128,-42
9,-121,-59
-20,-54,-8
-46,-24,-20
13,-15,2
-3,-18,-11
-8,-26,-7
-17,-53,-2
-12,-65,1
0,-89,4
0,-118,-10
14,-128,-13
41,-128,4
84,-112,-3
127,-86,7
94,-107,-8
-41,-126,39
47,-104,-7
17,-52,-20
4,-62,-15
2,-68,-6
-9,-65,-2
-6,-63,-21
-2,-64,-19
-4,-63,-8
-3,-66,-12
-3,-65,-17
-4,-62,-13
2,-72,-8
3,-74,-1
4,-74,-4
-4,-91,-5
-13,-99,-6
-43,-123,-19
-63,-99,-78
57,-128,-49
-21,-87,-69
20,-31,-12
-37,-19,-11
4,-12,8
-1,-14,0
-21,-26,0
-27,-39,0
-28,-62,14
-22,-77,15
-9,-114,8
13,-128,-12
47,-128,1
127,-102,4
127,-83,0
-53,-70,-55
-26,-128,-20
63,-111,-1
22,-64,-24
0,-62,-16
-1,-66,-4
0,-66,1
0,-65,-16
-2,-63,-13
-4,-63,-13
-3,-64,-17
-2,-64,-9
-4,-67,-12
2,-72,-11
6,-70,-7
-1,-85,-12
-6,-93,-5
-16,-109,-5
-33,-120,-6
-64,-93,-56
45,-128,-47
2,-115,-70
-28,-60,-11
-57,-21,-20
12,-14,8
-6,-22,-7
-16,-29,-6
-23,-54,1
-22,-67,6
-12,-90,8
0,-123,-14
12,-128,-30
66,-128,-2
127,-74,-9
112,-118,-13
-3,-82,-26
23,-128,-29
36,-46,-18
21,-73,-3
2,-69,-6
0,-71,2
-5,-66,-12
0,-64,-16
-1,-63,-15
-4,-65,-10
-5,-66,-9
-2,-65,-12
0,-68,-9
0,-72,-6
2,-78,-7
-5,-88,-7
-14,-99,-6
-29,-116,-11
-67,-105,-59
59,-128,-40
9,-128,-60
7,-62,-11
-54,-35,-18
1,-11,10
3,-16,4
-12,-25,-2
-22,-46,-4
-16,-60,2
-14,-83,8
-5,-103,6
6,-128,-16
47,-128,5
91,-121,1
127,-89,7
98,-104,-25
-16,-128,26
33,-69,-4
30,-61,-18
4,-64,-14
0,-66,-9
-5,-65,-5
-8,-64,-11
1,-64,-16
-2,-64,-11
0,-67,-14
-3,-65,-13
-8,-70,-11
-1,-74,-9
5,-70,-9
-2,-84,-13
-13,-95,4
-17,-100,-4
-65,-108,-38
48,-124,-45
39,-128,-39
-5,-37,-38
13,-60,-13
-30,-7,2
-4,-11,14
-16,-14,-4
-25,-31,-5
-27,-45,-1
-20,-68,12
-17,-82,13
-3,-127,0
43,-128,-19
59,-128,18
127,-83,9
127,-85,5
-121,-88,-40
-7,-128,-3
37,-79,-6
6,-65,-16
5,-65,-11
-5,-67,-1
-9,-64,-12
-5,-63,-18
-5,-62,-12
-7,-64,-14
-6,-62,-18
-8,-60,-17
-9,-64,-15
-2,-68,-9
5,-67,-11
0,-81,0
0,-81,1
-9,-104,-13
-18,-117,-21
-65,-124,-56
36,-128,-30
18,-107,-24
44,-18,-10
-41,-23,-17
-14,-9,20
0,-12,15
-15,-21,-6
-8,-43,5
8,-71,8
28,-86,15
38,-93,9
57,-121,13
37,-116,34
56,-97,22
54,-92,18
63,-83,23
-10,-105,-31
10,-60,-8
15,-63,-3
0,-64,-8
-4,-65,-7
-1,-63,-12
-3,-62,-13
-5,-63,-20
-8,-60,-16
-11,-60,-16
-13,-60,-17
-16,-59,-19
-17,-64,-14
-13,-62,-9
-6,-67,-9
-3,-68,-13
-6,-61,-11
2,-58,-20
7,-59,-26
-5,-60,-31
-19,-55,-26
-28,-59,-7
-35,-70,20
-28,-72,53
-3,-63,-2
-1,-61,-20
-14,-65,-15
-11,-64,-4
-9,-63,-3
-10,-62,-11
-10,-64,-13
-8,-63,-6
-9,-62,-7
-8,-63,-10
-8,-62,-8
-10,-63,-7
-11,-62,-9
-8,-63,-7
-7,-63,-7
-8,-62,-8
-9,-64,-7
-9,-62,-7
-8,-63,-7
-7,-63,-6
-7,-63,-4
-10,-62,-6
-8,-62,-6
-9,-63,-6
-11,-63,-7
-10,-62,-5
-12,-62,-7
-14,-61,-9
-14,-61,-7
-15,-61,-10
-14,-61,-11
-14,-61,-10
-13,-63,-10
-10,-63,-9
-10,-62,-11
-12,-62,-12
-10,-62,-9
-11,-63,-10
-11,-63,-11
-11,-62,-10
-11,-62,-9
-11,-62,-10
-12,-62,-9
-12,-63,-9
-11,-62,-10
-12,-62,-9
-13,-62,-10
-13,-62,-10
-13,-62,-11
-13,-61,-10
-13,-62,-10
-12,-62,-11
-13,-62,-10
-13,-62,-10
-13,-62,-10
-13,-61,-10
-13,-62,-10
-13,-62,-10
-13,-62,-9
-13,-62,-9
-13,-62,-9
-14,-62,-9
-14,-62,-9
-13,-62,-9
-13,-62,-9
-13,-62,-9
-13,-62,-10
-12,-61,-9
-13,-62,-10
-13,-62,-10
-13,-62,-10
-12,-62,-10
-13,-62,-10
-12,-62,-10
-12,-62,-10
-12,-62,-10
-12,-62,-10
-13,-62,-10
-12,-62,-9
-12,-62,-10
-13,-62,-10
-12,-62,-10
-11,-62,-9
-11,-62,-10
-11,-62,-10
-11,-62,-10
-11,-62,-10
-12,-62,-10
-11,-62,-10
-11,-62,-9
-12,-62,-9
-12,-62,-10
-12,-62,-10
-12,-61,-9
-12,-62,-9
-12,-62,-10
-13,-63,-10
-12,-62,-9
-12,-62,-9
-10,-62,-8
-9,-63,-8
-10,-63,-9
-11,-62,-9
-10,-62,-9
-9,-62,-8
-9,-63,-8
-10,-63,-9
-10,-62,-8
-10,-63,-9
-9,-62,-8
-10,-63,-8
-10,-62,-9
-10,-63,-9
-10,-62,-8
-10,-63,-8
-10,-62,-9
-11,-63,-8
-9,-63,-8
-9,-62,-9
-11,-62,-11
-11,-62,-10
-8,-63,-7
-9,-62,-8
-9,-63,-7
-8,-63,-8
-9,-63,-8
-8,-63,-7
-9,-62,-7
-9,-63,-9
-9,-63,-9
-9,-63,-8
-9,-68,-13
-9,-68,-7
10,-68,8
-8,-72,-7
18,-86,-6
-14,-70,26
-26,-61,29
-29,-53,33
-37,-50,30
-39,-48,24
-39,-56,19
-31,-55,15
-27,-55,9
-24,-63,15
-20,-65,10
-12,-62,-3
-10,-64,-8
-3,-65,-10
3,-66,-17
17,-60,-29
28,-61,-26
-51,-76,-24
-19,-73,-3
3,-86,3
6,-69,-21
6,-69,-12
-7,-64,-12
-11,-62,-16
-9,-60,-16
-9,-61,-16
-9,-62,-15
-7,-63,-16
-9,-61,-18
-2,-63,-16
0,-68,-17
1,-71,-24
7,-82,-25
10,-92,-9
-5,-97,-4
-35,-117,-5
-64,-117,-23
-83,-110,-38
-21,-128,-44
-36,-96,-102
-126,-84,-60
-60,-42,-9
-49,-30,-9
-39,-37,-11
-25,-75,-8
-21,-102,-7
-12,-128,27
127,-128,0
127,-128,7
127,-113,-13
97,-103,-32
63,-128,3
15,-60,-25
2,-62,-25
14,-71,-10
9,-65,-9
-1,-65,-18
2,-73,-18
7,-96,-12
-2,-116,-2
-18,-126,-6
-94,-119,-26
-103,-83,-27
-16,-128,-94
-11,-37,-81
-106,-102,-99
-34,-21,-2
-21,-32,-4
-24,-37,-2
-23,-37,4
-16,-91,-1
24,-128,25
84,-128,25
127,-128,11
127,-128,5
-100,-123,-9
60,-91,13
20,-62,-12
34,-69,-17
14,-66,-6
13,-67,-9
16,-83,-11
7,-100,2
-11,-120,-14
-27,-127,-14
-83,-128,-18
-56,-80,-20
-23,-128,-87
-44,-45,-80
-128,-116,-69
-43,-41,6
-51,-28,-9
-29,-53,-1
-14,-83,-18
-8,-115,-3
43,-128,18
107,-128,30
127,-128,1
127,-128,0
-102,-128,13
51,-52,19
24,-64,-31
51,-76,3
11,-66,-2
5,-68,-9
19,-76,-6
12,-92,-5
4,-98,-11
-12,-118,-11
-35,-118,2
-99,-87,-40
-54,-72,-30
27,-128,-121
-55,-48,-76
-96,-73,-56
-47,-26,-12
-31,-36,-4
-25,-61,-7
-9,-78,-12
4,-113,-4
19,-128,7
57,-128,19
127,-128,12
127,-107,10
127,-82,-77
-94,-128,6
41,-51,20
7,-61,-19
40,-75,-1
5,-70,-3
5,-69,-9
0,-73,-27
-1,-91,-15
2,-85,-10
0,-94,-6
-20,-106,-3
-53,-97,-8
-81,-82,-4
-12,-121,-34
1,-128,-114
-8,-46,-57
-54,-38,-17
-23,-30,-1
-28,-46,2
-41,-55,-2
-16,-82,-8
-2,-116,7
13,-128,3
115,-128,21
103,-128,8
127,-126,-20
-65,-128,-17
77,-128,-22
21,-58,-29
11,-60,-22
6,-69,-5
7,-71,-6
2,-68,-13
8,-88,-8
-3,-91,1
-3,-94,-9
-8,-105,-8
-51,-115,-14
-80,-77,-15
-56,-81,-13
13,-128,-101
-34,-10,-72
-90,-58,-44
-31,-32,-10
-38,-36,-10
-30,-75,-12
-2,-90,-16
0,-126,-1
24,-128,5
106,-128,14
127,-115,-5
127,-92,-11
31,-128,-11
-23,-128,-14
30,-54,-10
41,-72,-8
21,-67,2
3,-69,-5
-3,-69,-14
14,-76,-24
1,-85,0
3,-90,-2
-7,-105,-12
-27,-113,-11
-86,-98,-18
-74,-77,-20
3,-128,-102
-19,4,-74
-113,-94,-74
-30,-39,2
-24,-45,-2
-34,-58,-6
-17,-66,-14
4,-109,-11
41,-128,12
75,-128,20
127,-128,11
127,-107,-6
111,-105,-21
105,-128,-7
25,-54,4
-3,-60,-28
0,-66,-8
8,-67,-11
6,-66,-12
14,-80,-17
2,-95,6
-2,-99,-2
-17,-113,-19
-44,-120,-19
-82,-74,-26
-20,-128,-80
0,-128,-113
-63,-101,-86
-84,-61,-40
-34,-43,3
-30,-47,-1
-33,-60,-10
0,-89,-14
-5,-107,-11
50,-128,3
94,-128,19
127,-121,-9
127,-87,-23
-96,-128,-18
52,-74,6
31,-63,-25
31,-70,-15
3,-69,-7
2,-69,-12
13,-66,-17
23,-78,-11
4,-96,10
8,-108,5
-35,-128,-9
-91,-102,-37
-70,-85,-22
33,-128,-104
-57,-71,-86
-125,-71,-50
-37,-43,-12
-46,-38,-15
-38,-73,-3
-29,-90,-4
-2,-125,8
86,-128,19
127,-128,19
127,-113,-15
127,-106,-24
-25,-128,-14
12,-38,-9
19,-68,-28
34,-71,4
4,-68,-6
8,-68,-11
14,-73,-16
-1,-97,7
-3,-112,-9
-13,-114,-17
-69,-122,-29
-88,-93,-34
-55,-128,-65
10,-128,-113
-64,-56,-66
-50,-40,-7
-25,-39,3
-45,-45,1
-30,-64,0
-15,-98,-10
25,-128,3
65,-128,9
127,-128,-8
127,-106,-20
75,-128,-36
-35,-128,-21
19,-34,-1
34,-66,-15
29,-71,5
1,-70,-11
15,-65,-14
24,-77,-13
3,-95,16
9,-109,0
-23,-128,-12
-55,-128,-22
-76,-81,-13
31,-128,-97
-5,-128,-99
-126,-93,-56
-57,-47,-13
-50,-41,-6
-42,-43,-4
-34,-71,-5
-5,-114,6
14,-128,10
113,-128,11
127,-128,-1
127,-128,-24
-97,-128,-12
94,-128,-20
16,-55,-32
46,-77,1
7,-68,2
2,-70,-8
6,-69,-18
4,-95,-4
-3,-91,-1
-10,-107,-12
-23,-116,-15
-78,-106,-14
-67,-74,-1
-19,-128,-72
-31,-18,-61
-92,-96,-68
-45,-40,-7
-33,-46,-12
-29,-42,-10
-30,-81,-8
-17,-101,-4
30,-128,4
83,-128,11
127,-128,8
127,-88,-8
67,-99,-51
89,-128,-26
69,-85,7
28,-68,-21
0,-65,-2
1,-68,-6
1,-68,-14
15,-74,-15
3,-93,8
9,-100,5
-13,-121,-4
-78,-118,-17
-101,-84,-28
-31,-128,-65
34,-128,-113
-67,-77,-78
-48,-40,-12
-28,-43,-4
-36,-46,-12
-30,-63,-15
-9,-96,-16
2,-128,5
85,-128,4
127,-128,-8
127,-128,-9
26,-128,-22
22,-128,-20
32,-53,-9
33,-76,-11
5,-63,-5
8,-69,-12
11,-68,-11
5,-93,2
9,-104,-14
-4,-110,-8
-47,-124,-7
-85,-109,-11
-57,-70,-5
5,-128,-76
-36,-12,-73
-106,-52,-28
-47,-28,-7
-33,-40,-11
-42,-46,-12
-26,-87,-13
14,-128,0
55,-128,-1
127,-128,17
127,-128,8
127,-93,0
-63,-128,-9
52,-75,6
23,-65,-10
30,-69,-5
13,-72,-7
18,-72,-4
19,-80,-17
-2,-121,11
-3,-120,-8
-42,-124,-13
-77,-102,-15
-56,-58,-15
-3,-128,-120
-76,-72,-91
-113,-81,-57
-51,-37,-6
-38,-41,-11
-29,-49,-6
-11,-84,-25
5,-111,-10
34,-128,3
124,-128,0
127,-128,7
127,-94,11
-115,-128,10
61,-128,-35
11,-39,-42
34,-69,0
8,-68,1
1,-69,-7
1,-66,-15
20,-83,-12
1,-99,12
1,-102,-14
-9,-115,-6
-64,-115,-21
-60,-85,-20
-45,-128,-85
-35,-52,-78
-63,-67,-73
-50,-28,-11
-34,-32,-12
-46,-41,-9
-16,-88,-8
-9,-103,-6
31,-128,12
80,-128,11
127,-128,7
127,-110,-32
18,-128,-35
58,-92,-11
44,-57,-1
22,-70,-17
12,-71,1
7,-71,-11
11,-70,-15
14,-87,-8
7,-100,-1
-3,-110,-10
-31,-122,-6
-96,-102,-31
-65,-76,-5
39,-128,-103
-41,-55,-79
-112,-64,-44
-15,-33,-5
-28,-39,-2
-32,-54,-4
-17,-75,-8
-1,-121,13
24,-128,16
118,-128,12
127,-104,-21
127,-115,-6
-91,-128,-13
103,-128,-26
19,-63,-38
21,-66,-3
0,-68,-2
8,-69,-13
9,-75,-14
-3,-104,6
-15,-107,-17
-25,-112,-17
-79,-112,-13
-93,-111,-15
-8,-128,-74
11,-128,-100
-128,-80,-50
-35,-30,4
-27,-36,3
-34,-35,5
-36,-52,2
-11,-103,2
65,-128,8
119,-128,3
127,-128,-31
127,-95,-32
-47,-128,-31
63,-119,-16
20,-64,-28
16,-68,-1
-3,-70,-9
12,-70,-12
3,-98,3
-1,-100,-4
-15,-106,-24
-34,-119,-11
-97,-104,-16
-79,-87,-8
8,-128,-88
-43,-50,-42
-128,-69,-53
-22,-27,-27
-24,-24,-29
-26,-51,-20
0,-73,-7
0,-117,1
81,-128,22
127,-128,20
127,-118,12
127,-92,-47
46,-128,-19
2,-51,-30
12,-62,-24
9,-69,-7
9,-70,-15
15,-65,-12
4,-79,5
3,-101,-21
-13,-102,-24
-22,-103,-5
-76,-96,-5
-56,-61,-1
6,-126,-48
-54,-70,-91
-17,-99,-68
-43,-39,0
-37,-35,-11
-29,-32,-21
-27,-49,-20
0,-88,-11
40,-128,7
78,-128,2
127,-128,24
127,-128,7
99,-128,-7
73,-114,-20
26,-48,-5
38,-70,-7
14,-67,2
8,-72,-10
16,-71,-11
16,-78,-13
3,-92,-1
5,-96,-10
-22,-112,-11
-38,-116,-9
-78,-95,-20
-21,-128,-83
20,-128,-80
-103,-82,-58
-92,-37,-19
-26,-24,-4
-30,-38,-6
-30,-54,-11
-12,-100,-10
21,-125,4
99,-128,7
127,-128,9
127,-128,6
-128,-101,7
71,-128,-3
15,-53,-25
15,-65,-19
6,-65,-4
10,-70,-9
4,-67,-13
12,-86,-7
-5,-101,4
-15,-108,-20
-47,-118,-8
-69,-117,-13
-58,-106,-66
-13,-128,-63
-33,-7,-55
-128,-65,-31
-23,-15,-9
-21,-36,-16
-21,-39,-16
-5,-77,-12
22,-113,-1
104,-128,27
127,-128,37
127,-124,39
-66,-98,10
31,-128,-3
-5,-62,-47
34,-75,-18
15,-68,-7
13,-64,-1
13,-67,-2
6,-77,-4
8,-78,-7
6,-80,-13
3,-97,-1
-23,-118,-1
-67,-128,-44
-50,-126,-63
51,-100,-54
-31,-33,-26
-78,-30,-23
-18,-33,-2
-5,-40,-7
-18,-57,-3
-9,-81,-11
33,-125,-41
49,-128,-114
84,-128,-128
83,-51,-128
127,-52,-88
12,-39,-44
21,-52,-26
14,-53,-25
11,-63,-49
-12,-100,35
-49,-98,39
9,-82,-2
18,-60,10
13,-63,-2
9,-63,2
2,-65,-3
5,-63,-1
3,-63,-6
3,-63,-5
1,-64,-7
1,-64,-8
3,-64,-6
0,-63,-8
2,-63,-7
4,-64,-5
4,-64,-6
2,-63,-8
0,-64,-9
3,-63,-8
-1,-64,-10
4,-63,-7
2,-63,-7
3,-64,-8
1,-65,-10
0,-63,-9
0,-64,-7
-3,-65,-9
0,-63,-6
1,-65,-5
-32,-61,6
-41,-60,1
-36,-71,-8
-9,-66,-11
-3,-61,-15
9,-62,-16
27,-57,-19
37,-59,-19
37,-61,-11
-15,-62,5
-10,-69,-10
-5,-67,-13
-1,-64,-9
-5,-62,-8
-9,-62,-9
-5,-63,-9
-5,-63,-10
-7,-62,-10
-5,-63,-9
-5,-63,-8
-4,-63,-10
-4,-63,-9
-4,-63,-9
-5,-64,-10
-3,-63,-9
-4,-62,-10
-3,-62,-10
-4,-61,-11
2,-62,-8
-2,-64,-10
-3,-64,-10
4,-62,-7
2,-64,-9
1,-64,-10
3,-63,-9
2,-62,-9
0,-64,-15
-1,-63,-9
0,-63,-10
-1,-63,-9
0,-64,-9
-3,-61,-10
0,-61,-8
-1,-64,-10
1,-63,-10
2,-61,-9
3,-63,-5
4,-63,-3
7,-63,-3
6,-62,-7
8,-62,-5
10,-64,-6
10,-63,-4
10,-63,-4
10,-63,-4
10,-63,-5
10,-63,-4
10,-63,-4
10,-61,-5
10,-62,-3
5,-64,-5
10,-63,-5
10,-64,-5
8,-64,-7
8,-63,-5
8,-63,-3
5,-61,-5
3,-63,-7
2,-65,-7
1,-62,-8
1,-61,-8
0,-65,-7
0,-65,-6
-3,-61,-9
-4,-59,-7
-7,-63,-14
-3,-66,-11
-8,-61,-14
-15,-47,-13
-21,-54,-21
-17,-70,-12
-9,-70,-11
-6,-58,-14
-5,-57,-10
-4,-63,-4
-7,-65,-9
-7,-63,-10
-12,-62,-9
-11,-62,-9
-6,-62,-8
-8,-62,-8
-8,-62,-11
-9,-62,-10
-7,-63,-9
-4,-63,-9
-2,-62,-8
-2,-63,-7
-4,-63,-9
-4,-64,-10
-4,-63,-9
-5,-62,-9
-5,-62,-9
-4,-63,-10
-4,-63,-10
-5,-63,-9
-4,-62,-10
-3,-63,-10
-5,-63,-10
-6,-62,-11
-4,-63,-10
-5,-64,-10
-5,-63,-10
-5,-63,-10
-4,-62,-10
-4,-63,-10
-3,-63,-10
-3,-62,-10
-4,-63,-10
-5,-65,-11
-2,-64,-8
-2,-63,-10
-3,-61,-10
-3,-61,-11
-3,-62,-11
-3,-62,-12
-3,-63,-10
-2,-63,-10
-2,-63,-10
-4,-63,-10
-4,-64,-10
-2,-62,-10
-2,-63,-9
-3,-63,-9
-4,-62,-10
-5,-63,-12
-3,-60,-4
-3,-64,-12
-2,-61,-9
-4,-65,-9
-3,-65,-10
-1,-64,-8
-3,-63,-10
-2,-63,-7
-4,-64,-10
-1,-64,-10
-7,-61,-9
5,-67,-4
4,-65,4
-34,-49,-15
-23,-58,-32
-6,-62,-10
-2,-63,-2
0,-65,-10
-5,-66,-10
4,-66,-8
-16,-69,-20
-25,-60,-20
8,-65,-3
31,-61,2
19,-65,8
17,-69,-3
36,-45,0
48,-26,16
53,-29,6
41,-99,34
8,-128,17
-45,-128,-11
-92,-75,-84
27,-121,-64
2,-78,-36
-12,-128,-66
-36,-128,-41
-14,-96,-28
-20,-70,-23
3,-14,-13
1,-2,-21
-5,-31,-18
10,-45,-8
41,-56,-1
120,-66,5
127,-76,15
127,-108,45
127,-55,47
127,-128,30
82,-109,38
40,-59,-4
39,-94,-10
31,-128,12
-53,-128,-15
-128,-67,-96
86,-107,-37
27,-93,-47
-55,-128,-77
-101,-128,-78
-96,-128,-35
-62,-69,-23
-4,29,-2
7,27,-3
2,-40,-17
-5,-42,-19
52,-52,4
127,-122,11
127,-128,30
127,-128,33
127,-87,25
39,-128,-8
107,-74,44
58,-63,17
47,-125,-14
33,-128,47
-123,-128,-66
-128,-128,-85
61,-128,-77
-20,-128,-49
-60,-128,-99
-117,-128,-66
-81,-128,-31
-38,9,-21
-14,34,5
-7,3,-2
-10,-26,-4
-5,-31,-12
91,-65,20
127,-128,14
127,-128,12
127,-98,0
113,-103,-3
127,-128,104
49,89,13
56,-104,1
-9,-128,22
-122,-128,-39
-75,-40,-55
92,-128,-77
-22,-128,-49
-106,-128,-104
-124,-128,-67
-88,-118,-38
-60,-47,-20
-8,95,-1
-28,17,0
-18,-49,-24
45,-28,-5
98,-22,14
127,-128,24
127,-128,59
127,-112,44
117,-65,-128
127,-42,72
95,-62,-21
59,-128,19
-77,-128,-14
-128,-128,-79
127,-128,-49
8,-128,-19
-30,-128,-83
-128,-128,-92
-117,-128,-48
-78,-86,-24
-17,112,-10
-28,40,4
-13,-58,-20
-60,-24,-46
79,-3,2
127,-128,35
127,-128,87
127,-121,23
127,-104,-128
127,-114,51
66,-13,40
52,-128,3
-118,-128,-16
-128,-128,-59
107,-128,-89
-14,-96,-49
-73,-128,-105
-128,-128,-81
-121,-128,-49
-73,-62,-28
-62,57,-39
-4,-16,-5
-14,-28,-28
28,-14,-18
103,-19,29
127,-102,35
127,-128,47
127,-128,43
127,-114,8
119,-128,10
126,25,10
62,-128,-7
24,-128,33
-128,-128,-11
-128,-72,-101
4,-42,-57
-31,-128,-93
-81,-128,-127
-105,-128,-64
-93,-128,-58
-61,-43,-28
-9,105,4
-31,32,-12
-38,-64,-30
-47,-56,-55
59,-13,-5
127,-128,28
127,-128,47
127,-124,35
127,-128,5
91,-36,74
127,-12,42
63,-128,-8
-106,-128,5
-128,-128,-66
81,-128,-102
17,-116,-42
-32,-128,-118
-128,-128,-103
-112,-128,-61
-82,-113,-50
-46,-8,-34
-17,67,-5
-12,-53,-26
-25,-65,-23
52,-39,16
102,-55,42
127,-128,30
127,-128,34
127,-97,20
66,-128,-128
107,-22,20
52,-85,8
71,-128,-14
-128,-128,-3
127,-115,-60
-4,-79,-83
-14,-128,-99
-71,-128,-128
-128,-128,-90
-107,-128,-66
-84,-86,-49
-21,100,-19
-11,60,-8
-20,-55,-42
10,-53,-43
60,-30,3
121,-128,40
127,-128,36
127,-128,50
127,-92,23
92,-128,-128
45,80,-5
58,-116,-25
1,-128,56
-114,-128,14
-76,-67,-88
68,-128,-93
-36,-128,-36
-128,-128,-128
-128,-128,-93
-101,-128,-52
-80,-98,-33
-18,72,-7
-2,57,2
-4,-33,-28
-12,-21,-29
36,-28,-9
127,-128,41
127,-128,19
127,-128,63
127,-64,-95
127,-128,-34
111,-105,18
74,-115,-23
-11,-128,61
-128,-128,-52
-2,-73,-75
26,-102,-19
-39,-128,-41
-116,-128,-128
-128,-128,-104
-104,-128,-59
-47,-11,-36
-21,60,-13
-17,10,-23
-6,-49,-24
15,-56,-27
91,-45,17
127,-125,39
127,-128,42
127,-128,47
127,-101,17
-16,-128,-91
46,72,-64
56,-128,-13
34,-128,9
-108,-128,6
-128,-128,-40
127,-128,-85
-43,-128,-38
-66,-128,-86
-127,-128,-105
-93,-128,-65
-58,-110,-45
-18,36,1
-3,6,11
2,-27,-6
1,-57,-8
47,-65,13
107,-89,50
127,-128,44
127,-128,41
127,-75,29
39,-128,-128
88,-112,58
44,-50,10
47,-128,17
-10,-128,46
-128,-128,-49
-80,-51,-82
54,-88,-23
-82,-128,-116
-128,-128,-128
-90,-128,-65
-101,-121,-64
-38,20,-26
-1,49,-10
-4,-11,-24
9,-55,-30
10,-47,-28
107,-101,39
127,-128,42
127,-128,89
127,-46,43
96,-120,-128
14,127,-51
88,-113,18
43,-97,-14
7,-128,28
-71,-128,-1
-92,-73,-49
121,-128,-40
-15,-94,-67
-91,-128,-94
-95,-128,-86
-58,-125,-58
-55,-94,-51
-11,-8,-4
-13,-17,-22
-6,-54,-24
-18,-86,-21
27,-128,48
104,-128,62
127,-128,59
127,-86,56
127,-67,52
-128,10,-128
116,-122,120
127,24,20
32,-77,18
-21,-80,-22
8,-94,-31
5,-128,-32
-62,-128,-4
-118,-128,-55
-5,-125,-74
4,-67,-49
-95,-89,-45
-64,-2,-21
-30,21,-16
-38,16,-35
12,-16,-18
22,-28,-13
17,-82,27
68,-128,34
107,-128,52
127,-93,57
108,-79,18
122,-128,10
-17,-43,14
11,-65,12
41,-85,13
21,-105,12
2,-100,0
-7,-103,13
38,-55,-13
127,-126,-100
65,-128,-66
-37,-81,-34
-34,-38,-40
-26,2,-40
-21,1,-24
-22,-6,7
-7,-30,3
-2,-43,12
-26,-65,33
-16,-78,46
9,-89,20
39,-83,-6
56,-83,-12
67,-47,-13
78,-32,5
-1,17,3
-11,-128,33
22,-96,-48
19,-99,16
16,-70,31
43,-66,-1
39,-82,18
28,-128,9
-32,-128,-26
-99,-128,-47
36,-63,-35
35,-120,-72
19,-128,-64
-67,-128,-47
-32,-128,-35
-39,-36,3
-17,-4,8
-31,-2,-3
-26,-61,-2
-13,-66,2
102,-61,20
127,-71,26
127,-109,53
127,-92,75
110,-128,-128
46,26,-25
33,-50,-30
49,-83,-2
38,-97,-9
8,-128,23
-37,-128,-4
-128,-80,-96
-34,-60,-114
25,-80,-38
-55,-128,-96
-103,-128,-96
-68,-128,-35
-39,-36,-28
-26,35,-22
-10,23,-4
-10,-54,-22
17,-22,-12
65,-41,21
109,-84,35
127,-128,47
127,-128,55
127,-80,20
117,-37,40
127,-128,43
81,-75,15
63,-111,1
9,-128,20
-79,-128,-13
-128,-48,-83
-25,-51,-72
15,-120,-13
-47,-128,-108
-117,-128,-119
-76,-128,-37
-88,-128,-49
-20,5,-37
-1,46,-8
-12,29,-27
-34,-65,-26
-21,-51,-30
91,-48,12
127,-128,50
127,-128,78
127,-83,58
119,-32,-41
64,127,-40
53,-55,-30
48,-117,24
-4,-128,45
-124,-128,-5
-50,-53,-61
87,-128,-95
-30,-128,-19
-72,-128,-128
-128,-128,-117
-81,-128,-39
-82,-113,-35
-11,53,-18
-18,34,-13
-9,-9,-25
6,-46,-18
16,-39,-16
101,-38,18
117,-110,23
127,-128,38
127,-98,15
127,-58,26
127,-128,12
42,127,-44
55,-128,-13
-13,-128,38
-113,-128,-10
-128,-77,-65
127,-128,-70
-30,-126,11
-71,-128,-126
-128,-128,-128
-75,-128,-43
-79,-128,-40
-10,41,-8
-4,20,21
-1,-25,-22
19,-28,-5
48,-19,2
127,-104,33
127,-128,14
127,-128,35
112,-72,26
127,-124,-128
127,-52,11
41,-79,-6
22,-128,38
-128,-128,-6
-128,-128,-46
55,-128,-103
34,-49,-19
-54,-128,-91
-102,-128,-128
-93,-128,-51
-71,-109,-28
-34,-18,-33
5,6,5
0,-5,-16
-6,-78,-20
20,-52,-16
124,-72,11
127,-128,40
127,-128,65
127,-83,46
113,-72,22
112,38,52
61,-69,-35
51,-110,10
-32,-128,17
-128,-128,-68
105,-128,-65
7,-128,-33
-34,-128,-49
-128,-128,-128
-128,-128,-76
-98,-126,-43
-57,-26,-30
-17,63,17
-23,-33,-18
-31,-74,-12
51,-49,1
110,-34,33
127,-128,36
127,-128,52
127,-121,39
50,-87,-128
127,-21,9
61,-73,-11
53,-128,-4
-74,-128,6
-128,-121,-72
33,-49,-104
-49,-128,-13
-37,-128,-39
-123,-128,-127
-99,-128,-54
-75,-128,-58
-53,-8,-33
5,86,-11
-17,3,-25
-4,-68,-36
-19,-27,-44
109,-29,18
119,-128,27
127,-128,72
127,-128,51
117,-75,14
78,127,54
127,-105,26
64,-128,4
22,-128,41
-128,-128,-33
111,-128,-105
32,-75,-26
-9,-128,-92
-74,-128,-128
-125,-128,-74
-88,-128,-44
-51,-75,-33
16,77,2
-10,43,-1
8,-53,-28
-2,-73,-35
35,-39,-11
127,-120,29
127,-128,16
127,-128,43
127,-89,35
127,-21,-128
67,127,74
50,-63,-13
17,-128,33
-78,-128,16
-128,-108,-58
127,-128,-66
-20,-123,-14
-52,-128,-112
-110,-128,-116
-81,-128,-43
-69,-128,-41
-44,-7,-38
-4,62,17
-13,30,-11
-12,-54,-20
-27,-5,-23
46,-6,1
91,-128,19
127,-128,25
127,-128,29
127,-70,23
127,-128,10
31,127,-39
69,-124,-6
-35,-128,32
-128,-128,9
115,-128,-49
-1,-46,-83
-15,-128,-40
-25,-128,-125
-128,-128,-99
-72,-128,-49
-69,-128,-43
-21,27,-22
5,68,19
-13,6,-28
-12,-72,-25
-25,-50,-22
62,-46,14
127,-128,4
127,-128,17
127,-91,26
127,-115,24
98,40,56
127,-34,27
52,-112,-31
34,-128,17
-97,-128,20
-84,-85,-66
105,-128,-73
-46,-128,-33
-37,-128,-79
-120,-128,-89
-72,-128,-41
-57,-118,-29
-28,20,-19
5,54,19
-7,-2,-18
-4,-48,-23
5,-46,-18
89,-63,2
127,-124,18
127,-128,11
127,-128,33
117,-78,25
127,-62,76
70,44,-27
41,-116,-19
51,-128,-10
-78,-128,9
-128,-128,-79
127,-128,-52
-48,-127,-25
-34,-122,-60
-114,-128,-108
-123,-128,-77
-56,-125,-42
-27,-51,-36
-9,6,-28
-2,3,2
6,-16,-21
-15,-72,-26
30,-81,-8
67,-111,7
127,-128,3
127,-128,17
127,-68,31
127,-44,28
127,-128,24
65,-107,7
38,-116,-36
-7,-128,29
-24,-128,7
-92,-128,-3
72,-128,-37
-27,-62,-60
-68,-78,-84
-79,-78,-75
-78,-109,-70
-55,-100,-60
-36,-128,-42
-3,-36,-11
24,-22,28
8,-21,-18
-16,-49,-9
40,-98,17
79,-128,21
127,-128,40
127,-101,40
127,-58,65
71,-51,63
-122,-128,-128
126,-128,92
1,-110,-29
24,-26,-42
-15,-85,-7
2,-116,6
1,-103,10
43,-38,-1
59,-20,-4
22,-15,0
24,-22,8
24,-39,18
40,-52,17
40,-52,17
27,-56,16
8,-59,15
10,-67,10
8,-71,5
10,-71,-2
11,-69,-6
12,-67,-5
13,-63,2
14,-61,2
15,-61,3
16,-62,7
16,-62,8
15,-63,8
19,-62,7
20,-60,7
22,-57,8
21,-52,7
31,-48,10
31,-46,9
32,-49,8
30,-49,6
26,-57,1
21,-59,-5
17,-62,-11
18,-64,-13
26,-67,-11
47,-73,6
17,-68,7
8,-66,6
-1,-64,6
-1,-64,5
-10,-63,5
-12,-60,4
-12,-59,-1
-10,-57,0
-11,-56,-3
-10,-57,-12
-9,-59,-17
-1,-58,-19
18,-47,-83
-90,-93,-117
17,-52,-13
15,-57,3
10,-69,-5
7,-67,-3
3,-67,1
4,-68,-13
11,-67,-16
5,-65,-10
3,-65,-13
7,-63,-8
5,-65,-8
4,-65,-12
4,-64,-13
4,-63,-11
5,-67,-16
7,-72,-11
8,-73,-6
6,-76,-2
1,-91,-4
-42,-128,-30
-39,-120,-44
32,-128,-42
31,-31,-8
-33,-43,-23
-32,-18,25
-19,-23,24
-22,-29,15
-14,-46,17
-6,-55,17
4,-72,22
5,-77,20
-2,-99,7
4,-109,-3
26,-116,0
54,-99,-5
84,-81,-6
85,-68,-7
57,-81,-20
-36,-80,1
70,-127,2
4,-52,-2
-1,-63,-12
-12,-64,-14
-10,-65,-11
-6,-62,-10
-3,-64,-7
-6,-62,-12
-7,-62,-13
-1,-64,-10
-1,-65,-9
-1,-69,-9
3,-65,-5
6,-62,-9
-1,-67,-6
0,-65,-7
16,-70,-24
-20,-113,-17
-2,-100,-25
28,-22,-33
-13,-8,-20
-20,-30,15
-6,-44,20
8,-58,22
41,-74,38
46,-68,35
43,-76,28
19,-82,2
-8,-63,-10
-46,-57,-23
-55,-56,-29
-49,-60,-21
11,-74,23
103,-91,37
112,-82,45
-32,-50,-5
-17,-65,-10
-10,-67,-14
-6,-63,-3
-8,-63,-4
-18,-62,-9
-13,-63,-3
-13,-63,-2
-17,-61,-6
-14,-62,-5
-14,-62,-4
-9,-63,-2
-5,-64,1
-13,-62,-3
-16,-63,-5
-16,-61,-3
-13,-61,4
-9,-63,-1
-9,-64,-5
-10,-64,-5
-9,-63,-4
-10,-64,-5
-10,-63,-3
-11,-63,-3
-9,-63,-1
-9,-63,-1
-8,-63,0
-8,-63,1
-9,-63,1
-7,-64,4
-8,-64,3
-7,-63,5
-8,-64,3
-6,-63,7
-6,-63,7
-6,-63,8
-7,-62,9
-8,-62,8
-8,-62,8
-9,-62,8
-8,-62,9
-9,-63,8
-8,-62,8
-10,-62,7
-6,-63,10
-8,-62,10
-9,-64,5
-13,-63,5
-16,-62,5
-14,-62,4
-13,-63,5
-12,-62,8
-11,-62,8
-12,-62,7
-14,-62,5
-12,-62,5
-10,-62,6
-14,-62,6
-13,-61,6
-12,-62,5
-10,-63,5
-11,-63,5
-11,-62,5
-12,-62,5
-9,-63,4
-11,-62,4
-9,-64,3
-8,-63,4
-10,-63,4
-7,-64,4
-12,-62,1
-7,-64,4
-9,-62,4
-11,-63,0
-5,-63,3
-9,-62,3
-11,-63,-2
-9,-63,-1
-9,-62,1
-10,-62,-1
-7,-62,-1
-10,-63,-3
-15,-62,-9
-6,-67,-9
-10,-64,-6
-6,-64,-2
-6,-64,-3
-7,-65,-4
-9,-63,-2
-10,-64,-1
-6,-65,-1
-4,-65,-2
-4,-62,4
-12,-62,2
-13,-60,4
-11,-62,0
-10,-64,0
-10,-64,0
-8,-63,0
-5,-63,3
-5,-62,2
-5,-62,1
-8,-62,0
-9,-63,0
-9,-64,1
-7,-65,2
-6,-64,1
-7,-62,0
-7,-63,-1
-7,-63,-1
-8,-63,-2
-8,-64,-2
-8,-63,-1
-7,-63,-2
-8,-63,-3
-8,-63,-2
-10,-62,-3
-10,-62,-5
-9,-63,-5
-10,-64,-4
-10,-64,-4
-12,-62,-5
-13,-63,-5
-13,-62,-5
-12,-63,-7
-12,-62,-5
-14,-62,-6
-13,-62,-6
-13,-62,-6
-12,-62,-7
-12,-63,-7
-12,-62,-8
-11,-62,-8
-14,-62,-12
-11,-62,-9
-10,-63,-8
-8,-63,-8
-8,-63,-9
-11,-61,-11
-11,-61,-11
-8,-62,-11
-9,-62,-11
-13,-61,-11
-11,-61,-13
-9,-62,-12
-11,-62,-12
-12,-61,-11
-10,-61,-11
-9,-62,-13
-10,-62,-14
-11,-62,-14
-11,-61,-13
-11,-61,-13
-10,-61,-15
-11,-61,-15
-10,-61,-15
-9,-62,-15
-11,-61,-15
-10,-61,-15
-9,-61,-15
-8,-59,-15
-11,-60,-15
-8,-62,-15
-12,-61,-17
-10,-62,-16
-9,-61,-17
-9,-61,-17
-8,-61,-16
-10,-61,-17
-9,-61,-17
-9,-61,-17
-10,-61,-16
-10,-61,-17
-10,-61,-17
-10,-61,-16
-11,-60,-16
-10,-61,-16
-11,-60,-16
-12,-61,-16
-11,-61,-16
-12,-60,-16
-12,-60,-16
-12,-61,-16
-12,-60,-17
-13,-60,-17
-13,-61,-17
-12,-61,-16
-12,-61,-16
-12,-60,-16
-12,-60,-16
-12,-61,-16
-12,-61,-16
-12,-61,-16
-13,-60,-16
-12,-61,-16
-12,-61,-16
-12,-60,-16
-12,-61,-16
-12,-61,-16
-13,-60,-16
-12,-61,-16
-12,-61,-16
-12,-61,-17
-12,-60,-17
-12,-60,-16
-12,-61,-16
-12,-61,-17
-13,-61,-17
-12,-60,-17
-12,-61,-16
-11,-60,-16
-11,-61,-16
-10,-61,-17
-12,-61,-17
-11,-61,-16
-10,-61,-17
-10,-61,-16
-11,-61,-16
-11,-61,-16
-10,-61,-16
-10,-61,-16
-12,-61,-16
-11,-61,-16
-11,-61,-16
-11,-61,-16
-11,-61,-16
-11,-61,-16
-10,-61,-16
-11,-61,-16
-11,-61,-16
-10,-61,-16
-10,-61,-16
-12,-60,-16
-12,-61,-16
-11,-61,-16
-11,-61,-16
-11,-61,-15
-11,-61,-16
-10,-61,-16
-11,-61,-16
-11,-61,-16
-11,-61,-15
-11,-61,-16
-11,-61,-16
-11,-61,-16
-11,-61,-17
-12,-60,-16
-11,-61,-16
-11,-61,-16
-12,-60,-14
-12,-60,-16
-11,-61,-16
-12,-61,-16
-12,-61,-16
-12,-61,-17
-11,-61,-16
-12,-61,-16
-11,-61,-15
-12,-60,-16
-11,-61,-15
-11,-61,-15
-10,-61,-16
-11,-61,-15
-11,-61,-15
-10,-61,-15
-11,-61,-15
-10,-61,-15
-10,-61,-15
-10,-61,-14
-10,-61,-15
-11,-61,-15
-10,-61,-14
-10,-61,-14
-10,-62,-14
-9,-61,-14
-9,-62,-15
-13,-61,-14
-13,-61,-14
-9,-62,-14
-9,-62,-14
-10,-62,-13
-9,-62,-14
-9,-61,-13
-11,-62,-14
-10,-62,-14
-10,-61,-15
-7,-63,-10
-8,-63,-11
-6,-62,-12
-7,-62,-11
-8,-62,-12
-9,-62,-12
-9,-62,-13
-9,-62,-13
-11,-61,-14
-11,-62,-14
-11,-63,-13
-11,-62,-13
-12,-63,-13
-14,-63,-14
-17,-62,-14
-12,-63,-6
-12,-63,-7
-13,-62,-9
-13,-61,-3
-16,-61,4
-18,-60,5
-17,-61,5
-15,-62,2
-9,-62,1
-14,-61,0
-13,-61,0
-11,-62,1
-12,-62,1
-14,-61,1
-19,-62,8
-19,-62,8
-17,-63,0
-16,-63,-1
-14,-63,0
-11,-61,0
-12,-58,-1
-6,-58,0
-9,-57,5
-18,-70,24
-11,-63,-2
-12,-64,-3
-6,-63,2
-11,-63,0
-7,-65,-1
-7,-64,-3
-5,-64,-4
-4,-64,-3
-2,-64,-1
-1,-64,-2
0,-64,-2
-1,-64,-4
