1479997406.000000, 1479997406.000000, 1479997406.000000
32.000000, 32.000000, 32.000000
-3,-63,5
-2,-63,5
-3,-63,5
-3,-63,5
-3,-64,5
-3,-63,5
-3,-64,5
-3,-63,5
-3,-63,5
-3,-63,6
-3,-63,6
-3,-63,5
-3,-63,6
-3,-64,5
-2,-63,6
-3,-63,6
-4,-63,5
-3,-64,5
-3,-64,5
-3,-63,6
-3,-63,5
-3,-63,6
-2,-63,6
-2,-63,6
-3,-64,5
-3,-63,6
-3,-63,6
-4,-64,5
-3,-63,6
-4,-63,6
-3,-64,6
-3,-63,5
-3,-63,6
-4,-63,5
-4,-64,5
-3,-64,6
-3,-63,6
-3,-63,6
-3,-64,6
-3,-63,6
-3,-63,6
-4,-64,5
-3,-63,6
-3,-63,6
-3,-63,6
-2,-63,7
-2,-63,6
-3,-64,6
-3,-64,6
-3,-64,6
-2,-63,6
-2,-63,6
-2,-62,7
-2,-64,6
-1,-63,6
-2,-63,6
-2,-64,6
-2,-63,6
-3,-63,6
-2,-62,7
-2,-64,6
0,-64,6
0,-63,7
-1,-63,6
-1,-63,6
-3,-64,7
-3,-64,6
-1,-63,7
-1,-63,7
-1,-64,6
-1,-63,6
-2,-64,6
-1,-63,6
-1,-62,7
-2,-64,6
-2,-64,6
-1,-62,7
-2,-64,5
-2,-63,6
-2,-64,6
-3,-64,6
-2,-63,7
-2,-64,6
-2,-64,6
-1,-63,6
-2,-63,6
-2,-63,6
-2,-63,6
-3,-63,6
-3,-64,6
-3,-64,6
-2,-63,6
-2,-63,6
-2,-63,6
-2,-63,6
-2,-63,6
-2,-63,6
-2,-63,6
-2,-63,5
-2,-63,6
-2,-63,6
-2,-63,5
-2,-63,6
-2,-63,5
-2,-63,6
-3,-63,6
-2,-64,5
-2,-64,5
-2,-63,5
-2,-63,5
-2,-63,6
-2,-63,5
-3,-63,5
-3,-63,5
-3,-63,5
-2,-63,5
-3,-63,5
-3,-63,6
-3,-63,5
-3,-63,6
-3,-63,5
-3,-63,5
-3,-63,6
-3,-63,6
-3,-63,6
-3,-64,4
-3,-62,8
-4,-63,6
-4,-64,5
-4,-64,5
-3,-63,6
-3,-63,6
-3,-63,6
-3,-63,6
-3,-63,6
-3,-63,6
-3,-63,6
-4,-63,6
-4,-63,6
-4,-63,6
-4,-64,6
-5,-63,6
-5,-63,6
-5,-63,6
-5,-63,6
-5,-63,6
-5,-64,6
-3,-62,5
-5,-64,5
-5,-63,6
-5,-63,6
-5,-63,5
-6,-64,6
-7,-63,6
-7,-64,7
-7,-63,7
-6,-63,7
-6,-63,8
-5,-63,7
-5,-63,7
-5,-62,7
-5,-63,6
-4,-64,6
-3,-63,6
-2,-63,7
-1,-63,7
0,-63,6
1,-63,7
0,-62,7
-2,-63,8
-7,-62,8
1,-64,6
2,-62,7
3,-62,6
3,-62,5
4,-62,2
4,-62,4
4,-63,5
0,-64,6
3,-65,4
3,-63,3
-4,-65,8
0,-64,5
5,-62,3
3,-62,1
1,-63,3
2,-63,2
3,-64,2
1,-64,0
2,-64,0
2,-64,-1
3,-63,-1
2,-64,-1
2,-64,-2
3,-63,-2
-1,-64,-3
-1,-65,-5
2,-64,-6
1,-64,-5
2,-63,-5
3,-64,-4
2,-64,-3
4,-63,-5
2,-64,-5
3,-64,-5
3,-63,-4
4,-64,-3
6,-63,-2
7,-63,-1
7,-63,-1
6,-63,0
6,-63,0
8,-64,-1
7,-63,0
7,-62,2
6,-61,1
4,-67,1
7,-66,2
6,-66,4
6,-66,5
8,-66,6
8,-64,5
8,-65,6
10,-63,5
12,-63,6
12,-63,8
13,-59,12
10,-55,13
-7,-49,3
1,-56,-1
6,-59,0
9,-62,-1
10,-63,-1
15,-65,0
22,-67,1
28,-64,-5
33,-64,-1
22,-63,0
7,-59,-2
11,-62,-1
10,-63,3
4,-63,2
5,-65,4
1,-66,5
2,-64,1
5,-65,-2
3,-64,-2
-1,-64,0
1,-64,-2
0,-64,-2
-1,-64,-1
1,-64,-1
2,-63,-2
3,-64,-2
4,-63,-2
3,-64,-2
2,-64,-2
3,-64,-3
2,-63,-3
2,-64,-3
3,-64,-3
2,-64,-3
2,-64,-3
2,-64,-3
3,-63,-3
3,-63,-3
3,-63,-3
3,-64,-3
3,-64,-3
3,-63,-3
3,-64,-2
3,-64,-2
3,-64,-2
3,-64,-2
2,-63,-2
2,-63,-2
2,-63,-1
2,-63,-1
1,-63,-1
2,-63,-1
3,-64,-1
2,-63,-1
3,-64,-1
3,-63,0
2,-63,0
2,-63,0
2,-64,0
1,-64,0
1,-64,0
1,-64,0
2,-63,0
2,-63,1
2,-63,1
2,-63,1
2,-64,1
2,-63,1
1,-63,1
1,-63,1
1,-64,1
1,-63,1
2,-64,1
4,-64,1
5,-64,2
5,-64,2
4,-63,2
5,-63,2
6,-63,3
7,-62,3
7,-62,2
3,-63,0
8,-64,0
9,-61,4
6,-62,3
5,-63,1
5,-64,1
4,-64,1
4,-64,0
3,-63,0
4,-64,0
4,-64,0
5,-63,0
4,-63,0
4,-64,-1
5,-64,0
5,-63,0
6,-63,0
7,-63,0
7,-63,0
7,-63,0
7,-63,0
7,-63,0
7,-63,0
8,-63,0
8,-63,0
7,-63,0
7,-63,0
7,-63,1
7,-63,0
7,-63,1
7,-63,1
7,-63,1
7,-63,1
7,-63,1
7,-63,1
7,-63,1
7,-63,1
7,-63,1
7,-63,2
7,-63,2
7,-63,1
7,-63,2
6,-63,3
6,-63,1
6,-63,2
6,-63,2
6,-63,3
7,-63,3
6,-63,2
5,-63,2
6,-63,2
6,-63,2
5,-63,3
5,-63,3
5,-63,3
5,-63,3
5,-63,3
5,-63,3
4,-63,3
4,-63,3
4,-63,3
4,-63,3
4,-63,2
5,-64,1
7,-63,3
7,-63,4
6,-63,3
6,-63,3
6,-63,2
5,-64,2
5,-63,3
5,-63,2
5,-63,2
6,-63,3
6,-63,2
6,-63,2
6,-63,2
6,-63,2
6,-63,2
6,-63,2
6,-63,2
6,-63,3
6,-63,2
6,-63,3
6,-63,2
6,-63,3
6,-63,3
5,-63,2
5,-63,3
6,-63,3
5,-63,2
5,-63,3
5,-63,3
5,-63,3
5,-63,2
5,-63,3
5,-63,3
5,-63,2
5,-63,3
5,-63,3
5,-63,2
5,-63,2
5,-63,2
5,-63,2
4,-63,2
5,-63,2
6,-63,2
5,-63,3
5,-63,3
5,-63,3
5,-63,3
4,-63,3
5,-64,2
5,-63,2
5,-63,3
5,-63,3
5,-63,3
5,-63,3
4,-63,3
5,-64,2
4,-63,3
5,-63,3
4,-63,2
4,-63,3
4,-63,2
4,-63,3
4,-63,2
3,-64,2
3,-63,2
3,-63,2
4,-63,2
3,-64,1
3,-64,2
3,-64,2
3,-63,2
3,-63,1
3,-63,2
3,-64,2
3,-63,2
3,-63,2
3,-64,2
3,-63,2
3,-63,2
3,-63,1
3,-63,2
3,-64,1
3,-64,2
3,-63,1
3,-63,1
3,-63,2
3,-64,1
3,-63,1
3,-63,2
3,-63,1
3,-63,2
3,-64,2
2,-63,1
4,-64,2
3,-63,1
3,-63,2
5,-63,2
4,-63,2
4,-64,2
6,-63,2
5,-63,2
5,-63,2
5,-63,2
4,-63,2
6,-63,2
6,-63,2
6,-63,2
6,-63,3
6,-63,3
6,-63,3
6,-63,2
6,-63,2
6,-63,2
6,-63,3
6,-63,2
6,-63,2
6,-63,2
6,-63,3
6,-63,3
6,-63,3
6,-63,2
7,-63,3
6,-63,2
7,-63,2
7,-63,2
7,-63,2
7,-63,2
7,-63,2
7,-63,2
7,-63,2
7,-63,2
7,-63,2
7,-63,2
7,-63,2
7,-63,2
7,-63,2
7,-63,2
8,-63,2
7,-63,2
8,-63,2
7,-63,2
8,-63,2
8,-63,2
7,-63,2
8,-63,3
8,-63,3
8,-63,3
8,-63,3
8,-63,3
8,-63,3
8,-63,3
8,-63,3
8,-63,3
8,-63,3
8,-63,3
8,-63,3
8,-63,3
8,-63,3
8,-63,3
8,-63,3
8,-63,3
8,-63,3
8,-63,3
8,-63,4
8,-63,4
8,-63,4
8,-63,4
8,-63,4
8,-63,4
8,-63,4
8,-63,4
8,-63,4
8,-63,4
8,-63,3
8,-63,4
8,-63,4
9,-62,4
9,-63,4
9,-63,4
9,-63,4
9,-63,4
8,-63,4
8,-63,4
8,-63,4
8,-63,4
9,-63,4
8,-63,4
9,-63,4
8,-63,4
8,-63,4
8,-63,4
7,-63,4
8,-63,4
8,-63,4
8,-63,4
8,-63,4
8,-63,4
8,-63,4
8,-63,4
8,-63,4
8,-63,4
8,-63,4
8,-63,4
8,-63,4
8,-63,4
8,-63,4
8,-63,3
7,-63,4
8,-63,4
7,-63,4
7,-63,3
7,-63,4
7,-63,4
7,-63,3
7,-63,4
7,-63,3
6,-63,3
6,-63,3
6,-63,3
7,-63,3
6,-63,3
6,-63,3
6,-63,4
7,-63,3
7,-62,4
7,-63,3
6,-63,3
7,-63,3
6,-63,3
7,-63,3
7,-63,3
6,-63,3
6,-63,3
5,-64,3
6,-63,3
6,-63,3
6,-63,3
6,-63,3
6,-63,3
7,-63,3
7,-63,3
6,-63,3
7,-64,3
6,-64,1
6,-64,2
7,-65,1
13,-61,-11
11,-67,-12
6,-62,0
4,-60,7
1,-61,11
1,-61,4
10,-62,6
13,-62,6
10,-60,4
4,-59,0
10,-58,-4
8,-59,-11
1,-72,9
4,-63,-1
7,-61,-1
3,-64,-11
-1,-64,-9
0,-65,-4
0,-65,-6
0,-64,-9
4,-63,-7
5,-63,-8
5,-64,-5
4,-64,-9
5,-64,-7
4,-65,-11
4,-64,-8
2,-63,-9
3,-63,-9
0,-63,-10
-1,-63,-11
1,-63,-9
-2,-64,-9
-2,-63,-11
-4,-63,-13
-5,-63,-10
-2,-62,-5
-4,-62,-9
-1,-63,-10
0,-65,-7
1,-67,-7
2,-69,-7
7,-73,-7
3,-83,-2
-7,-91,-3
-11,-99,-8
-26,-83,-14
-25,-74,-15
-18,-92,-35
1,-84,-30
48,-128,-33
83,-125,-13
72,-121,-14
17,-66,4
6,-37,-2
-7,7,-13
-13,18,-8
-8,19,-9
-1,18,-9
7,16,-3
37,-7,5
63,-22,4
94,-42,5
95,-42,-5
127,-34,-13
-111,-128,23
7,-61,-20
21,-38,10
22,-69,-11
19,-67,-8
15,-62,-10
16,-61,-9
16,-61,-11
14,-61,-12
10,-67,-9
10,-63,-8
4,-64,-10
6,-61,-9
7,-60,-6
0,-63,-9
8,-69,-9
10,-74,-10
4,-88,-13
-3,-97,-11
-27,-111,7
-17,-74,-27
-7,-89,-33
96,-128,16
59,-125,-2
41,-118,-9
11,-75,-8
-2,-46,-10
-20,-2,-9
-32,8,-9
-32,10,-12
-19,9,-9
1,2,-11
50,-16,-9
76,-31,0
111,-39,19
127,-25,-25
-91,-42,32
31,-128,-49
36,-51,13
27,-60,-2
27,-58,-2
24,-59,-9
25,-56,-9
23,-61,-11
12,-68,-14
9,-66,-10
7,-61,-13
3,-70,-8
-2,-65,-5
-3,-63,-6
2,-69,-9
2,-81,-10
0,-83,-12
-20,-93,4
-23,-91,3
-9,-95,-31
57,-101,-20
116,-128,-1
38,-124,-10
45,-116,-26
11,-66,4
-30,-11,6
-37,6,14
-29,15,14
-29,14,11
-5,16,10
9,10,11
65,-9,5
108,-28,12
127,-75,-13
55,-85,-53
19,-99,1
31,-61,3
38,-47,-13
36,-51,-10
28,-56,-5
26,-62,1
26,-70,-6
24,-67,-11
17,-65,-9
14,-55,-9
13,-55,-11
16,-52,-9
14,-56,-6
6,-60,0
9,-64,-14
9,-67,-16
12,-78,-7
8,-86,-1
-3,-95,-6
-14,-101,-14
-13,-83,-9
-4,-91,-16
34,-101,-28
73,-128,-14
53,-122,2
36,-103,-3
11,-47,4
-11,-23,-7
-23,6,-2
-27,10,5
-24,9,3
6,3,3
46,-4,3
127,-35,3
127,-41,5
127,-8,-6
2,-26,-21
20,-115,-9
30,-63,18
31,-46,-15
36,-46,-8
31,-53,-5
24,-63,-8
23,-63,-7
25,-63,-10
18,-66,-6
15,-67,-7
10,-66,-6
11,-64,-9
10,-57,-8
10,-57,-1
12,-57,-4
11,-64,-7
5,-78,-10
6,-84,-9
1,-89,-2
-6,-94,3
-24,-96,-10
-18,-84,-23
1,-87,-29
17,-97,-29
58,-122,-4
48,-99,-9
52,-89,-24
21,-43,2
5,-25,-4
-9,1,3
-18,8,-1
-11,7,0
13,3,-2
35,0,2
90,-17,0
103,-27,-1
127,-10,-25
-36,-30,15
32,-113,-11
29,-73,7
35,-40,-18
37,-44,-17
28,-59,-8
26,-61,-10
29,-54,-9
27,-55,-11
21,-66,-6
12,-75,-7
13,-72,-6
14,-61,-9
11,-59,-8
12,-59,-6
14,-59,-1
13,-69,-9
8,-81,-6
1,-89,-3
-17,-93,3
-25,-86,-8
-1,-92,-23
37,-94,-18
90,-118,3
39,-102,-2
46,-103,-15
26,-73,0
19,-46,1
-17,-14,0
-18,0,1
-11,2,4
-1,3,5
10,-1,5
48,-10,9
102,-32,12
116,-36,8
35,-53,11
-25,-24,8
29,-78,-9
28,-66,-5
32,-55,-6
30,-60,-8
28,-59,-10
27,-58,-10
27,-59,-11
24,-62,-7
22,-63,-9
21,-65,-7
19,-59,-8
14,-59,-10
16,-55,-10
13,-58,-8
11,-58,-7
8,-70,-8
14,-74,-6
7,-82,-9
-2,-96,-2
-11,-100,3
-28,-84,-6
-10,-76,-19
13,-84,-31
46,-87,-5
36,-111,-7
42,-105,-29
39,-92,-23
-1,-49,-11
-6,-30,-2
-15,-5,-3
-12,-2,-2
-7,-1,1
14,-6,-5
34,-8,-4
80,-21,-1
97,-28,4
127,-50,9
-34,-43,29
31,-69,-19
38,-66,-11
35,-54,-2
33,-58,-23
33,-58,-20
33,-52,-16
35,-48,-20
33,-52,-12
27,-59,-10
28,-65,-11
19,-73,-8
20,-59,-9
17,-58,-9
17,-55,-10
21,-52,-10
11,-57,-6
11,-62,-10
12,-67,-12
6,-85,-4
-4,-92,4
-20,-95,3
-11,-90,-7
2,-90,-15
104,-90,-10
81,-125,-10
56,-109,7
42,-105,-7
20,-63,-6
3,-22,-6
-11,-6,-8
-14,10,-1
-23,10,-1
-9,6,3
-2,-1,1
53,-14,0
113,-36,-7
115,-39,-4
127,-46,1
-21,-6,7
21,-108,-20
32,-67,13
33,-50,-7
36,-49,-8
31,-58,-4
29,-59,-11
28,-60,-12
24,-68,-9
18,-71,-6
17,-68,-7
13,-62,-8
16,-59,-12
15,-56,-8
20,-53,-2
13,-57,0
15,-62,-7
18,-65,-8
9,-77,-4
0,-85,-1
-9,-90,3
-9,-89,-10
-4,-88,-17
25,-84,-17
59,-74,-13
40,-105,-8
47,-78,3
40,-70,-5
-18,-41,6
-36,-16,0
-37,-7,-3
-27,-12,-3
-22,-17,-3
-16,-35,2
-12,-48,5
1,-88,-1
18,-105,-1
30,-127,-2
47,-101,-25
79,-78,-18
57,-75,-1
3,-63,-25
-59,-49,-30
-12,-82,-7
-5,-80,-4
-10,-74,-7
-4,-66,-12
-9,-60,-19
-12,-62,-17
-9,-65,-13
-8,-63,-11
-5,-61,-12
0,-62,-14
0,-63,-14
-1,-62,-13
4,-67,-6
5,-67,-7
3,-64,-11
3,-65,-11
4,-72,-4
3,-78,-1
10,-84,-6
6,-96,-9
-15,-116,-19
-14,-113,-19
-15,-117,-18
-20,-91,-21
53,-60,-8
7,-62,6
11,-34,-14
29,-38,-20
31,-35,-11
28,-41,-10
32,-42,-6
50,-49,-7
52,-49,-3
62,-45,10
68,-45,12
79,-55,15
73,-47,12
73,-36,-4
59,-77,3
-60,-53,-17
32,-90,11
20,-46,-17
19,-44,-37
24,-69,4
22,-69,-13
24,-52,-11
24,-52,-14
21,-59,-15
16,-61,-12
17,-62,-9
13,-66,-7
11,-62,-10
6,-63,-10
6,-63,-8
6,-66,-9
6,-63,-9
8,-67,-9
9,-75,-6
5,-82,-10
-1,-93,-2
-18,-97,1
-17,-83,-15
13,-84,-26
25,-89,-34
49,-120,0
36,-100,-5
52,-103,-8
28,-75,0
5,-55,2
-12,-16,7
-11,1,6
-18,-1,4
-7,-2,-2
-1,-5,-5
29,-10,-6
84,-26,0
105,-35,3
127,-50,-22
0,-44,42
9,-103,4
27,-83,-27
39,-41,-1
35,-48,-20
33,-53,-19
32,-54,-21
32,-59,-15
26,-67,-8
24,-65,-11
19,-67,-12
17,-64,-6
14,-58,-8
18,-52,-11
19,-53,-11
14,-53,-5
10,-61,-9
9,-66,-14
12,-80,-11
-8,-100,5
-21,-108,10
-25,-99,2
-9,-94,-18
33,-94,-18
124,-91,-5
35,-104,-1
42,-92,-6
27,-72,-7
7,-30,-7
-2,-14,-4
-13,-2,-3
-14,1,-3
-7,-3,0
10,-12,1
30,-21,3
82,-37,9
101,-43,1
127,-54,-15
86,-50,9
36,-67,-47
24,-86,1
24,-78,20
32,-47,-24
29,-53,-12
24,-59,-17
25,-56,-12
24,-61,-11
18,-69,-8
13,-73,-10
13,-72,-10
13,-63,-7
1,-62,-11
11,-57,-7
6,-59,-4
2,-65,-9
6,-72,-13
1,-85,-6
-12,-94,6
-25,-95,6
-19,-82,-26
-1,-91,-25
26,-99,-31
95,-110,-9
65,-112,-13
48,-102,-18
11,-69,-3
-25,-21,-4
-44,-2,-1
-43,2,1
-14,-2,0
13,-6,-3
72,-15,1
99,-27,3
119,-31,9
102,-26,21
9,12,-12
26,-125,-26
23,-89,18
33,-49,-13
39,-40,-18
35,-55,-10
25,-68,-6
25,-72,-5
21,-69,-10
20,-66,-5
12,-62,-3
16,-53,-11
15,-52,-9
14,-52,-10
14,-52,-3
8,-62,-8
9,-70,-11
5,-85,-2
-8,-101,3
-17,-103,-3
-2,-96,-18
6,-104,-27
64,-109,-10
40,-123,-10
59,-105,-4
31,-86,-2
11,-47,5
-12,-5,-3
-24,7,-1
-17,12,4
-7,1,5
9,-2,8
55,-11,13
81,-23,14
99,-37,9
127,-43,-30
-32,-12,-17
36,-70,14
30,-85,17
29,-64,-17
33,-52,-16
34,-51,-13
29,-55,-14
27,-58,-14
27,-63,-12
18,-72,-11
14,-70,-11
15,-61,-7
15,-57,-11
14,-55,-10
15,-52,-8
10,-55,-7
9,-62,-6
11,-68,-7
3,-84,-6
2,-89,-5
0,-102,0
-13,-107,-7
-20,-90,-17
3,-92,-25
35,-101,-24
58,-125,-5
39,-108,-1
44,-93,-17
4,-43,-12
-13,-23,-13
-32,0,-10
-35,4,-9
-13,3,-13
3,3,-14
61,-4,0
123,-12,16
115,-12,26
127,-55,8
-89,-56,-46
20,-106,34
41,-34,-22
36,-29,-13
34,-53,-12
31,-57,-11
29,-55,-15
28,-57,-11
20,-66,-10
14,-67,-9
11,-67,-14
10,-62,-10
7,-59,-8
6,-56,-5
10,-57,-8
13,-57,-7
7,-63,-9
5,-70,-10
4,-83,-3
-1,-96,-4
-7,-101,-3
-20,-95,-15
-9,-84,-22
7,-89,-29
113,-110,-5
46,-117,-6
52,-80,-11
41,-73,-9
8,-41,6
-7,-28,7
-18,-9,11
-19,-5,13
-12,-2,10
9,-5,7
34,-7,7
97,-18,-3
121,-23,-13
68,-58,10
33,-68,3
35,-58,-18
35,-68,0
32,-64,5
37,-51,-20
34,-50,-14
32,-55,-16
27,-65,-8
24,-61,-13
19,-64,-11
18,-66,-8
15,-63,-7
17,-59,-13
15,-60,-8
8,-64,-4
12,-64,-11
7,-77,-14
-12,-90,5
-21,-94,0
-10,-96,-6
-5,-95,-10
35,-98,-10
49,-120,-6
39,-105,-6
40,-90,-18
25,-74,-5
-8,-24,-6
-14,-10,-7
-24,3,-3
-9,5,0
-1,2,1
37,-6,8
63,-19,9
100,-37,9
87,-29,3
127,-37,4
-51,-57,-24
11,-113,-62
24,-64,42
32,-44,23
36,-47,-33
25,-66,-3
21,-68,-12
21,-58,-16
24,-54,-17
17,-63,-11
11,-70,0
7,-71,-3
8,-65,-5
11,-60,-7
7,-56,-7
6,-59,-6
7,-61,-2
3,-66,-9
2,-70,-10
0,-77,0
0,-79,-5
8,-86,-11
-6,-93,3
-13,-101,-1
-20,-74,-18
0,-77,-23
27,-87,-33
37,-123,-7
43,-109,-6
58,-112,-18
34,-92,-4
-15,-46,-4
-21,-26,6
-29,-4,11
-19,5,7
-11,1,3
6,-7,3
21,-9,9
82,-34,12
116,-51,17
109,-41,19
-13,-70,-2
-32,-81,-37
31,-64,17
32,-46,6
29,-55,-29
23,-73,2
22,-63,-14
26,-52,-10
23,-60,-9
20,-62,-5
17,-67,-5
14,-69,-7
-2,-65,-15
-1,-58,-14
5,-58,-7
1,-62,-8
0,-64,-5
2,-66,-10
9,-67,-8
9,-64,-7
14,-65,-6
16,-67,-1
12,-73,0
15,-76,-1
16,-78,-4
12,-83,-9
5,-95,-6
-2,-85,-1
3,-73,-5
31,-68,-24
106,-67,7
60,-84,-2
33,-71,-6
49,-72,4
1,-59,1
-6,-47,5
-8,-36,1
-9,-34,1
-12,-31,1
-24,-29,-2
-24,-29,-1
-18,-42,-3
-23,-52,-2
-10,-78,-7
0,-93,-11
53,-119,0
82,-128,32
60,-119,36
70,-69,14
70,-68,23
-3,-75,-39
-6,-88,-15
-12,-72,-3
0,-74,-1
-19,-59,-16
-6,-58,-19
-5,-61,-16
-11,-63,-14
-10,-63,-17
-10,-62,-19
-8,-62,-16
-7,-62,-16
-8,-59,-17
-5,-62,-13
-6,-61,-13
-10,-61,-16
-8,-61,-16
-4,-63,-15
-3,-62,-14
-3,-62,-14
-2,-62,-14
-2,-62,-14
-3,-63,-15
-3,-63,-15
-2,-63,-15
-1,-62,-15
1,-62,-14
2,-62,-13
3,-63,-12
3,-64,-12
4,-64,-13
4,-63,-10
4,-60,-9
6,-62,-9
9,-65,-8
16,-64,-16
27,-63,-27
16,-68,-42
10,-69,-44
4,-68,-38
0,-68,-32
3,-62,-7
2,-58,10
0,-55,19
12,-52,27
19,-52,27
8,-66,29
22,-56,57
26,-54,-5
31,-69,-15
42,-67,-7
24,-54,-40
20,-58,-35
-6,-55,8
-19,-58,13
-19,-58,10
4,-67,15
12,-70,12
12,-69,2
9,-69,-3
5,-69,-5
1,-66,-18
6,-65,-14
5,-63,-17
5,-62,-18
27,-58,-18
-6,-58,-10
-7,-62,-11
-5,-60,-6
-17,-61,-3
-10,-63,32
-10,-66,-8
-1,-70,-2
-3,-62,-8
-7,-62,0
-7,-63,-6
-4,-63,-7
-3,-64,-5
-6,-62,-11
-5,-63,-8
-3,-64,-6
-3,-65,-9
-4,-63,-14
-4,-65,-12
-5,-64,-12
-5,-62,-13
-5,-62,-13
-5,-63,-12
-5,-62,-13
-4,-63,-10
-7,-63,-12
-9,-62,-16
-9,-63,-14
-12,-62,-15
-9,-63,-16
-7,-63,-15
-8,-63,-12
-10,-62,-13
-10,-62,-15
-10,-61,-13
-12,-62,-13
-8,-62,-11
-8,-62,-10
-9,-62,-11
-8,-62,-10
-8,-62,-11
-10,-62,-12
-10,-62,-12
-10,-61,-11
-8,-62,-10
-8,-63,-10
-9,-63,-10
-10,-62,-12
-9,-62,-11
-8,-62,-11
-8,-63,-12
-8,-62,-11
-8,-62,-12
-8,-62,-11
-8,-63,-11
-8,-62,-12
-7,-63,-12
-9,-62,-12
-9,-62,-11
-8,-62,-12
-9,-62,-12
-8,-62,-11
-8,-62,-11
-8,-62,-12
-8,-63,-12
-7,-62,-11
-8,-62,-12
-8,-62,-12
-8,-62,-12
-8,-62,-12
-8,-62,-11
-8,-62,-11
-8,-63,-11
-8,-63,-11
-8,-62,-11
-8,-62,-12
-8,-62,-11
-8,-62,-12
-7,-62,-12
-7,-62,-11
-8,-62,-11
-8,-62,-12
-7,-62,-11
-7,-63,-11
-7,-62,-11
-7,-62,-11
-7,-62,-11
-7,-62,-11
-7,-63,-11
-7,-63,-11
-7,-62,-11
-7,-62,-11
-6,-63,-11
-6,-62,-11
-6,-63,-11
-6,-63,-11
-6,-62,-11
-6,-62,-11
-6,-62,-11
-6,-62,-11
-6,-62,-11
-6,-63,-11
-5,-63,-11
-5,-63,-11
-6,-63,-11
-5,-63,-11
-4,-63,-11
-5,-63,-11
-4,-63,-11
-4,-63,-11
-4,-63,-11
-4,-63,-11
-4,-63,-10
-4,-63,-11
-4,-63,-11
-4,-63,-11
-4,-63,-11
-4,-63,-11
-4,-63,-11
-4,-63,-11
-4,-63,-11
-4,-63,-11
-4,-63,-11
-5,-63,-11
-4,-63,-11
-5,-63,-11
-5,-63,-10
-4,-63,-11
-4,-63,-11
-4,-62,-11
-4,-63,-11
-4,-63,-11
-4,-63,-11
-4,-63,-11
-4,-63,-11
-4,-63,-11
-4,-63,-11
-4,-63,-11
-4,-63,-11
-4,-63,-11
-4,-63,-11
-4,-63,-11
-4,-63,-11
-5,-63,-10
-4,-63,-11
-4,-63,-11
-4,-63,-10
-4,-63,-10
-4,-63,-10
-4,-63,-10
-4,-63,-11
-4,-63,-11
-5,-63,-11
-5,-63,-11
-5,-63,-10
-5,-63,-10
-5,-63,-11
-5,-63,-11
-5,-63,-11
-4,-63,-10
-5,-63,-10
-4,-63,-10
-4,-63,-10
-4,-63,-10
-5,-63,-10
-4,-63,-10
-4,-63,-10
-4,-63,-10
-4,-63,-10
-4,-63,-10
-4,-63,-10
-4,-63,-10
-4,-63,-10
-5,-63,-10
-4,-63,-10
-4,-63,-10
-4,-63,-10
-4,-63,-10
-4,-63,-10
-4,-63,-11
-4,-63,-10
-4,-63,-10
-4,-63,-10
-4,-63,-10
-4,-63,-10
-4,-63,-10
-4,-63,-10
-4,-63,-10
-4,-63,-10
-4,-63,-11
-4,-63,-11
-4,-63,-10
-4,-63,-10
-4,-63,-11
-4,-63,-11
-4,-63,-10
-4,-63,-11
-4,-63,-10
-4,-63,-10
-4,-63,-10
-4,-63,-10
-4,-63,-11
-4,-63,-10
-4,-63,-10
-4,-63,-11
-4,-63,-11
-4,-63,-11
-4,-63,-10
-4,-63,-11
-4,-62,-11
-4,-63,-11
-4,-63,-11
-4,-63,-10
-4,-63,-11
-4,-63,-11
-4,-63,-11
-4,-63,-11
-4,-63,-11
-4,-63,-11
-4,-63,-11
-4,-63,-11
-4,-63,-11
-4,-63,-11
-4,-63,-11
-4,-63,-11
-4,-63,-11
-4,-63,-11
-4,-63,-11
-4,-63,-10
-4,-63,-11
-4,-63,-11
-4,-63,-11
-4,-63,-11
-4,-63,-11
-3,-63,-11
-3,-63,-10
-3,-63,-11
-3,-63,-11
-3,-63,-11
-3,-63,-10
-3,-63,-11
-3,-63,-11
-3,-63,-11
-3,-63,-11
-3,-63,-11
-3,-63,-11
-3,-63,-11
-4,-63,-12
-4,-63,-11
-3,-63,-11
-3,-63,-11
-3,-63,-11
-3,-63,-11
-3,-63,-11
-3,-63,-11
-3,-63,-11
-3,-63,-11
-3,-63,-11
-3,-63,-11
-3,-63,-11
-3,-63,-11
-4,-63,-11
-3,-63,-11
-3,-63,-11
-4,-63,-11
-4,-63,-11
-4,-63,-11
-3,-63,-11
-3,-63,-11
-3,-63,-10
-3,-63,-11
-4,-63,-11
-3,-62,-11
-3,-62,-11
-3,-63,-11
-3,-63,-11
-3,-63,-11
-3,-63,-11
-3,-63,-11
-3,-63,-11
-4,-63,-11
-3,-63,-11
-3,-63,-11
-3,-63,-11
-3,-63,-11
-3,-63,-11
-3,-63,-11
-3,-63,-11
-3,-63,-11
-3,-63,-11
-3,-63,-11
-4,-63,-11
-4,-63,-11
-5,-63,-12
-4,-63,-11
-4,-63,-11
-4,-63,-11
-4,-63,-11
-4,-63,-11
-4,-63,-11
-4,-63,-11
-4,-63,-11
-3,-63,-11
-4,-63,-11
-3,-63,-11
-3,-63,-11
-4,-63,-11
-3,-63,-11
-3,-63,-11
-3,-63,-11
-3,-63,-11
-3,-63,-11
-3,-63,-11
-3,-63,-11
-3,-63,-11
-3,-63,-11
-3,-63,-11
-3,-63,-11
-3,-63,-11
-3,-63,-11
-3,-63,-11
-3,-63,-11
-3,-63,-11
-3,-63,-11
-3,-63,-11
-3,-63,-11
-3,-63,-11
-3,-63,-11
-3,-63,-11
-3,-63,-11
-3,-63,-11
-3,-63,-11
-3,-63,-11
-2,-63,-11
-3,-63,-11
-3,-63,-11
-3,-63,-11
-3,-63,-11
-2,-63,-11
-3,-63,-11
-2,-63,-11
-3,-63,-11
-3,-63,-11
-3,-63,-11
-3,-63,-11
-3,-63,-11
-3,-63,-11
-3,-63,-11
-3,-63,-11
-3,-63,-11
-3,-63,-11
-3,-63,-11
-3,-63,-11
-3,-63,-11
-3,-63,-11
-3,-63,-11
-3,-63,-11
-3,-63,-11
-3,-63,-11
-3,-63,-11
-3,-63,-11
-3,-62,-12
-3,-63,-11
-2,-63,-11
-2,-63,-11
-2,-63,-10
-1,-63,-10
-1,-63,-10
-1,-63,-10
-1,-63,-10
-2,-63,-10
-2,-63,-11
-2,-63,-10
-3,-63,-9
-2,-63,-9
-2,-63,-10
-1,-63,-8
-1,-63,-8
-1,-63,-7
0,-63,-9
1,-64,-8
-2,-65,-9
0,-64,-10
0,-63,-7
3,-64,-3
5,-64,-3
5,-63,-4
5,-65,-4
7,-67,-2
5,-68,-1
8,-68,-4
9,-70,-9
10,-70,-13
16,-56,-3
5,-59,-1
-10,-58,15
-24,-51,14
-21,-51,15
-4,-57,13
13,-62,7
17,-64,4
23,-67,0
25,-67,1
29,-65,-3
30,-62,-6
20,-61,-6
-7,-67,22
-3,-75,17
3,-63,7
7,-63,3
-2,-62,2
-4,-63,4
0,-63,5
-1,-64,4
-2,-64,4
-1,-64,3
1,-63,4
1,-63,4
0,-64,4
0,-64,4
0,-64,2
0,-64,3
0,-64,1
1,-63,4
0,-64,2
0,-63,2
-1,-64,2
0,-63,3
-1,-63,2
0,-63,2
4,-64,4
4,-64,3
4,-63,3
4,-63,3
2,-63,2
0,-64,2
1,-64,2
3,-63,3
4,-63,3
3,-63,3
4,-64,4
3,-64,3
4,-63,3
3,-63,4
3,-63,3
3,-63,4
3,-63,5
3,-63,4
3,-63,4
3,-63,4
3,-63,4
4,-63,5
4,-63,5
3,-64,5
4,-63,4
3,-63,5
3,-63,5
3,-63,5
4,-64,4
3,-64,5
2,-64,4
2,-64,5
2,-63,5
2,-63,6
2,-63,7
2,-63,7
2,-63,6
2,-63,6
2,-63,6
2,-63,6
2,-63,7
3,-63,6
2,-63,6
2,-63,6
2,-63,7
2,-63,6
2,-63,6
2,-63,6
2,-63,6
2,-64,6
3,-63,6
2,-63,6
3,-63,7
2,-63,7
2,-63,6
2,-63,6
2,-63,6
2,-64,5
1,-64,5
2,-63,6
2,-63,6
2,-63,6
2,-63,6
2,-63,6
2,-63,7
2,-63,6
2,-63,7
2,-64,7
-4,-67,4
-6,-69,4
-3,-70,5
-3,-71,4
-1,-70,2
3,-67,0
13,-62,1
6,-58,1
-4,-52,-1
-8,-54,-3
-7,-55,-1
-11,-56,0
-12,-58,1
-13,-61,3
-12,-67,4
-10,-70,3
-6,-73,4
-5,-75,4
-2,-72,0
-1,-67,4
0,-66,1
-3,-63,2
-11,-59,2
-11,-58,4
-9,-59,2
-6,-58,3
-1,-59,-3
2,-59,-7
5,-58,-11
-35,-60,-11
-8,-68,-10
-6,-77,-8
-5,-73,-7
0,-59,-8
3,-61,-6
-5,-67,-6
-8,-68,-9
2,-64,-11
3,-65,-11
8,-63,-7
4,-67,-7
3,-66,-7
9,-64,-5
15,-61,-3
12,-64,-5
21,-54,-4
25,-52,1
11,-68,-6
19,-69,7
22,-70,0
35,-48,0
39,-43,5
30,-53,4
42,-59,-5
38,-92,5
14,-124,-13
28,-100,-18
28,-33,-12
35,-6,-3
-84,36,-9
-12,-3,-25
-5,-14,-16
2,-45,6
6,-59,13
26,-78,11
55,-86,9
95,-106,15
83,-92,14
61,-75,7
6,-73,9
-7,-71,14
10,-59,4
10,-56,0
14,-50,-3
82,-79,-50
-87,-81,-83
-42,-128,-35
8,-122,27
28,-58,-14
32,-36,-27
32,-46,-27
23,-56,-8
29,-51,-17
22,-59,-12
15,-69,0
17,-66,-6
25,-58,-6
26,-57,-3
22,-65,-4
29,-57,-5
30,-59,-10
35,-58,-4
34,-62,1
33,-72,-2
30,-78,-3
25,-95,1
39,-63,-5
27,-43,-11
23,-19,-11
46,2,0
12,14,15
-39,-5,-13
-21,-14,2
7,-42,-4
7,-54,0
14,-70,-3
25,-88,0
59,-107,3
81,-99,2
58,-86,-3
27,-73,19
29,-64,27
32,-55,11
13,-58,6
10,-52,6
88,-72,-61
-61,-95,-80
-40,-96,-79
3,-124,82
26,-88,-10
35,-41,-14
14,-72,-8
16,-71,0
18,-62,-6
20,-60,-9
12,-64,-5
12,-65,-2
18,-56,-6
19,-57,-8
19,-61,0
19,-69,-3
29,-59,-2
41,-49,-2
32,-65,-2
35,-80,-3
26,-99,-8
17,-85,-14
21,-26,6
19,0,16
-44,36,-10
-12,11,-24
17,-28,-11
34,-51,5
27,-59,7
23,-80,5
26,-93,0
58,-102,9
71,-101,10
53,-74,8
22,-65,9
13,-56,12
25,-55,5
20,-57,-2
1,-60,-1
11,-60,-6
17,-54,-1
58,-77,-63
-128,-101,-32
-22,-111,10
-40,-124,39
23,-70,-1
35,-45,-13
34,-41,-15
21,-52,-15
23,-59,-16
13,-67,-1
16,-63,-4
16,-62,-6
15,-59,-7
16,-61,-7
21,-66,-3
25,-60,-6
25,-52,-9
33,-52,-4
33,-59,-1
28,-82,-4
23,-106,1
21,-115,-1
19,-62,-13
38,-39,-17
30,10,-3
-12,35,1
-27,1,-11
15,-30,2
20,-46,7
20,-66,9
24,-74,5
45,-93,-4
58,-97,-3
69,-80,-12
59,-67,-5
40,-67,1
11,-68,9
14,-63,9
4,-56,5
-1,-60,0
3,-60,-1
10,-58,-7
12,-51,2
62,-47,-38
116,-75,-42
-15,-74,-15
-24,-128,52
-2,-128,26
42,-41,-20
47,-27,-19
12,-73,-9
19,-63,-9
26,-56,-6
19,-66,-5
12,-67,-5
25,-50,-2
30,-51,-8
25,-62,-5
28,-57,-2
36,-57,-3
31,-58,-6
39,-53,0
29,-79,3
25,-102,-7
16,-97,-12
39,-44,0
33,-10,18
-56,29,-20
10,-14,-21
18,-26,-15
27,-50,-2
26,-59,-4
26,-72,-7
28,-78,-11
58,-82,1
62,-79,15
60,-79,19
30,-75,17
16,-76,19
29,-63,13
31,-57,7
24,-61,-1
19,-63,5
-8,-53,-54
-44,-97,-57
-28,-83,-26
-5,-73,14
12,-63,-20
5,-83,-26
22,-65,1
32,-47,-9
7,-76,-10
18,-60,-10
16,-59,-10
18,-58,-9
19,-59,-8
17,-65,-8
28,-54,-8
25,-60,-8
27,-61,-7
28,-65,-3
17,-78,-10
32,-68,-4
39,-61,0
30,-96,-4
22,-96,-9
40,-51,-10
24,-30,-13
30,8,-1
-40,5,-3
-24,-17,-6
4,-42,-9
9,-47,-4
6,-56,-3
9,-63,-6
47,-78,-3
88,-71,15
85,-77,15
55,-75,18
37,-78,21
46,-67,18
56,-60,18
36,-70,-49
-115,-104,-73
-12,-83,-4
2,-89,31
-20,-128,27
28,-58,-18
33,-43,-13
16,-50,-10
9,-74,-9
20,-61,-13
22,-58,-7
35,-37,4
30,-41,5
33,-52,-9
34,-59,-8
30,-76,0
28,-100,4
1,-128,-13
21,-41,-14
10,-18,-16
-18,19,2
-40,-8,-35
0,-20,-21
29,-53,-11
28,-60,-3
35,-74,4
46,-82,3
90,-90,6
76,-80,18
55,-69,14
4,-64,18
10,-66,7
40,-59,-2
37,-57,1
62,-77,-48
-82,-110,-29
-35,-86,-1
15,-66,2
1,-96,-27
20,-76,4
32,-41,-18
28,-53,-15
6,-73,-12
9,-67,-11
19,-57,-8
21,-58,-7
13,-60,-11
24,-57,-5
25,-58,-6
29,-60,-12
30,-69,-6
29,-88,1
25,-96,5
17,-110,1
34,-65,-18
25,-41,-24
42,13,-5
34,19,-7
-52,-6,-6
-7,-33,-16
4,-46,-14
7,-61,-2
9,-64,-1
36,-77,-4
92,-79,2
97,-85,19
74,-73,-2
48,-69,1
57,-61,8
73,-57,12
100,-107,-23
-81,-101,-4
-41,-83,-23
-11,-127,45
26,-61,-10
41,-36,-22
20,-58,-10
16,-80,-5
18,-65,-5
19,-69,-4
19,-64,-5
23,-56,1
20,-52,-3
33,-41,-7
36,-41,-4
38,-55,2
38,-71,-1
34,-113,1
2,-120,-16
11,-67,-16
2,-1,3
-38,26,1
-47,-1,-31
7,-33,-12
6,-43,-5
0,-79,-1
48,-108,-8
47,-120,6
65,-112,11
48,-90,-6
36,-73,16
46,-71,18
57,-58,0
43,-61,11
127,-104,-38
-1,-88,13
-27,-86,16
14,-96,-4
20,-87,14
23,-64,-13
22,-64,-17
16,-67,-11
15,-56,-8
17,-55,-7
16,-55,-4
15,-56,-5
16,-62,-2
13,-70,-4
11,-72,-6
14,-81,-6
14,-85,-6
1,-101,-6
-10,-113,-25
-8,-113,-39
-8,-80,-21
50,-37,-11
-35,-33,-10
-17,-10,6
-7,-18,-17
5,-38,2
8,-51,0
16,-90,-6
23,-102,-12
58,-121,-14
67,-96,-9
77,-95,-1
72,-69,10
65,-76,13
10,-83,2
-70,-58,-8
34,-95,-34
7,-60,4
3,-63,-4
-2,-65,-17
-1,-63,-11
4,-62,-11
6,-63,-9
5,-63,-10
13,-57,-5
8,-62,-5
2,-72,-9
20,-62,-9
6,-74,-15
8,-67,2
30,-44,1
40,-41,5
35,-51,5
30,-90,-11
-8,-128,-21
-7,-106,-25
-1,-29,-19
-8,5,-15
-37,10,-35
-3,-23,-21
-5,-37,-4
7,-66,6
31,-83,11
90,-91,19
127,-123,28
84,-75,6
77,-56,38
52,-57,12
28,-128,-71
-21,-107,18
14,-123,66
5,-124,-41
14,-100,-3
25,-57,-24
34,-43,-9
33,-42,5
37,-35,-2
24,-52,-18
29,-62,1
30,-54,1
33,-44,-5
33,-62,-13
34,-77,1
27,-96,-2
13,-111,-10
17,-65,-13
11,-47,-24
29,-6,-14
45,5,-16
-77,5,29
-18,-31,-29
17,-57,7
-10,-69,19
13,-85,9
58,-85,-1
121,-109,4
98,-74,4
45,-66,8
50,-65,15
38,-63,8
51,-76,-43
-15,-93,-50
-33,-69,-13
0,-89,-45
-20,-128,19
17,-87,10
36,-44,-17
20,-60,-10
13,-67,-2
18,-57,-8
21,-60,-4
16,-61,-5
19,-64,4
21,-72,0
31,-61,-6
28,-55,-1
28,-67,0
37,-69,1
27,-107,-4
27,-83,-14
28,-52,-9
18,-8,-11
34,5,-4
-27,27,-7
-15,-17,-11
0,-31,-10
2,-50,-2
1,-59,-2
31,-87,3
55,-88,8
106,-105,12
66,-75,17
39,-74,18
43,-61,19
48,-54,11
48,-54,16
-43,-90,-78
-60,-105,-39
8,-78,5
-1,-75,9
22,-110,8
35,-43,-10
31,-40,-14
17,-72,-4
19,-60,-6
21,-59,-10
15,-61,-6
14,-58,-4
21,-56,-7
19,-56,-9
16,-74,-5
15,-75,-5
23,-67,-6
32,-58,-4
36,-59,-5
35,-82,-3
25,-107,-1
23,-88,-17
35,-59,-13
19,-6,-9
-13,15,4
-41,27,0
-17,-16,-5
2,-34,-11
22,-56,-6
19,-78,-9
25,-86,-10
69,-96,-5
84,-81,-1
71,-80,0
54,-73,4
45,-55,18
42,-57,11
31,-62,15
56,-87,-42
-31,-93,-58
-31,-85,-5
22,-73,3
-8,-117,15
31,-57,-9
33,-45,-12
19,-63,-10
18,-61,-6
18,-56,-7
19,-60,-6
17,-60,-5
15,-60,-9
16,-63,-11
21,-59,-3
19,-74,-8
20,-73,-6
30,-61,0
30,-61,-1
34,-63,1
30,-77,1
34,-81,-2
47,-52,-7
38,-35,-7
33,-21,-18
47,-11,-4
5,12,-4
-34,-15,-10
-13,-26,-4
-1,-44,-9
3,-52,-9
11,-73,-10
35,-87,-9
49,-94,-10
88,-84,-11
73,-86,-7
46,-72,11
45,-63,21
39,-58,7
16,-62,8
9,-64,8
46,-48,-23
71,-101,-34
-22,-95,-8
32,-62,9
12,-75,-9
25,-88,-4
22,-59,-16
27,-53,-8
15,-66,-7
19,-58,-8
21,-60,-9
17,-64,-9
15,-64,-6
20,-58,-6
26,-54,-11
22,-67,-6
20,-70,-9
33,-57,-5
32,-52,-3
37,-56,-3
36,-72,-7
36,-85,-13
40,-55,-15
38,-41,-14
30,-10,-1
57,0,11
-54,10,-12
-2,-38,-9
5,-46,-5
2,-68,12
9,-95,18
37,-94,15
78,-103,21
91,-87,20
54,-77,17
38,-69,11
43,-60,15
45,-57,5
34,-58,6
-24,-113,-75
-70,-104,-59
-4,-79,7
6,-85,47
11,-110,-12
34,-46,-14
27,-45,-13
14,-66,-8
13,-65,-13
19,-62,-6
12,-59,-5
16,-56,-4
19,-58,-7
15,-69,-7
19,-69,-8
17,-77,-11
15,-69,-9
34,-57,-3
33,-57,-5
27,-83,-5
26,-98,-8
20,-72,-8
32,-21,-11
18,-18,-24
-56,17,9
-61,24,-19
0,-28,-15
10,-49,-5
14,-70,8
37,-89,1
62,-103,2
111,-96,17
83,-86,12
33,-70,20
34,-59,13
40,-56,5
26,-57,10
19,-50,14
21,-92,-71
-112,-104,-81
-7,-105,-23
-12,-128,8
30,-88,-13
40,-35,-9
25,-51,-11
16,-68,-1
22,-57,-5
23,-60,-5
17,-64,-4
17,-61,-6
27,-56,-1
20,-67,-1
27,-65,1
29,-70,-3
34,-64,-2
38,-64,4
32,-86,-1
27,-84,-12
34,-35,7
17,-27,-5
36,-1,8
-56,28,-13
-13,-6,-22
9,-37,-4
9,-49,7
19,-72,9
21,-81,8
49,-94,3
92,-85,10
74,-77,4
27,-74,25
20,-69,31
45,-52,17
38,-56,16
26,-56,9
100,-108,-44
-99,-103,-36
-19,-91,-37
10,-85,-13
15,-105,35
17,-85,7
30,-64,-17
19,-63,-4
22,-55,-2
28,-50,-6
29,-48,-7
27,-46,-4
24,-54,-2
23,-58,-4
27,-64,0
28,-76,2
38,-74,1
31,-79,-6
31,-106,-17
-13,-128,-41
-21,-100,-27
-44,-7,-7
-29,-7,-27
-55,-46,-23
24,-61,-29
17,-73,-23
2,-110,-1
8,-128,-6
26,-128,-14
46,-128,-19
98,-112,-2
127,-71,-2
122,-63,-14
25,-86,20
-68,-95,-20
12,-94,-27
33,-56,-12
19,-68,-9
-6,-65,-5
-3,-67,-5
7,-64,-9
-15,-56,-20
-10,-58,-18
-5,-64,-10
-3,-68,-10
2,-65,-10
3,-68,-7
-1,-74,-6
7,-88,-5
6,-90,-7
-2,-105,-13
-9,-117,-18
-13,-113,-18
-28,-92,-22
26,-47,-24
-61,-27,-15
-27,-13,0
-20,-18,-9
-16,-27,-4
-15,-60,3
3,-108,6
17,-124,0
48,-128,3
96,-128,25
127,-71,40
-4,-84,1
-28,-67,8
28,-123,7
-1,-43,-13
-2,-71,-10
-7,-63,-14
-4,-63,-15
3,-66,-11
-1,-62,-9
-5,-60,-14
-3,-59,-12
-3,-62,-8
-1,-65,-9
0,-67,-7
5,-62,-6
7,-67,-9
15,-73,-17
24,-65,-18
32,-57,-33
28,-46,-26
25,-43,-21
13,-49,-16
7,-52,-13
-5,-63,-3
-15,-66,4
-13,-69,9
-39,-86,55
-1,-61,-17
6,-70,-11
27,-64,-7
29,-62,-6
-4,-69,5
-11,-63,7
-12,-58,0
-5,-62,-1
9,-65,-7
-1,-62,-18
-18,-55,-21
-16,-46,-3
32,-62,51
18,-40,2
1,-89,0
6,-69,-6
-2,-57,3
8,-64,-11
2,-67,-15
-1,-66,-10
0,-65,-12
1,-61,-10
-1,-62,-13
1,-62,-12
3,-62,-12
1,-63,-14
0,-63,-16
-1,-61,-17
-6,-59,-20
-6,-61,-21
2,-61,-18
2,-64,-13
-2,-65,-18
7,-67,-24
15,-69,-20
15,-73,-7
12,-78,0
8,-98,2
-15,-113,-32
-12,-108,-30
4,-73,-26
-6,-59,-37
9,-21,-4
-35,-22,-3
-37,-17,6
-25,-35,3
-20,-44,-2
-16,-77,-1
-5,-101,0
50,-128,4
127,-117,14
127,-69,29
66,-128,32
-78,-38,-22
4,-45,-29
1,-60,-13
-12,-57,-5
0,-69,-11
-3,-64,-14
-11,-60,-19
-2,-66,-12
0,-65,-12
0,-63,-15
1,-63,-12
2,-62,-9
4,-63,-8
5,-65,-6
7,-64,-7
10,-64,-7
9,-69,-7
8,-71,-4
8,-73,1
3,-86,-4
7,-91,-9
-1,-87,-16
-5,-89,-18
12,-75,-22
20,-40,-13
-27,-29,-13
-15,-19,-19
-5,-20,-21
2,-35,-9
1,-45,-8
5,-69,-3
16,-102,2
34,-120,15
44,-111,53
44,-93,57
45,-67,44
59,-76,31
-36,-68,-19
-7,-59,-19
-4,-60,-22
-3,-59,-14
-5,-60,-13
-6,-64,-19
-4,-63,-16
-4,-64,-17
-4,-63,-17
-4,-62,-16
-4,-61,-15
-1,-62,-11
-1,-61,-10
-4,-61,-12
-4,-62,-12
-3,-64,-12
-3,-64,-13
-1,-67,-13
-3,-63,-7
-8,-63,-8
-8,-64,-7
-3,-64,-5
0,-65,-5
13,-58,-14
20,-52,-25
25,-65,14
37,-70,13
14,-75,0
3,-67,-4
-13,-72,-7
-5,-64,2
0,-63,-10
-3,-62,-15
-2,-61,-20
-19,-53,-26
-24,-56,-28
-30,-63,-13
-49,-62,4
-7,-66,-1
-20,-63,17
-8,-60,8
0,-66,-13
3,-67,2
-2,-65,6
-3,-65,-4
3,-66,-5
0,-62,-3
-2,-64,-4
-1,-65,-5
-1,-65,-4
-3,-64,-3
0,-65,-5
-2,-65,-4
-4,-64,-3
-4,-64,-3
-2,-65,-7
-6,-68,-3
-1,-70,-2
2,-74,12
-11,-89,1
-18,-111,-20
-45,-128,-27
-64,-128,-34
30,-113,-53
70,-61,-125
99,-50,-112
2,-12,-59
-23,10,-54
-23,8,-46
24,-13,-37
119,-15,-4
127,-11,25
118,-2,29
119,40,78
127,-98,-54
58,-128,2
21,-25,8
45,-17,-31
22,-82,-2
27,-74,-9
36,-106,14
20,-128,9
-53,-128,-50
37,-109,-24
127,-128,-8
89,-128,-6
-65,-108,-9
-109,-20,-15
-128,70,-36
-112,68,-19
1,46,-24
72,22,-22
127,5,39
127,24,33
-128,-48,-30
11,-97,6
27,-89,18
40,-89,-2
35,-128,1
-46,-128,-44
-16,-99,-30
127,-128,-14
54,-128,-8
38,-128,-30
-68,-38,6
-101,58,-13
-99,61,-17
-33,55,-11
99,12,4
127,4,9
127,88,37
127,-62,40
28,-128,-41
16,-83,1
44,-41,-7
51,-48,-17
39,-86,3
10,-128,-16
-21,-128,-22
-36,-97,-26
-15,-97,-17
92,-128,-19
74,-128,-15
-3,-124,-5
-81,8,-2
-103,51,-13
-63,38,-10
-38,32,-5
64,13,11
127,10,46
127,-96,51
96,-87,-70
21,-77,-10
35,-63,-6
45,-41,-13
38,-61,1
31,-93,-9
18,-125,-14
-35,-128,-9
-27,-102,-10
98,-128,-9
74,-128,-12
60,-128,-39
-44,-49,-11
-93,18,-1
-102,49,-10
-32,46,-16
8,46,-11
103,22,11
127,4,12
127,25,20
-7,-58,55
18,-128,-46
23,-66,12
38,-44,-13
45,-49,-5
41,-59,-1
35,-92,-8
2,-128,-5
-15,-128,-17
-40,-104,-29
15,-94,-5
75,-128,-5
53,-128,-14
-6,-111,-2
-77,9,-17
-93,44,-21
-57,32,-20
-27,33,-17
80,20,-7
127,17,33
127,67,63
-128,-65,-33
64,-128,-23
31,-71,8
44,-23,-24
47,-56,-8
33,-87,8
22,-106,-8
-13,-125,-18
-22,-99,-13
-14,-75,-18
127,-128,-13
77,-128,-7
19,-128,-39
-46,-67,-5
-73,-5,-8
-84,39,-13
-61,39,-14
-9,29,-4
42,24,-6
127,-4,9
127,8,42
-14,-34,12
13,-128,-3
18,-95,14
34,-39,-7
39,-29,-11
45,-49,-4
36,-78,1
25,-109,1
-4,-128,-25
-12,-111,-23
-31,-79,-14
46,-105,-3
73,-128,-1
42,-128,-4
-29,-81,-9
-63,-10,-11
-67,35,-6
-52,32,3
-15,28,11
28,25,10
127,-1,5
127,7,28
127,31,-19
63,-90,-44
-5,-128,38
38,-55,-17
41,-35,-24
42,-39,-2
50,-40,-10
39,-63,-14
24,-104,-1
20,-128,-7
-27,-128,-9
-21,-115,-13
1,-78,-1
83,-128,-5
83,-128,-3
37,-128,-27
-4,-112,-10
-81,3,-18
-85,42,-22
-59,19,-21
-16,13,-13
25,9,-7
127,-28,20
127,-28,53
127,-2,41
4,6,-20
29,-109,-49
37,-66,16
41,-58,22
36,-54,-12
39,-74,-16
37,-65,8
52,-28,1
45,-31,0
43,-72,-5
47,-85,2
23,-125,-16
-36,-103,-19
-42,-80,-1
-19,-79,-30
5,-77,-43
2,-118,-34
-52,-128,-29
-59,-87,-9
-4,-65,-29
1,-55,-36
36,-98,-22
60,-114,-24
70,-97,-22
121,-91,4
127,-86,27
127,-42,89
127,16,62
-39,-128,-97
-28,-88,92
6,-95,-28
52,4,9
19,-44,-48
25,-74,9
25,-61,-16
11,-108,-15
-18,-128,-22
-52,-112,-21
25,-68,-12
39,-31,-26
0,-64,-5
53,-127,-1
47,-128,-23
35,-128,-20
1,-75,-15
-36,-22,-10
-33,16,-2
-38,34,-2
-6,30,2
26,37,8
89,7,17
107,1,20
127,-2,19
-97,-28,10
3,-99,-18
33,-64,14
35,-59,9
34,-57,-5
26,-66,-15
33,-76,-5
42,-77,-7
38,-110,-2
-14,-128,-5
-40,-128,-26
35,-39,-36
21,-128,-25
69,-128,-12
25,-128,-18
2,-123,-10
-50,-7,3
-55,41,4
-46,40,-2
11,53,5
40,40,11
127,8,23
127,1,40
127,2,1
58,-121,-36
6,-112,10
33,-55,12
39,-30,-20
44,-69,-12
35,-110,-18
18,-128,-12
-32,-128,-13
-49,-94,-27
59,-45,-28
48,-84,-1
55,-128,-16
27,-128,-31
24,-113,-20
-46,-6,-15
-40,45,-5
-43,38,-12
2,35,2
18,25,14
127,-6,31
127,13,53
108,-89,-4
38,-128,-21
25,-91,41
32,-49,-10
41,-44,-14
43,-65,6
39,-87,-2
9,-128,-10
-44,-101,-31
-6,-69,-14
57,-55,-12
51,-71,-2
64,-128,-9
27,-128,-15
19,-128,-20
-17,-58,-12
-35,-1,-10
-46,26,-8
-30,32,-5
7,27,-3
64,13,12
96,-5,20
111,11,44
-61,-61,24
15,-111,-52
30,-68,6
32,-56,21
40,-55,-15
35,-78,-6
40,-84,1
34,-104,-5
-7,-128,-10
-22,-69,-19
20,-61,-21
61,-66,-15
15,-115,-10
40,-128,-19
29,-128,-5
1,-99,-10
-45,2,3
-41,37,6
-29,31,2
-9,29,4
27,18,11
103,6,14
105,21,29
82,43,52
127,-67,-5
52,-128,-27
16,-69,25
34,-39,-7
42,-65,4
35,-76,9
31,-120,-4
-15,-128,-9
-33,-116,-23
11,-62,-25
71,-73,-14
57,-128,-27
46,-128,-38
2,-122,-19
-56,-13,-10
-61,45,-5
-47,40,-11
-36,43,-14
25,35,-1
113,16,7
127,20,22
127,-83,50
-128,-56,-27
15,-112,2
25,-56,35
44,-46,-17
37,-86,-2
32,-109,-10
-2,-128,-10
-28,-118,-22
24,-78,-25
56,-54,-10
-10,-99,-9
37,-128,-20
13,-128,-31
8,-100,-13
-16,-61,-13
-28,33,5
-28,35,5
-10,32,5
16,28,15
27,15,29
78,2,28
127,24,52
127,-98,-15
42,-128,-51
17,-124,18
37,-45,4
44,-48,3
43,-58,1
36,-85,-2
33,-102,2
10,-124,-1
-25,-100,-12
-1,-76,-23
49,-69,-18
32,-128,-25
41,-128,-29
18,-128,-23
-25,-71,-15
-40,30,2
-40,44,3
-18,30,-5
-6,27,-1
38,7,16
80,-8,23
112,-9,44
127,-11,-40
-103,-67,-20
10,-128,25
25,-87,62
29,-49,-26
42,-43,4
40,-43,-9
36,-70,-8
34,-86,-12
23,-102,-17
-16,-117,-16
-33,-88,-7
20,-44,-3
64,-28,-21
12,-72,-5
30,-106,-3
53,-111,-10
36,-102,-16
8,-74,-10
-26,-13,5
-36,-1,5
-25,-8,3
-22,-13,4
-23,-15,3
-17,-30,-1
-10,-44,-1
0,-86,-7
11,-112,-9
35,-128,19
69,-106,66
127,-71,80
-128,-71,-75
40,-89,-13
27,-75,14
-11,-66,-22
-7,-64,-21
-7,-62,-19
-7,-63,-23
-11,-60,-17
-9,-61,-10
-3,-61,-13
-5,-62,-16
-7,-60,-13
-4,-64,-12
-3,-64,-8
-12,-64,-11
-3,-66,-12
-6,-66,-13
-10,-64,-9
-9,-67,-7
-3,-60,-7
2,-57,-22
4,-59,-34
7,-52,-15
24,-53,-4
-29,-70,18
-21,-72,15
-32,-70,18
-15,-75,14
-7,-76,19
8,-66,-7
6,-70,-5
2,-68,-9
11,-63,-22
0,-62,-24
-23,-50,-20
-23,-52,-19
-22,-58,-20
-20,-61,-20
2,-63,-11
-20,-70,-14
-3,-64,5
-15,-64,2
-23,-66,4
-17,-64,1
-8,-66,-5
-5,-66,-7
0,-63,-1
0,-62,1
3,-62,-4
2,-63,-5
1,-64,-5
1,-63,-10
3,-63,-9
6,-63,-9
4,-63,-10
5,-62,-9
5,-62,-11
3,-63,-9
4,-62,-10
2,-63,-12
-1,-63,-13
0,-63,-13
0,-63,-14
1,-63,-13
1,-63,-13
-1,-63,-14
-1,-62,-14
-1,-62,-15
-2,-63,-14
-1,-64,-15
-1,-62,-13
0,-62,-13
1,-62,-15
1,-62,-13
1,-63,-13
1,-62,-12
1,-62,-13
2,-62,-12
1,-61,-11
3,-61,-14
5,-63,-12
1,-62,-11
-2,-63,-13
-3,-63,-14
-1,-62,-13
1,-63,-12
-1,-62,-13
-1,-63,-12
0,-63,-12
-1,-63,-13
0,-63,-12
-1,-63,-12
-1,-62,-12
-2,-63,-13
1,-63,-12
0,-62,-13
0,-63,-12
1,-62,-13
1,-62,-13
1,-62,-13
1,-62,-13
1,-63,-13
2,-62,-12
2,-62,-13
4,-61,-13
3,-62,-12
5,-62,-12
2,-62,-12
-1,-62,-14
0,-62,-13
0,-63,-13
-1,-62,-14
-1,-63,-15
0,-63,-12
1,-62,-14
0,-62,-14
0,-62,-13
0,-62,-13
0,-62,-14
0,-62,-14
1,-62,-13
0,-63,-13
0,-63,-14
0,-62,-14
-1,-62,-15
1,-62,-14
1,-62,-13
0,-62,-13
0,-62,-14
0,-62,-14
0,-62,-14
0,-62,-14
0,-62,-14
0,-62,-14
0,-62,-14
0,-62,-14
0,-62,-14
0,-62,-14
1,-62,-13
1,-62,-13
0,-62,-14
0,-63,-14
0,-62,-14
-1,-62,-14
0,-62,-14
-1,-62,-14
-1,-62,-14
-1,-62,-14
-1,-62,-14
0,-62,-13
-1,-62,-14
0,-62,-13
0,-62,-13
-1,-62,-13
0,-62,-14
-1,-62,-14
-1,-62,-13
-1,-62,-13
-1,-62,-14
-1,-62,-14
-1,-62,-14
-1,-62,-13
-1,-62,-13
-1,-62,-13
-1,-62,-14
-1,-62,-13
-1,-62,-14
-1,-62,-14
-1,-62,-14
-1,-63,-14
-1,-62,-13
0,-62,-13
0,-63,-13
1,-62,-11
-1,-62,-13
-2,-62,-15
-4,-62,-17
-4,-63,-17
-2,-63,-14
0,-63,-13
-1,-62,-12
0,-63,-11
0,-63,-11
-1,-64,-12
0,-63,-11
0,-64,-10
-1,-65,-10
2,-64,-7
3,-62,-2
1,-63,-4
4,-64,-3
3,-63,-2
3,-64,-1
3,-63,2
3,-63,4
2,-63,5
0,-66,0
4,-68,-1
12,-72,-2
11,-70,-5
13,-64,-6
16,-58,-4
14,-54,-4
-15,-48,-13
-14,-56,-8
-4,-62,5
-1,-66,9
1,-68,10
0,-68,9
1,-67,9
2,-67,7
1,-68,7
1,-66,8
4,-67,9
-3,-65,7
-4,-63,3
-2,-63,1
1,-64,0
0,-65,-3
-3,-65,-5
-4,-65,-4
-8,-63,-3
-6,-62,-4
-7,-61,-1
-10,-60,0
-9,-61,0
-4,-63,-2
-1,-62,-4
0,-62,-5
1,-60,-5
8,-58,-5
8,-56,-5
-38,-58,-34
-5,-82,-7
-5,-65,4
-6,-59,-6
0,-62,-9
7,-65,-11
-9,-63,-12
-4,-66,-8
-3,-63,-10
6,-64,-10
6,-65,-7
6,-64,-7
5,-63,-9
8,-63,-4
0,-64,-9
23,-52,-8
12,-64,-7
29,-55,-5
33,-54,-2
4,-89,-12
18,-95,-17
10,-122,-11
-10,-128,-23
-33,-80,-32
10,20,1
-78,79,-13
-30,6,-17
-23,-4,-31
3,-36,-6
54,-93,18
96,-112,33
127,-128,33
127,-93,20
44,-21,38
93,-14,10
-128,-110,-77
-50,-128,-20
-37,-128,56
47,-55,-12
42,-52,-19
30,-79,-11
26,-84,-5
14,-103,-6
-6,-128,-26
-28,-120,-44
1,-15,36
-74,11,-23
-105,0,-29
-35,-15,-24
6,-31,-10
55,-78,29
73,-101,47
127,-128,41
127,-34,56
86,-14,40
-68,-128,-59
-99,-128,-66
-5,-128,-5
31,-113,-20
61,-46,-16
24,-109,-16
7,-128,-6
-35,-128,-32
-42,-101,-54
-29,37,-24
-113,12,-23
-63,22,-34
-18,-10,-25
7,-27,-14
82,-89,41
127,-128,44
127,-95,55
127,-11,15
127,-128,-7
32,-90,-5
32,-128,31
33,-17,-3
45,-68,-31
21,-99,-5
-18,-128,-25
-34,-128,-33
-33,-40,-7
-128,88,-24
-128,5,-33
-39,-2,-32
9,-18,-22
61,-65,20
112,-96,43
127,-128,61
116,-54,53
127,-25,18
-128,-128,-79
38,-128,16
9,-128,64
38,-101,-18
23,-118,-41
-19,-128,-12
-77,-78,-30
-31,-10,23
-128,85,-50
-128,9,-27
-29,-5,-20
14,-15,0
68,-85,21
127,-128,13
127,-79,50
112,-28,47
127,-115,3
-13,-86,-87
-27,-128,-98
40,-9,-28
1,-128,1
-21,-128,-3
-29,-78,-28
-59,-20,-30
-55,86,-28
-128,9,-23
-57,20,-40
39,-8,1
107,-101,22
127,-128,41
127,-128,16
127,-68,36
127,-82,9
-128,-128,-20
-51,-128,-128
-54,-128,77
50,-33,-17
28,-101,-31
1,-128,-8
-37,-128,-39
-60,-78,-40
-128,77,-11
-128,13,-30
-39,13,-25
4,-28,1
40,-52,13
127,-128,38
127,-128,58
127,-56,26
65,-31,26
127,-94,-11
-34,-67,-2
-96,-128,-128
60,-4,29
41,-59,-11
36,-74,8
12,-128,-10
-14,-128,-7
-10,-109,-22
-4,-35,7
-71,41,-20
-79,25,-22
-69,23,-33
-14,-9,-37
11,-30,-30
75,-111,8
114,-128,42
127,-109,37
107,-19,44
58,-22,34
-14,-128,9
-128,-128,-21
-28,-128,-53
25,-97,-15
61,-68,-20
23,-120,10
14,-128,-4
-31,-128,-34
-12,-113,-24
-36,9,-23
-128,13,-25
-96,16,-11
-64,-10,-41
-9,-73,-39
3,-105,-25
-7,-128,-13
36,-128,-14
127,-128,-3
127,-60,34
-94,-104,-75
54,-128,76
127,14,9
31,-76,0
35,-61,-24
25,-70,-25
34,-63,-2
24,-79,-6
27,-84,-14
20,-86,-15
-24,-105,3
-21,-108,-6
-18,-99,-36
-55,-128,-50
21,-128,-49
-45,-79,-23
2,-21,-14
-10,-4,11
-10,-12,15
13,-50,15
78,-54,59
112,-67,66
127,-99,68
127,-103,53
78,-41,54
57,-10,7
88,-17,10
49,-35,-4
74,-19,-3
-128,-128,-83
16,-67,-50
-9,-128,111
49,-101,-30
24,-128,-6
-30,-128,-25
-12,-101,-56
4,12,-14
-128,41,-32
-127,21,-42
-25,-23,-33
10,-43,-25
73,-76,49
127,-128,30
127,-128,50
127,-43,53
110,-15,25
-128,-128,-85
32,-107,-85
-19,-128,102
35,-82,-11
42,-61,-35
-5,-128,15
-30,-128,-11
-60,-79,-22
-53,55,-41
-128,63,-50
-65,15,-37
-7,-4,-30
43,-67,12
127,-108,45
127,-128,81
127,-41,34
127,-128,32
40,-96,-86
-18,-128,-79
16,-126,-18
10,-128,-18
-14,-128,1
-57,-87,-39
-55,-55,-27
-128,115,-30
-54,19,-37
-22,-5,-34
69,-37,7
115,-87,21
127,-128,57
127,-81,49
127,-128,-2
10,-54,29
-23,-128,-88
-9,-86,-35
44,-65,-34
34,-100,6
-13,-128,-7
-34,-128,-29
-32,-64,-14
-47,18,-8
-128,12,-46
-62,16,-31
9,-21,-26
104,-69,-9
127,-95,26
127,-117,65
127,-37,22
127,-128,27
-19,-102,-13
8,-108,-93
3,-128,76
3,-116,-33
5,-128,-17
-18,-128,-20
-49,-50,-17
-114,85,-31
-128,34,-76
-34,-6,-33
7,-30,-8
112,-87,7
127,-99,62
127,-97,54
127,-37,56
127,-126,9
-11,-64,7
-22,-119,-109
17,-124,70
5,-128,-39
-46,-128,-36
-76,-66,-50
-37,10,-9
-128,7,-32
-44,9,-24
3,-1,-20
69,-44,26
127,-89,27
127,-109,48
127,-114,-7
-128,-128,-26
6,-128,-24
49,-71,-14
-2,-128,10
-19,-128,-26
-43,-128,-25
-49,0,22
-39,61,12
-128,6,-33
-61,8,-24
30,-39,-26
125,-128,25
127,-128,29
127,-59,34
88,-30,25
-32,-128,-65
-128,-102,-24
-25,-128,37
-43,-128,-43
-100,-128,-64
7,81,26
-128,107,-114
-112,37,-45
-18,-59,-28
25,-128,-27
127,-128,14
127,-128,18
127,-83,60
108,-69,71
-22,-128,35
-11,-120,-3
-28,-128,50
27,-53,1
44,-74,-9
35,-52,-6
22,-67,-21
26,-79,-23
-4,-89,-14
-16,-95,10
-19,-85,10
-31,-104,-32
-56,-128,-51
77,-92,-40
2,-76,-43
0,-26,1
-18,-12,-19
-25,-23,-15
-15,-53,1
-25,-77,8
6,-128,17
33,-128,-20
127,-128,-49
127,-60,-4
118,-78,-32
-43,-120,-12
105,-128,-20
1,-55,19
6,-67,-7
9,-66,-10
0,-68,-2
2,-70,-2
3,-68,-9
1,-62,-8
7,-57,-9
12,-58,-4
10,-63,-2
21,-57,5
13,-68,-12
6,-88,-15
-7,-118,-18
-7,-128,-21
-2,-68,-20
20,-36,-5
-35,-31,-15
-32,-5,-4
-3,-12,-10
-1,-45,13
-2,-57,22
-2,-75,18
-2,-80,13
26,-119,0
50,-114,-13
84,-96,-21
123,-59,28
71,-70,-2
-128,-56,-67
103,-111,11
-4,-55,34
-10,-60,-39
-12,-56,-33
1,-62,-6
0,-68,-10
-4,-63,-7
-3,-61,-11
0,-60,-11
0,-58,-10
-9,-59,-12
-4,-67,-11
-6,-63,-11
-7,-62,-13
-10,-65,-15
-1,-66,-11
-2,-62,-12
-2,-63,-12
1,-63,-10
0,-64,-11
1,-65,-9
-3,-66,-10
-3,-70,-12
4,-68,-11
5,-67,-6
4,-69,7
6,-69,2
9,-68,-1
6,-73,-5
3,-76,-7
9,-78,-7
17,-70,-14
25,-62,-10
7,-42,-25
-17,-44,-21
-12,-41,-12
-11,-41,-15
-8,-46,-17
0,-62,-12
2,-70,-9
6,-80,-15
8,-83,-14
10,-89,-9
14,-96,21
10,-87,9
47,-81,12
62,-70,14
89,-70,-3
-8,-69,-6
-28,-85,-25
-3,-75,1
2,-69,-2
-16,-57,-14
-20,-56,-19
-8,-63,-13
-13,-63,-16
-15,-62,-16
-9,-63,-12
-3,-64,-13
-4,-63,-12
-2,-63,-11
0,-63,-10
2,-64,-6
3,-64,-6
2,-65,-7
0,-64,-8
2,-65,-10
8,-68,-1
7,-69,0
5,-75,-7
5,-78,-11
7,-82,-2
-17,-102,-7
-31,-108,-15
-1,-111,-32
1,-90,-41
38,-23,-12
-21,-28,-16
-17,-17,-8
-3,-26,-17
-3,-41,-16
0,-54,-15
-5,-69,-8
-9,-94,-9
4,-116,-26
17,-125,-22
80,-110,-19
104,-96,-18
127,-74,15
50,-78,-6
-115,-72,32
14,-108,-12
9,-92,-20
14,-50,-11
-4,-63,-15
-17,-60,-11
0,-68,-7
-5,-66,-17
-16,-59,-18
-10,-62,-11
-1,-66,-12
0,-64,-12
0,-65,-10
5,-66,-7
8,-66,-5
7,-66,-10
5,-70,-2
3,-81,3
9,-89,-16
5,-98,-20
-16,-114,-18
-20,-111,-19
-14,-95,-38
36,-26,-15
-4,-36,-10
-19,-13,-9
-15,-16,-10
-10,-40,0
-18,-59,10
-24,-72,12
-17,-104,9
0,-128,7
49,-128,11
86,-128,25
127,-80,25
93,-74,-23
-102,-74,-33
29,-115,-16
11,-92,22
-2,-63,-19
-14,-55,-24
-7,-61,-19
-9,-65,-12
-12,-62,-13
-5,-63,-13
2,-67,-14
5,-67,-13
8,-64,-9
8,-66,-6
2,-70,-4
0,-70,-3
4,-77,-3
4,-83,-15
7,-89,-20
-10,-112,-25
-20,-116,-25
-15,-114,-35
-28,-94,-34
12,-47,-12
-24,-12,-6
-18,-13,-10
-4,-31,-11
-2,-37,0
-10,-64,-1
-6,-99,-6
5,-119,-12
60,-128,14
107,-112,7
127,-94,10
102,-80,10
-50,-91,-7
22,-115,-4
5,-87,-25
11,-53,-14
8,-67,-20
-17,-57,-17
-9,-67,-19
-5,-64,-19
-7,-59,-16
-9,-61,-15
4,-64,-14
-5,-64,-15
-1,-63,-14
5,-67,-11
2,-67,-14
0,-68,-12
5,-79,-9
2,-91,-1
0,-103,-17
-2,-114,-29
-19,-115,-28
-21,-113,-31
-19,-74,-23
-36,-41,-18
-44,-19,-6
-18,-15,-15
-10,-30,-14
-7,-50,2
-22,-81,9
-19,-98,7
18,-128,5
48,-128,10
127,-122,-2
127,-94,28
85,-70,-18
30,-109,-2
18,-117,-27
14,-65,3
3,-66,-14
-7,-56,-21
-5,-65,-22
-14,-63,-14
-17,-59,-16
-16,-61,-23
8,-66,-11
7,-67,-11
4,-66,-13
4,-71,-10
-5,-76,-1
-1,-86,4
2,-87,-2
2,-106,-30
-30,-128,-35
-26,-122,-26
-36,-98,-32
46,-38,-16
-57,-27,-14
-28,-12,-2
-18,-22,-14
-12,-44,1
-13,-59,-1
-8,-96,2
-8,-120,-14
57,-128,-15
127,-128,-7
127,-94,25
97,-80,-2
-63,-82,-4
34,-128,-14
13,-93,-18
6,-58,-9
1,-57,-18
-9,-63,-11
-1,-69,-11
10,-61,-8
1,-59,-15
4,-62,-13
5,-64,-10
4,-66,-11
3,-67,-13
0,-71,-5
-3,-85,-3
1,-87,-5
0,-101,-20
-4,-117,-24
-29,-114,-30
-26,-117,-29
-25,-81,-26
-24,-43,-27
-48,-27,-13
-25,-12,-6
-21,-25,-13
-15,-49,6
-23,-79,5
-17,-102,2
22,-128,-9
105,-128,6
127,-118,-11
127,-82,42
61,-75,-14
49,-120,17
30,-120,-22
22,-45,-10
14,-61,-12
-8,-64,-14
-3,-67,-7
4,-69,-12
-4,-58,-20
-5,-61,-17
4,-64,-9
6,-66,-9
4,-67,-10
3,-71,-7
-4,-75,-4
-2,-86,0
1,-88,-3
-1,-108,-24
-28,-124,-34
-25,-118,-27
-30,-100,-25
50,-42,-14
-58,-28,-17
-23,-10,-7
-18,-21,-17
-13,-44,0
-13,-57,-2
-12,-94,-2
-11,-118,-10
52,-128,-7
125,-128,1
127,-102,32
90,-82,-5
-43,-78,-10
44,-128,-17
31,-61,4
29,-56,-3
-5,-64,-10
-5,-64,-11
3,-67,-8
8,-67,-8
-3,-60,-14
1,-63,-11
5,-64,-10
-1,-65,-8
-2,-67,-7
-1,-70,-7
-1,-86,4
0,-88,4
0,-99,-18
-2,-115,-29
-23,-117,-27
-27,-102,-37
-22,-82,-29
-23,-47,-18
-43,-22,-14
-15,-11,-13
-9,-31,-6
-7,-44,1
-12,-72,3
-15,-89,6
-8,-128,-7
20,-128,4
66,-128,-2
127,-74,17
127,-75,28
-26,-81,-31
-53,-68,1
10,-95,-2
7,-82,-11
7,-60,-20
-5,-61,-21
-8,-63,-11
3,-68,-6
-2,-59,-16
-2,-62,-16
6,-65,-11
6,-65,-9
3,-65,-9
2,-68,-11
-3,-73,-4
0,-83,-5
3,-89,-4
-4,-113,-22
-12,-128,-25
-30,-123,-21
-38,-112,-41
51,-49,-20
-64,-28,-20
-26,-14,1
-19,-30,-14
-20,-36,-1
-17,-64,3
-19,-81,5
-12,-128,-5
67,-128,-4
127,-128,-9
127,-91,42
127,-80,14
-107,-85,-7
23,-112,-12
13,-97,-15
20,-74,-7
15,-67,-13
-2,-64,-10
-2,-67,-8
2,-66,-8
-6,-60,-18
-5,-61,-15
6,-64,-9
3,-65,-11
0,-69,-9
0,-74,-6
-3,-82,-1
-1,-91,-2
-4,-95,-12
-6,-123,-34
-26,-124,-30
-32,-116,-40
46,-57,-22
-13,-52,-29
-27,-14,-3
-21,-15,-12
-18,-38,-9
-11,-59,-1
-14,-72,-1
-16,-116,-9
3,-128,-17
76,-128,-9
127,-102,24
127,-78,35
19,-89,1
-123,-47,-18
33,-117,-26
27,-90,-30
25,-70,-6
-2,-63,-13
-9,-67,-10
1,-65,-9
1,-61,-14
-7,-58,-16
5,-63,-8
5,-64,-8
1,-67,-10
-1,-68,-10
3,-84,-3
2,-93,-5
2,-96,-18
-6,-123,-29
-29,-126,-31
-24,-115,-35
33,-57,-19
9,-41,-28
-32,-12,-3
-24,-14,-3
-23,-37,-2
-20,-49,10
-28,-77,10
-23,-121,8
-6,-128,-5
73,-128,-30
126,-128,-30
127,-82,14
121,-75,-11
-125,-63,17
22,-112,-25
13,-86,-32
28,-59,-4
19,-65,-12
-7,-64,-11
-3,-67,-10
5,-63,-9
-10,-57,-20
-5,-65,-14
1,-65,-12
3,-65,-10
2,-68,-12
1,-68,-15
-4,-72,-8
0,-90,-1
3,-93,-5
-9,-116,-22
-34,-119,-32
-26,-113,-27
-29,-94,-19
51,-40,-17
-67,-31,-20
-28,-15,-8
-25,-29,-16
-13,-50,-4
-16,-63,-8
-10,-104,-9
-8,-128,-17
62,-128,-22
127,-119,-14
127,-83,34
79,-78,18
-107,-83,15
40,-123,-21
35,-61,-6
21,-68,-2
-11,-62,-9
-10,-68,-13
5,-67,-14
6,-63,-13
-5,-63,-16
8,-65,-9
9,-68,-9
4,-71,-4
2,-73,-2
-1,-85,-4
-9,-96,-9
-6,-107,-19
-29,-128,-37
-33,-128,-33
-17,-96,-25
56,-38,-23
-41,-16,-10
-26,-16,-9
-27,-29,-2
-26,-54,11
-25,-72,12
-17,-121,10
45,-128,-24
88,-128,-41
127,-117,30
127,-70,12
-15,-99,25
57,-128,-15
10,-106,-27
33,-60,-4
11,-67,-13
-11,-67,-11
-1,-68,-11
11,-65,-10
-2,-61,-17
-2,-60,-16
6,-64,-9
7,-65,-8
1,-69,-6
-2,-78,-1
0,-86,-2
-5,-95,-5
-6,-101,-13
-26,-128,-34
-33,-125,-34
-49,-112,-50
17,-45,-26
-71,-54,-27
-18,-16,-4
-21,-27,-9
-16,-35,0
-18,-67,0
-18,-89,3
2,-128,-13
47,-128,-15
127,-128,-32
127,-104,18
123,-90,-12
-78,-65,14
44,-127,5
27,-85,-12
26,-53,-5
-3,-64,-11
-4,-68,-10
4,-70,-9
6,-65,-8
-1,-64,-12
4,-65,-11
5,-67,-5
3,-70,-5
1,-71,1
-6,-85,0
-7,-93,-6
-6,-99,-12
-28,-128,-28
-43,-128,-48
-47,-112,-37
-20,-52,-37
-62,-39,-27
-23,-14,-10
-23,-30,-11
-17,-43,-2
-20,-80,-6
-15,-107,-6
32,-128,-20
69,-128,-27
127,-127,1
127,-85,0
46,-87,17
22,-98,19
38,-119,-33
39,-64,2
0,-65,-10
-8,-65,-12
2,-66,-13
7,-66,-13
-3,-61,-19
-6,-59,-19
5,-63,-7
8,-67,-9
2,-69,-6
-1,-78,-5
5,-85,-5
0,-91,-13
-7,-121,-25
-21,-128,-25
-27,-117,-29
-34,-112,-46
48,-39,-22
-35,-15,-7
-22,-9,1
-21,-25,-7
-22,-34,1
-22,-66,3
-19,-86,7
13,-128,15
90,-128,20
127,-117,10
127,-82,39
119,-87,2
44,-96,5
-3,-107,18
20,-19,-28
-4,-72,-11
-7,-66,-9
-6,-65,-12
5,-66,-11
-4,-60,-10
1,-60,-15
4,-63,-10
7,-66,-7
7,-65,-7
8,-66,-7
3,-78,-3
2,-80,-7
-10,-113,-38
-15,-128,-26
36,-66,-27
24,-47,-54
-87,-11,-50
-68,-21,-39
-39,-37,-34
-20,-85,-27
27,-124,-29
26,-128,41
-66,-123,127
-97,-89,127
-32,-99,-52
38,-43,-50
-1,-59,-20
6,-67,-9
14,-67,-14
-1,-61,-15
-5,-62,-14
-7,-62,-17
-3,-61,-14
6,-61,-7
2,-64,-8
2,-64,-11
-5,-68,-13
-1,-68,-11
7,-65,-4
2,-67,-7
1,-69,-11
15,-65,-6
28,-55,-26
34,-58,-45
20,-56,-30
-3,-61,-39
0,-65,-14
2,-63,-3
-7,-66,10
-21,-63,16
-56,-51,17
-37,-64,21
-3,-128,-23
15,-60,-8
24,-52,-11
0,-70,-12
-3,-66,-21
6,-67,-5
0,-64,-12
-1,-63,-13
4,-62,-6
3,-63,-7
2,-62,-8
1,-65,-6
3,-65,-6
3,-64,-8
2,-66,-8
3,-64,-4
3,-65,-4
3,-64,-2
3,-64,1
3,-64,1
4,-66,-2
3,-66,-5
7,-66,-13
24,-63,-29
30,-61,-32
19,-62,-25
-7,-64,-14
-22,-58,6
-2,-60,22
6,-64,25
0,-61,24
-9,-59,24
-14,-64,22
28,-85,12
3,-77,14
-2,-66,-5
7,-61,-7
12,-57,-7
13,-59,-6
4,-63,-6
4,-66,1
7,-65,0
6,-64,-5
5,-63,-5
5,-63,-5
7,-62,-6
6,-62,-4
5,-62,-4
5,-62,-5
2,-65,-4
1,-64,-5
2,-64,-4
3,-63,-5
4,-63,-5
2,-63,-5
1,-63,-5
-3,-65,-6
-3,-64,-4
-2,-64,-6
0,-62,-6
-1,-63,-6
-2,-63,-5
-1,-64,-4
-3,-63,-8
-2,-63,-7
-1,-63,-6
-1,-63,-5
-1,-63,-6
-1,-63,-9
-2,-62,-8
0,-63,-6
-1,-61,-6
3,-65,-5
3,-64,-6
2,-64,-7
1,-62,-7
1,-61,-7
-1,-60,-9
1,-65,-8
1,-65,-9
-4,-64,-10
7,-60,-9
9,-62,-7
8,-64,-7
7,-65,-9
6,-64,-9
5,-64,-9
6,-64,-12
4,-62,-12
5,-63,-12
5,-63,-12
6,-64,-11
11,-63,-10
8,-65,-11
4,-66,-11
12,-65,-8
17,-67,-8
14,-71,-5
12,-81,-3
7,-83,-4
1,-84,-6
-3,-87,-5
-6,-81,-16
1,-84,-18
-6,-95,-37
-16,-73,-29
37,-75,-16
-43,-55,-20
-14,-38,-14
-11,-44,-4
-6,-41,4
-17,-53,-5
6,-78,-19
8,-95,-27
17,-113,-29
29,-126,-21
63,-128,1
72,-116,33
127,-85,28
121,-84,19
52,-93,-2
0,-102,0
9,-94,10
8,-96,-9
1,-56,-30
1,-59,-33
-12,-64,-11
-16,-57,-22
0,-60,-17
1,-62,-12
3,-61,-11
0,-62,-15
-1,-66,-12
4,-72,-9
9,-82,-11
4,-87,-11
0,-91,-4
-2,-100,-14
-36,-128,-31
-45,-121,-17
-62,-101,-40
53,-65,-12
5,-59,-38
4,-22,-11
-12,-14,-11
-26,-43,3
-8,-58,-11
-1,-69,-23
13,-86,-31
39,-128,-17
76,-128,-10
75,-128,12
127,-114,13
127,-83,32
107,-95,7
-3,-78,6
30,-118,6
19,-97,12
26,-65,-16
12,-69,-13
-12,-63,-12
8,-62,-7
4,-61,-11
-4,-60,-13
1,-63,-12
-13,-64,-25
-3,-69,-18
3,-80,-8
-1,-89,-3
-7,-103,1
-26,-110,-11
-41,-120,-18
-53,-128,-35
-81,-114,-43
47,-56,-24
-46,-63,-38
-11,-29,-12
-42,-23,-13
-37,-45,1
-10,-61,-2
3,-102,-15
7,-123,-22
47,-128,-37
99,-128,-30
127,-117,28
127,-99,29
40,-96,12
32,-123,28
70,-128,3
37,-49,5
30,-63,-22
0,-69,-14
4,-66,-14
7,-62,-14
5,-60,-16
5,-59,-10
2,-66,-6
1,-65,-6
2,-76,-4
1,-84,-9
-1,-95,-14
-18,-110,-8
-29,-110,-14
-56,-128,-42
-88,-104,-31
42,-62,4
-69,-87,-64
-40,-24,9
-24,-34,-15
-23,-48,-2
-6,-66,-7
6,-87,-6
3,-101,-9
33,-128,9
46,-128,13
127,-115,-11
127,-90,20
118,-92,-2
-20,-106,7
40,-128,1
43,-74,-7
31,-74,-12
9,-70,-13
-4,-66,-6
1,-64,-5
2,-62,-17
-7,-57,-16
4,-64,-5
-4,-69,-16
2,-73,-14
-2,-87,-2
-6,-98,6
-18,-111,-5
-29,-128,-28
-41,-128,-38
-75,-121,-54
-69,-104,-35
40,-60,-41
-14,-47,-37
-20,-13,-7
-36,-30,-7
-33,-44,10
-20,-67,-5
-15,-92,-16
16,-128,-31
93,-128,-5
121,-128,-18
127,-100,50
-86,-104,-46
-118,-96,-26
81,-128,-4
55,-59,-20
25,-78,-11
6,-68,-6
-2,-66,-7
-2,-68,-11
0,-59,-20
-3,-55,-16
5,-58,-12
-2,-70,-4
-3,-74,-4
3,-86,-1
-2,-101,-15
-15,-110,-9
-36,-128,-30
-48,-128,-36
-92,-122,-49
-36,-85,-25
-59,-73,-38
-18,-20,-6
-9,-22,-10
-24,-41,4
-6,-53,-4
14,-83,-26
28,-112,-36
56,-128,-21
85,-128,-13
119,-128,-18
127,-95,51
127,-94,48
-112,-67,-29
36,-124,-15
37,-85,10
22,-71,-12
5,-66,-11
-7,-67,-16
-1,-65,-20
-3,-62,-17
-4,-52,-17
3,-53,-18
9,-65,-4
7,-75,2
-3,-81,-4
3,-99,-13
-7,-103,-5
-15,-124,-22
-37,-128,-36
-51,-121,-38
28,-81,-18
74,-96,-29
-34,-22,-8
-10,-15,-2
-28,-26,-7
-10,-45,-2
-7,-59,-12
9,-92,-21
11,-115,-36
81,-128,-11
88,-128,3
127,-118,1
127,-94,43
-36,-110,-12
78,-128,8
17,-128,-9
35,-59,-5
15,-67,-13
5,-69,-14
-13,-63,-14
-7,-64,-14
-5,-56,-17
-5,-53,-9
-1,-65,-14
-4,-69,-11
-8,-71,-7
3,-91,-4
-11,-104,4
-18,-114,-7
-34,-128,-42
-37,-128,-35
-83,-108,-54
-15,-70,-34
-39,-57,-37
-55,-40,-17
-9,-15,-16
-22,-33,-2
-11,-40,-4
-10,-73,-4
10,-86,6
5,-128,-20
57,-128,8
103,-128,3
127,-95,50
127,-95,12
-127,-71,-36
30,-116,-1
51,-79,-13
23,-73,-12
2,-70,-11
-3,-65,-6
-6,-65,-6
-11,-59,-19
-8,-54,-18
-2,-61,-7
2,-69,-6
-1,-71,-8
1,-83,-10
-8,-103,7
-16,-105,2
-16,-123,-36
-42,-128,-58
-67,-128,-48
-71,-105,-27
-40,-91,-36
-18,-16,-12
-17,-13,-14
-21,-27,0
-12,-44,-8
9,-67,-20
18,-100,-21
27,-128,-25
65,-128,-31
100,-128,-28
127,-104,56
127,-99,51
-128,-83,-35
71,-128,30
20,-114,-7
26,-53,-32
29,-60,-19
-2,-67,-17
0,-65,-6
0,-63,-20
-5,-57,-24
3,-56,-23
3,-62,-13
-1,-68,-10
1,-77,-3
0,-94,-1
-4,-100,-13
-17,-111,-16
-24,-121,-19
-53,-128,-32
-65,-125,-47
59,-80,-26
-67,-63,-45
-30,-12,-10
-19,-11,-21
-15,-33,-6
-7,-44,-11
4,-82,2
2,-94,-30
56,-128,-11
122,-128,-14
127,-125,-8
127,-98,49
51,-109,8
57,-117,-1
26,-128,-27
44,-68,5
16,-68,-9
2,-68,-13
-6,-61,-12
-4,-59,-13
-9,-57,-13
-9,-58,-20
-1,-65,-15
-4,-72,-6
-1,-76,-12
-7,-95,3
-7,-100,-6
-10,-117,-27
-46,-128,-29
-64,-128,-31
-74,-106,-22
20,-72,-50
-59,-67,-30
-11,-11,-6
-14,-11,-21
-20,-40,2
-14,-50,-1
4,-93,2
5,-117,-7
50,-128,2
118,-128,-19
127,-108,21
127,-95,5
-20,-98,-27
65,-128,8
40,-74,-22
47,-55,-4
16,-68,-10
-4,-71,-14
-7,-64,-20
2,-63,-21
-5,-57,-10
-3,-63,-10
6,-62,-15
2,-72,-13
3,-79,-5
-6,-85,2
-10,-101,-8
-17,-110,-13
-35,-128,-19
-53,-128,-30
-87,-121,-45
17,-83,-11
-75,-84,-52
2,-11,-17
-8,-19,-35
-11,-33,-4
-7,-45,-5
-15,-86,-10
4,-120,-43
44,-128,-18
88,-128,4
126,-128,-13
127,-102,55
-58,-90,-32
-128,-64,-51
28,-127,1
35,-85,7
23,-70,-18
8,-67,-16
-8,-67,-13
-1,-62,-9
-5,-60,-15
-7,-58,-26
1,-59,-15
-3,-66,-2
-1,-76,-8
-8,-80,-12
-16,-102,-11
-15,-104,-2
-35,-122,-17
-53,-128,-20
-71,-126,-43
72,-86,-21
6,-58,-53
-11,-14,-11
0,-20,-17
-16,-24,-5
-6,-42,-12
-13,-60,-18
1,-105,-24
11,-128,-25
83,-128,0
126,-128,-17
127,-104,48
-42,-100,-26
-128,-57,-39
19,-128,1
57,-58,-17
33,-77,-16
-3,-68,-5
-4,-71,-11
5,-66,-18
1,-62,-20
-11,-55,-14
0,-56,-17
-1,-63,-14
-5,-75,-3
-1,-80,-3
-4,-103,-5
-23,-119,-17
-26,-128,-24
-54,-128,-23
-68,-114,-34
27,-72,-38
53,-77,-37
-24,-20,-20
-7,-15,-9
-14,-35,0
-4,-48,-15
1,-74,-36
13,-89,-42
28,-108,-38
70,-128,-8
111,-122,-3
127,-105,18
127,-96,46
-128,-94,-56
77,-128,13
39,-62,-2
41,-62,-8
9,-67,-10
-2,-67,-13
-3,-68,-18
-3,-64,-20
-7,-56,-15
15,-59,-28
4,-63,-14
-7,-75,-1
-6,-82,2
-10,-97,-9
-25,-106,-14
-39,-110,-12
-35,-124,-26
-52,-127,-45
10,-97,-23
-72,-102,-88
-48,-29,-12
-24,-21,-18
-27,-32,-4
-13,-58,-5
-6,-75,-15
14,-104,-18
40,-128,-14
56,-128,-18
97,-112,3
127,-112,34
127,-88,35
-128,-57,-72
0,-109,-26
27,-116,-1
28,-72,23
33,-78,-5
11,-74,-13
-12,-64,-17
-10,-62,-15
-10,-58,-24
-5,-57,-15
4,-62,-10
-6,-70,-8
-3,-76,-4
-2,-90,-3
-11,-105,-5
-19,-110,-13
-43,-128,-30
-43,-128,-31
-77,-109,-58
43,-64,-32
-86,-71,-38
-6,-14,-9
-12,-22,-24
-8,-34,-6
-2,-62,-18
-6,-83,-13
9,-127,-29
39,-128,-27
94,-128,-29
127,-109,32
127,-102,46
-128,-88,-17
-66,-88,2
23,-106,-34
39,-72,3
21,-70,-16
-10,-69,-12
-7,-67,-14
0,-60,-19
-13,-56,-23
-10,-53,-13
2,-64,-9
-2,-73,-11
-3,-79,-10
-4,-86,-9
-10,-103,-11
-16,-108,-17
-45,-128,-10
-56,-127,-36
-66,-117,-43
57,-54,-31
-84,-90,-53
-14,-18,-2
-26,-32,-12
-18,-38,-7
-12,-64,-10
-9,-85,-8
4,-128,-11
36,-128,-5
91,-128,-15
127,-105,52
127,-94,30
-128,-77,-43
1,-124,2
22,-74,5
40,-68,-13
16,-72,-15
-3,-72,-8
-4,-69,-13
1,-62,-18
1,-57,-20
-5,-54,-12
-4,-59,-9
-1,-69,0
-4,-80,-4
-2,-84,-7
-8,-101,-8
-18,-119,-16
-34,-126,-23
-41,-128,-34
-58,-113,-39
63,-69,-20
-80,-85,-44
-37,-16,-10
-14,-20,-20
-17,-32,-8
-10,-47,-12
-16,-68,-15
-9,-119,-15
39,-128,-15
68,-128,-10
127,-101,1
127,-92,39
-22,-115,-17
61,-128,9
7,-128,-5
38,-57,-12
37,-78,-20
-3,-68,-4
-7,-70,-14
3,-66,-18
0,-63,-8
-6,-61,-10
3,-59,-16
0,-62,-14
-2,-79,1
-4,-85,1
-2,-94,-4
-15,-109,-18
-14,-123,-30
-36,-128,-30
-69,-114,-44
22,-80,-28
-70,-75,-33
-29,-27,-15
-13,-18,-17
-11,-28,-4
-7,-38,-8
-14,-67,-14
-9,-93,-16
42,-128,-17
79,-128,-18
127,-114,-30
127,-101,42
102,-98,7
31,-123,27
17,-128,-1
58,-62,-24
23,-75,-14
-5,-64,-9
-7,-69,-7
-1,-64,-13
-4,-58,-13
-4,-59,-10
3,-64,-12
0,-70,-12
0,-73,-8
-6,-84,-1
-6,-101,-2
-12,-106,-12
-12,-123,-25
-46,-128,-41
-68,-106,-55
2,-82,-30
-62,-58,-33
-40,-23,-16
-17,-9,-21
-14,-35,-7
-12,-46,-10
-6,-79,-14
-4,-97,-16
23,-128,-29
74,-128,-22
108,-128,-1
127,-99,42
127,-85,45
-128,-84,-30
23,-128,23
25,-80,-6
35,-78,-19
20,-70,-12
-4,-66,-14
-3,-66,-12
3,-62,-15
-5,-58,-14
0,-60,-12
1,-62,-15
-1,-66,-13
-3,-77,-5
0,-89,-6
-7,-101,-6
-14,-118,-27
-19,-124,-31
-28,-124,-28
-59,-111,-53
63,-62,-35
-59,-29,-14
-19,-18,4
-22,-31,-11
-16,-39,-1
-9,-69,-8
-9,-86,-8
1,-123,-31
59,-128,-19
85,-128,-17
127,-102,10
127,-92,35
-20,-92,11
61,-128,1
-7,-98,-16
40,-61,-9
27,-79,-9
-10,-63,-10
-5,-67,-11
2,-64,-16
-4,-59,-15
-5,-59,-12
1,-64,-14
2,-67,-13
-2,-73,-4
-6,-85,4
-6,-92,0
-9,-101,-19
-3,-112,-33
-41,-128,-40
-64,-110,-46
-20,-86,-30
-68,-73,-37
-55,-26,-14
-16,-15,-21
-19,-33,-17
-7,-53,-1
-7,-80,-3
0,-100,-2
19,-128,-17
73,-128,-12
127,-128,-9
127,-90,25
127,-84,14
-128,-69,-20
42,-128,-5
31,-66,18
36,-47,-9
6,-69,-16
-7,-66,-16
-7,-65,-12
6,-63,-10
0,-61,-13
-9,-61,-16
-5,-60,-13
-8,-67,-15
-2,-69,-10
-4,-74,-5
3,-93,-6
-3,-105,-17
-12,-123,-20
-31,-128,-32
-41,-107,-48
-10,-94,-19
61,-49,-37
-45,-20,-10
-27,-12,-15
-25,-25,-17
-12,-45,-3
-9,-58,-8
-5,-90,-4
20,-128,-8
45,-128,-10
90,-128,2
127,-112,-5
127,-82,27
110,-81,15
-128,-32,-44
-1,-120,-11
30,-95,-5
20,-70,-25
5,-63,-15
-3,-68,-11
5,-68,-11
6,-62,-8
2,-59,-8
8,-61,-8
3,-60,-7
-1,-63,-10
-2,-64,-10
1,-80,-1
-1,-82,-6
6,-89,-22
5,-88,-24
6,-97,-9
0,-104,-13
-6,-100,-32
28,-72,-25
8,-45,-31
-26,-13,12
-6,-19,-4
4,-26,0
11,-40,-2
12,-57,4
34,-80,11
44,-95,7
66,-112,2
57,-100,23
38,-97,41
22,-74,66
21,-74,55
-28,-75,-27
66,-100,-1
8,-89,2
-11,-61,2
-21,-65,-15
16,-69,-25
-10,-62,-18
-9,-61,-18
-1,-61,-18
-5,-59,-17
-7,-61,-17
-3,-63,-17
-2,-62,-16
-4,-63,-12
-3,-64,-13
0,-61,-17
-1,-62,-17
-1,-63,-16
0,-64,-14
3,-64,-13
2,-64,-7
1,-65,-9
3,-66,-5
5,-66,-14
14,-61,-13
20,-52,-27
10,-51,-39
20,-56,-37
-7,-64,-20
-6,-64,12
28,-67,2
18,-67,-25
3,-61,-24
-15,-55,-23
-9,-55,-14
-19,-51,-13
-24,-54,-14
-56,-55,28
-4,-74,8
7,-61,-5
6,-73,-24
-3,-61,-18
-6,-70,-3
0,-70,-15
1,-64,-16
0,-65,-11
-1,-65,-11
1,-64,-11
-3,-62,-10
-11,-60,-13
-2,-63,-11
4,-63,-9
5,-63,-6
6,-64,-5
0,-69,-16
1,-66,-14
0,-61,-2
0,-62,-2
2,-60,-6
3,-62,-6
-3,-67,-10
8,-64,-2
11,-60,-4
11,-62,0
11,-60,-1
8,-60,-1
2,-62,-3
2,-64,-4
3,-65,-3
4,-64,-2
7,-63,-1
10,-63,-1
10,-64,0
7,-64,-1
7,-63,-1
7,-62,0
5,-62,-1
7,-62,1
5,-64,-1
6,-64,-1
7,-63,1
8,-63,1
9,-63,1
7,-63,0
6,-64,0
6,-63,0
6,-63,0
7,-63,1
7,-63,1
7,-63,1
6,-63,1
7,-63,1
7,-63,1
7,-63,1
5,-63,1
6,-64,0
5,-63,0
6,-63,1
6,-63,0
6,-63,1
5,-63,1
6,-63,0
5,-63,1
5,-64,1
1,-64,0
3,-64,-1
3,-65,1
-6,-69,-5
-4,-71,-5
7,-77,-7
-1,-90,-10
3,-84,-22
11,-68,-23
-17,-63,-16
-36,-44,-14
-39,-42,-13
-39,-50,-11
-40,-58,-8
-34,-69,-9
-21,-82,-7
-18,-85,-5
-7,-83,-1
1,-82,2
4,-75,9
25,-73,8
34,-68,6
59,-74,5
76,-86,-2
-8,-92,-35
-128,-38,-58
31,-56,20
-13,-87,-27
19,-65,-14
8,-71,-7
14,-70,-3
16,-69,-7
5,-67,-12
-2,-69,-14
-5,-64,-26
9,-64,1
0,-71,1
6,-71,-9
5,-71,-12
-5,-93,-21
-8,-109,-21
-43,-128,-23
-43,-128,-33
-64,-128,-37
19,-115,-62
-67,-82,-71
-45,-35,-17
-73,-53,-27
-30,-60,-10
-15,-109,-11
8,-123,-24
47,-128,-15
102,-128,-7
127,-107,-9
127,-97,20
127,-128,11
40,-128,3
88,-128,-25
71,-65,-15
29,-86,-4
-13,-73,-12
3,-74,-18
8,-70,-7
-16,-75,-5
-5,-63,-17
11,-74,-25
-6,-83,-22
-47,-119,-8
-60,-128,-21
-50,-128,-24
-105,-128,-52
96,-68,-52
-78,-35,-15
-58,-34,-21
-45,-45,-8
-32,-72,-7
-24,-98,-2
-13,-128,-11
107,-128,-13
127,-128,-23
127,-101,41
127,-124,11
-52,-128,-10
127,-128,11
85,-59,5
-3,-79,-21
-19,-71,-17
2,-71,-29
-1,-71,-14
-11,-78,-3
-4,-71,-6
-18,-75,-17
-39,-103,-7
-55,-113,-2
-54,-128,-36
-75,-128,-68
51,-128,-49
-98,-81,-41
-37,-26,-16
-41,-33,-19
-30,-52,-4
-25,-79,-1
-18,-128,-21
36,-128,-15
127,-128,-27
127,-128,-14
127,-128,17
-128,-128,-7
42,-128,9
52,-78,-35
13,-79,-23
-13,-65,-8
-15,-65,-9
-2,-67,-19
-12,-63,-16
16,-79,-8
-13,-82,0
-21,-89,-5
-37,-126,-14
-55,-128,-25
-56,-128,-51
-34,-128,-41
14,-71,-71
-35,-23,-13
-52,-30,-31
-34,-38,-4
-28,-74,0
-24,-97,4
-2,-128,-14
57,-128,-14
127,-128,-32
127,-115,41
127,-128,17
127,-128,48
20,-116,1
48,-86,-8
20,-82,-19
-13,-70,-14
-4,-71,-25
1,-72,-19
-6,-76,-6
-1,-75,-4
-17,-83,-9
-41,-106,-6
-54,-119,-19
-69,-128,-46
-89,-128,-69
68,-72,-69
-128,-119,-58
-46,-28,-26
-27,-34,-12
-27,-38,-11
-14,-82,-2
-12,-106,-2
47,-128,-17
127,-128,-14
127,-126,34
127,-125,16
-128,-102,-10
45,-128,3
81,-23,-14
10,-85,-17
-16,-72,-17
-8,-69,-16
-1,-68,-15
-7,-63,-18
2,-64,-7
-10,-81,-9
-20,-89,-4
-44,-112,-18
-51,-128,-24
-83,-128,-63
-128,-128,-57
-16,-50,-58
-33,-10,0
-33,-36,-27
104,-70,21
-75,-36,-6
9,-66,21
-14,-128,-15
-6,-128,-2
125,-128,-22
127,-116,-5
127,-104,-2
87,-128,23
47,-127,-4
61,-87,8
12,-84,-10
-17,-73,-19
-13,-76,-35
-5,-71,-15
-12,-61,-7
0,-62,-10
2,-70,-7
-13,-68,2
-24,-103,-5
-37,-128,-21
-56,-128,-32
-105,-128,-49
-60,-93,-82
-69,-95,-35
-16,-16,13
-44,-31,-28
-12,-54,-7
-24,-75,-16
-23,-113,-24
-3,-128,-29
99,-128,-16
127,-110,41
127,-107,46
-128,-85,-42
93,-128,23
75,-18,-3
82,-75,3
4,-68,-15
-6,-70,-17
2,-73,-22
-8,-65,-22
-13,-58,-22
10,-65,-13
0,-77,-7
-15,-85,14
-37,-121,-1
-42,-127,-20
-59,-128,-54
-32,-128,-15
108,-80,-37
-69,-31,-4
-21,-14,-2
-40,-24,-14
-22,-28,-4
-25,-61,2
-21,-116,4
-15,-128,-14
72,-128,-27
127,-128,-43
127,-117,25
-128,-78,-36
40,-128,21
60,-56,-3
69,-61,-16
4,-75,-18
2,-70,-10
-8,-68,-22
-5,-67,-13
-11,-62,-20
-1,-55,-23
9,-64,-15
-7,-82,13
-21,-104,-5
-35,-125,-12
-62,-128,-30
-53,-128,-36
-71,-128,-38
-110,-121,-61
-62,-39,-26
-35,-27,-20
-25,-28,-11
-26,-54,-15
-21,-70,-7
-17,-123,1
47,-128,-16
78,-128,-28
127,-127,32
127,-103,12
-128,-113,-12
113,-128,-13
42,-89,-8
38,-72,-16
12,-75,-15
-9,-72,-10
-8,-68,-11
-4,-68,-13
-9,-57,-20
-2,-62,-17
7,-77,3
-17,-84,4
-16,-96,-2
-37,-128,-21
-58,-128,-33
-72,-128,-57
-115,-127,-49
8,-64,-50
-93,-92,-46
-26,-17,-14
-37,-33,-10
-27,-48,6
-22,-99,43
4,-111,-16
26,-128,-10
127,-128,-53
127,-114,19
127,-113,16
-112,-106,-9
96,-128,-9
52,-33,-23
29,-91,4
-3,-71,-10
-7,-71,-19
0,-70,-26
-1,-66,-13
-11,-72,-12
-4,-65,-5
-4,-71,0
-17,-86,7
-25,-97,-2
-38,-116,-25
-64,-128,-57
-76,-128,-54
105,-78,-34
-85,-108,-56
-19,-14,-7
-28,-9,-24
-24,-17,-2
-19,-50,-6
-24,-71,-6
-20,-128,-16
15,-128,-29
127,-128,-50
127,-110,51
127,-126,12
55,-128,34
57,-128,6
63,-64,-16
16,-76,-23
-10,-75,-9
-4,-70,-23
-6,-63,-23
-11,-58,-23
0,-59,-21
12,-74,-1
-16,-82,1
-19,-90,1
-35,-117,-10
-48,-118,-20
-55,-128,-54
-81,-123,-25
114,-80,-29
-74,-37,-25
-20,-11,-3
-39,-24,-13
-34,-31,2
-28,-63,0
-23,-123,-3
5,-128,-14
97,-128,-50
127,-128,-32
127,-100,4
-128,-90,-16
113,-128,7
77,-62,-14
35,-66,-9
-3,-71,-12
-4,-69,-17
-1,-68,-22
-4,-64,-16
-11,-63,-17
0,-67,-7
2,-72,0
-11,-82,3
-26,-112,-8
-35,-118,-14
-56,-128,-44
-63,-128,-47
5,-113,-28
97,-90,-27
-44,-31,-17
-33,-14,-18
-44,-22,-8
-27,-47,-1
-20,-67,-5
-21,-128,-17
65,-128,-12
111,-128,-38
127,-103,55
-10,-119,-13
-128,-95,-17
118,-128,2
88,-43,-23
17,-85,-10
-1,-71,-11
-7,-68,-11
-1,-68,-15
-9,-64,-12
-9,-63,-7
1,-66,-16
6,-73,-6
-4,-74,1
-17,-100,-4
-33,-127,-16
-57,-128,-23
-66,-128,-49
-98,-128,-64
-11,-77,-60
-33,-9,-15
-31,-18,-24
-28,-30,-6
-23,-43,-5
-23,-74,-2
-19,-102,-4
29,-128,-8
127,-128,-33
127,-113,-11
127,-117,8
-99,-104,-37
93,-128,12
63,-40,-2
16,-80,-12
-3,-72,-13
-8,-69,-15
1,-67,-19
4,-67,-12
-15,-62,-13
12,-63,-18
8,-70,-12
-15,-77,6
-20,-92,10
-33,-120,-17
-43,-128,-46
-67,-128,-62
42,-110,-12
15,-53,-45
-40,-10,-10
-31,-16,-16
-34,-34,-11
-22,-63,-3
-27,-91,7
-9,-128,-33
44,-128,-23
127,-128,-29
127,-102,40
127,-118,20
-39,-124,17
87,-128,4
66,-54,-19
32,-79,-8
-1,-68,-4
-6,-67,-10
-1,-70,-21
-9,-61,-16
-12,-59,-15
4,-73,-5
-7,-77,-1
-13,-82,1
-24,-109,-8
-33,-119,-17
-60,-128,-47
-58,-128,-45
28,-110,-29
-98,-97,-46
-16,-10,-6
-29,-29,-23
-19,-46,2
-22,-56,-6
-16,-101,-15
-9,-128,-28
75,-128,-26
127,-128,-46
127,-101,37
127,-120,13
-85,-128,12
6,-36,-29
99,-51,-24
12,-88,-6
-15,-61,-9
-8,-68,-21
2,-62,-13
-6,-64,-7
-1,-66,-16
11,-66,-20
-2,-75,-11
-19,-96,1
-25,-119,-7
-44,-128,-34
-66,-128,-63
-101,-128,-65
63,-97,-23
-106,-61,-45
-33,-19,-24
-37,-32,-19
-23,-58,5
-23,-80,1
-14,-128,-5
59,-128,-36
95,-128,-42
127,-101,31
127,-101,9
-128,-86,-10
-6,-128,32
50,-74,-20
32,-73,-18
9,-69,-9
-10,-67,-20
-8,-65,-20
-2,-62,-16
-4,-57,-19
-3,-60,-18
7,-76,-17
-7,-79,-4
-19,-100,-4
-24,-116,-18
-52,-128,-39
-63,-128,-49
-88,-128,-44
-30,-60,-52
-119,-67,-41
-33,-22,-18
-25,-36,-4
-27,-51,1
-21,-91,0
-22,-123,-2
42,-128,-3
127,-128,-23
127,-108,40
127,-104,-14
-128,-116,-42
25,-128,12
59,-38,-14
14,-86,-14
-6,-67,-15
-13,-65,-16
-5,-65,-20
-11,-55,-22
-1,-58,-17
2,-75,-6
-3,-80,4
-14,-92,4
-20,-106,-14
-30,-128,-30
-49,-128,-53
-74,-128,-58
76,-62,-28
-86,-79,-59
-22,-19,-5
-21,-21,-27
-21,-39,-8
-28,-76,-10
-4,-99,25
14,-128,-47
67,-128,-5
127,-128,-36
127,-88,23
123,-112,14
38,-128,27
47,-128,-10
60,-59,-6
25,-92,-1
-7,-69,-12
-5,-67,-19
3,-66,-22
-7,-62,-16
-1,-66,-12
7,-67,-10
-6,-72,-2
-14,-77,4
-18,-107,-9
-28,-120,-13
-53,-128,-47
-48,-128,-51
-43,-118,-19
-102,-85,-57
-67,-25,-17
-31,-18,-22
-35,-34,-12
-23,-57,0
-10,-94,12
-19,-121,-13
62,-128,-9
91,-128,-31
127,-100,41
127,-100,17
-128,-104,-15
30,-128,-15
46,-63,-5
16,-86,-8
0,-70,-7
-13,-66,-8
-4,-64,-19
-10,-62,-23
-3,-61,-15
5,-69,-9
-5,-74,1
-15,-75,3
-11,-101,-5
-22,-124,-26
-40,-128,-41
-58,-128,-47
-98,-117,-60
53,-68,-18
-54,-23,-18
-3,-18,-7
-29,-35,-12
-21,-42,-2
-12,-80,-9
-12,-128,-15
36,-128,-20
127,-128,-39
127,-127,2
127,-112,6
-30,-106,3
82,-128,9
75,-59,-15
39,-60,-7
-4,-68,-7
-8,-68,-17
3,-67,-22
-2,-64,-12
-7,-62,-18
1,-69,-9
3,-69,-5
-12,-76,1
-10,-88,-2
-19,-110,-9
-42,-128,-35
-45,-128,-44
-79,-119,-54
48,-77,-15
-97,-59,-37
-24,-12,-11
-22,-20,-24
-14,-40,-3
-21,-58,-8
-17,-111,-5
-5,-128,-5
71,-128,-18
127,-119,19
127,-94,35
-7,-85,-3
69,-128,0
19,-94,-37
24,-62,-5
-1,-73,3
-1,-67,-16
2,-68,-9
10,-65,-12
5,-64,-14
0,-65,-4
1,-67,-4
4,-67,-8
-8,-87,1
-9,-94,4
-12,-122,-14
-31,-128,-29
-43,-128,-50
33,-23,-14
-32,-32,-38
-13,-4,18
-27,-18,-13
-22,-31,-12
19,-80,-9
25,-128,-37
58,-128,-74
71,-111,-108
86,-58,-114
127,-70,-1
16,-19,-106
-1,-87,-41
-24,-84,-5
-6,-92,29
7,-64,-10
-10,-62,-15
-38,-54,-18
-4,-65,-8
5,-65,-3
0,-65,5
-4,-68,-2
1,-65,-7
2,-63,-8
-1,-64,-7
-2,-64,-5
-1,-64,-3
-1,-63,-4
-1,-64,-3
-4,-70,-6
-3,-72,-8
-15,-76,8
-3,-83,5
-10,-81,-2
4,-66,7
2,-64,12
-33,-37,-54
3,-39,-48
24,-47,-27
13,-49,-18
7,-48,-18
-2,-59,-6
10,-66,-6
46,-76,-14
127,-128,34
-54,-29,32
5,-68,-6
7,-69,-9
6,-59,-5
0,-62,1
-12,-61,-10
-19,-63,-17
-9,-67,-11
1,-63,-6
0,-62,-6
-1,-63,-6
-5,-63,-9
-6,-63,-9
-5,-63,-10
-3,-64,-9
-1,-63,-7
-1,-63,-8
-2,-63,-8
-3,-63,-9
-3,-63,-9
-2,-63,-8
-1,-63,-9
-1,-63,-8
-1,-63,-8
-2,-63,-8
-3,-63,-8
-2,-64,-9
-2,-63,-8
-1,-64,-7
-1,-64,-8
-1,-63,-8
-1,-63,-8
0,-63,-7
1,-63,-7
1,-63,-6
1,-63,-7
0,-63,-7
0,-63,-6
0,-64,-6
0,-63,-6
0,-63,-6
0,-63,-6
0,-63,-6
0,-63,-5
0,-63,-5
1,-63,-5
0,-63,-6
0,-63,-5
0,-63,-5
0,-63,-5
0,-63,-6
1,-63,-6
0,-63,-6
0,-65,-6
-1,-64,-5
-1,-63,-6
0,-63,-5
0,-63,-5
0,-63,-6
2,-62,-2
-6,-63,-10
-1,-68,-9
2,-65,-5
0,-63,-5
0,-64,-5
-1,-63,-4
-2,-63,-6
-4,-65,-6
-4,-67,-6
-7,-72,-6
-1,-75,-7
-8,-92,-21
-6,-88,-29
14,-79,-15
-13,-72,-6
-20,-51,-5
-14,-41,-3
-12,-41,-4
-16,-46,-5
-16,-49,-4
-14,-59,-4
-9,-69,-2
-5,-72,-2
-1,-74,-7
2,-74,-10
7,-71,-15
6,-69,-16
12,-62,-14
22,-58,-6
33,-54,0
127,-68,4
103,-90,-10
20,-82,22
11,-67,-7
19,-81,-12
27,-57,3
27,-58,4
43,-48,1
44,-58,1
42,-69,2
39,-128,3
10,-128,-17
-42,-128,-6
-39,-111,-49
15,-103,-38
-68,-128,-39
-81,-128,-73
-96,-128,-30
-86,-106,-44
2,14,-12
28,-36,-19
16,-65,-14
38,-77,-11
63,-79,4
127,-119,56
127,-128,113
127,-99,124
16,-128,-56
36,104,64
46,-100,44
54,-73,-15
37,-128,10
-7,-128,-13
-43,-128,-48
-110,-127,-55
-64,-128,-61
2,-128,-5
-48,-128,-25
-53,-128,-56
-74,-88,-26
-79,-39,-22
22,-14,1
29,-47,-26
27,-63,8
49,-64,36
93,-101,42
127,-128,33
127,-50,4
127,-52,8
115,-128,3
-14,127,-9
61,-86,9
57,-87,-12
31,-128,14
24,-128,31
-69,-128,-34
-104,-128,-59
76,-98,-11
-80,-128,-43
-69,-115,-70
-65,-128,-32
-74,-79,-31
-40,-15,-4
10,-43,-35
24,-71,-32
27,-85,-26
43,-80,-15
127,-107,39
127,-128,86
127,-94,79
127,-48,-15
127,-128,-128
127,-83,64
59,-74,8
48,-104,-3
5,-128,7
-24,-128,-22
-112,-123,-40
-35,-128,-38
43,-128,-18
-95,-128,-84
-64,-128,-87
-86,-128,-37
-128,-86,-44
-11,41,6
7,-28,-35
-8,-75,-25
38,-81,-9
50,-87,-1
127,-128,29
127,-128,54
127,-57,79
127,-50,-128
96,-128,-110
106,-74,15
54,-80,-9
49,-103,-25
-8,-128,-12
-61,-128,-40
-95,-112,-60
-8,-117,-46
-23,-128,-17
-82,-128,-82
-72,-119,-75
-71,-128,-45
-106,-109,-41
-8,14,-7
21,-3,-26
10,-73,-14
32,-83,-4
78,-93,7
127,-128,31
127,-128,49
127,-49,64
101,-64,-128
85,-128,9
47,-53,7
51,-75,23
41,-117,-11
31,-128,7
-61,-128,-38
-71,-125,-42
-2,-128,-38
-51,-128,-30
-47,-128,-54
-48,-128,-67
-79,-128,-42
-83,-79,-39
6,30,-12
32,-17,-27
1,-65,-22
16,-67,-21
63,-86,-10
127,-128,36
127,-128,55
127,-57,66
127,-72,-36
63,124,127
43,-108,5
57,-91,-19
23,-128,12
6,-128,18
-43,-128,-23
-34,-128,-42
42,-95,-21
-46,-128,-16
-38,-128,-57
-61,-128,-52
-77,-128,-43
-73,-34,-24
19,-4,-6
24,-28,-25
8,-68,-24
24,-54,-16
80,-74,33
127,-128,47
127,-128,63
127,-32,34
127,-128,-128
127,-38,46
36,-71,-13
61,-90,-15
2,-128,6
-45,-128,-25
-97,-106,-36
-34,-113,-40
-15,-128,-5
-73,-128,-52
-60,-114,-60
-72,-128,-55
-89,-112,-52
1,14,-15
27,5,-28
5,-60,-16
12,-97,-13
48,-106,-7
127,-128,48
127,-128,74
127,-62,78
97,-128,-128
32,127,127
42,-100,-13
46,-64,-2
34,-128,-4
-25,-128,-21
-70,-128,-33
-20,-123,-48
25,-81,-30
-44,-128,-7
-53,-128,-46
-43,-116,-53
-85,-128,-39
-116,-88,-37
-22,30,-15
26,1,-22
1,-57,-27
-4,-91,-20
34,-119,-7
127,-128,32
127,-128,59
127,-55,48
115,-128,-103
-14,43,127
41,-85,-16
54,-71,-9
39,-126,-4
13,-128,9
-46,-128,-26
-60,-112,-66
45,-128,-65
-70,-128,-15
-53,-128,-40
-51,-128,-56
-75,-128,-44
-103,-89,-45
-19,24,-1
4,-26,-21
-13,-84,-25
-3,-102,-18
45,-128,-5
127,-128,39
127,-128,65
127,-26,83
113,-128,-128
49,111,126
49,-104,-8
47,-83,-20
24,-128,7
-4,-128,7
-73,-128,-26
-78,-105,-60
63,-79,-11
-70,-128,-36
-77,-128,-68
-55,-120,-46
-78,-128,-38
-62,-71,-24
21,3,-28
29,-42,-44
21,-82,-28
19,-77,-18
70,-87,18
127,-122,46
127,-128,82
127,-32,48
50,-128,86
127,66,36
47,-48,-4
55,-83,-7
18,-128,-2
-11,-128,-12
-90,-102,-32
-64,-118,-62
47,-99,-23
-47,-128,-27
-56,-128,-63
-58,-128,-37
-80,-128,-40
-38,-20,-9
-17,45,-2
5,-23,-24
-14,-77,-11
14,-89,-10
115,-128,15
127,-128,42
127,-121,51
127,-66,7
15,-128,-128
127,-34,26
24,-83,-35
45,-88,-33
46,-108,-9
-11,-128,-3
-77,-116,-32
-86,-110,-46
27,-63,-20
-41,-121,-49
-28,-104,-50
-58,-121,-40
-61,-128,-40
-44,-51,-18
-10,14,-4
18,-32,-27
15,-55,-18
7,-67,-19
50,-114,4
127,-128,26
127,-128,57
127,-68,60
103,-128,-128
103,87,15
78,-75,7
53,-63,-16
44,-89,-20
24,-128,12
-35,-128,-47
-56,-117,-29
-5,-90,-16
15,-101,-31
-56,-128,-54
-84,-106,-46
-95,-128,-43
-77,-56,-26
-27,-5,0
-6,-30,-31
-8,-64,-26
5,-113,-19
87,-128,-19
127,-128,13
127,-128,51
127,-60,72
-18,-128,-42
79,-128,91
57,-90,36
50,-70,-5
39,-86,-23
19,-128,8
-10,-128,-4
-46,-108,-27
-75,-94,-24
-17,-88,-23
-61,-111,-39
-44,-70,-44
-49,-113,-46
-50,-128,-54
-8,-49,-16
21,-24,-18
20,-45,-19
8,-69,-12
15,-78,-9
76,-128,6
127,-128,56
127,-89,47
127,-72,33
83,-128,-128
127,42,-28
52,-75,35
43,-66,-26
42,-88,0
26,-119,3
-14,-128,-23
-37,-128,-17
-91,-92,-39
7,-80,-34
-40,-116,-50
-46,-64,-43
-47,-75,-40
-54,-102,-39
-5,-24,-11
20,-35,-21
16,-73,-8
10,-96,-13
57,-128,4
87,-128,22
127,-128,57
127,-38,67
127,-50,44
-128,-109,-128
127,-128,-18
79,-84,35
32,-63,-9
34,-65,-15
26,-67,-13
17,-80,-15
15,-73,-8
16,-74,-10
-9,-81,-4
-29,-97,3
-17,-101,14
-39,-110,-21
-62,-128,-53
59,-85,-24
-33,-62,-34
22,-21,6
14,-24,-14
17,-30,-14
19,-44,-6
4,-86,7
17,-100,-5
75,-128,-48
79,-117,-71
74,-44,-112
125,-11,-71
93,-38,-128
24,-77,-74
-46,-85,42
-13,-118,25
30,-96,-24
22,-63,1
12,-63,13
11,-59,16
15,-59,2
9,-65,7
-4,-65,9
-4,-63,0
0,-65,1
0,-70,1
1,-65,1
3,-69,4
5,-69,9
2,-70,19
10,-68,8
16,-71,8
8,-68,0
12,-68,5
4,-75,16
-6,-82,14
-34,-99,13
-29,-110,-35
-13,-109,-50
22,-128,-32
0,-107,-63
29,-94,-76
11,-57,-48
-3,-47,-49
1,-43,-36
-6,-48,-29
-1,-52,-11
45,-62,3
127,-61,11
127,-66,75
127,-128,-36
-128,-128,111
106,-59,19
38,-75,10
51,-46,2
46,-84,0
36,-118,16
27,-128,5
-28,-128,-51
-67,-99,-26
-59,-83,-33
17,-111,-25
-51,-113,-31
-41,-122,-39
-38,-128,-40
-39,-41,-7
8,-7,-12
12,-48,-12
13,-83,-12
34,-96,-6
107,-106,11
127,-128,71
127,-105,76
127,-32,43
39,-37,-73
57,61,116
33,-82,-22
54,-77,-13
44,-90,-9
42,-118,3
-10,-128,-5
-44,-128,-36
-65,-94,-40
3,-86,-24
-14,-128,-24
-74,-121,-55
-49,-128,-53
-57,-108,-30
-56,-40,-17
4,8,-10
4,-49,-20
-1,-67,-10
36,-105,-2
101,-128,-4
127,-128,42
127,-58,68
127,-64,10
66,52,116
105,-59,41
42,-82,-2
42,-121,-2
16,-128,-6
-50,-128,-41
-45,-105,-37
40,-100,-35
-105,-121,-17
-76,-128,-35
-41,-107,-38
-59,-123,-44
-67,-96,-52
-39,-47,-18
20,-9,-23
-7,-53,-21
-17,-82,-15
86,-128,5
127,-128,7
127,-128,49
127,-67,53
94,-45,86
90,-128,-109
127,43,127
60,-80,-4
49,-85,10
23,-128,-4
-63,-128,-40
-60,-108,-36
-43,-108,-39
-15,-128,-35
-50,-128,-26
-67,-126,-52
-35,-128,-27
-63,-83,-27
-40,2,-9
11,-4,-8
9,-26,-26
-6,-70,0
60,-95,14
127,-112,25
127,-128,57
127,-101,60
127,-42,12
58,74,127
127,-79,47
47,-97,4
51,-99,-20
-6,-128,2
-61,-128,-36
-54,-113,-50
2,-105,-45
-81,-128,-19
-44,-128,-70
-71,-128,-52
-84,-128,-24
-75,-21,-18
-20,37,-8
25,-31,-31
6,-62,-15
3,-78,-15
33,-98,-12
127,-127,27
127,-128,47
127,-58,51
127,-106,-128
68,-128,76
36,-67,-28
61,-96,-3
39,-128,3
-50,-128,-27
-96,-128,4
16,-128,-43
32,-67,-19
-23,-116,-11
-68,-127,-66
-61,-115,-62
-87,-124,-55
-66,-61,-28
4,16,-17
21,-41,-29
-6,-72,-19
21,-93,-6
61,-118,12
127,-128,66
127,-80,94
127,-48,70
34,-118,85
127,-16,66
43,-74,25
52,-93,-19
8,-128,0
-61,-128,-18
-80,-104,-46
82,-94,-10
-4,-123,-26
-58,-128,-52
-63,-128,-59
-79,-128,-48
-93,-70,-29
-57,3,-15
20,-26,-26
23,-35,-29
-1,-85,-16
75,-113,5
127,-124,27
127,-128,78
127,-55,63
125,-62,7
78,66,127
126,-64,30
55,-88,-4
54,-99,-10
5,-128,8
-35,-128,-32
-91,-121,-55
82,-50,-18
-35,-128,-42
-32,-128,-48
-32,-124,-63
-73,-128,-57
-90,-58,-32
-62,15,-13
3,-24,-17
4,-38,-28
-8,-102,-16
65,-128,-5
127,-128,19
127,-128,73
127,-35,31
127,-128,-128
55,-36,127
42,-63,-22
51,-106,-22
25,-128,-5
-60,-128,-17
-63,-115,-14
33,-115,-49
-46,-115,-1
-34,-124,-29
-54,-110,-56
-73,-104,-51
-87,-128,-64
-57,-87,-37
4,6,-28
16,-46,-33
-2,-74,-22
7,-105,-3
49,-128,9
127,-128,35
127,-111,55
127,-53,71
103,-128,-128
15,-85,122
30,-80,-26
58,-91,5
33,-128,4
-44,-128,-24
-83,-128,-26
11,-128,-40
102,-44,1
-46,-128,-18
-48,-128,-65
-66,-119,-57
-87,-128,-53
-90,-116,-54
-27,2,-27
31,-48,-34
17,-60,-38
14,-100,-8
35,-114,-4
127,-128,26
127,-128,61
127,-46,36
127,-44,-44
127,-128,-128
74,-83,7
46,-101,16
44,-128,-26
-32,-128,-12
-72,-128,-29
5,-126,-48
73,-75,-16
-62,-110,0
-39,-128,-59
-52,-128,-58
-50,-128,-41
-86,-118,-34
-40,13,-26
-3,36,-16
13,-16,-30
-14,-83,-16
-4,-94,-10
119,-128,27
127,-128,42
127,-106,61
127,-41,49
83,-128,-128
127,-91,63
54,-98,-20
51,-101,-14
25,-128,-1
-32,-128,-16
-62,-85,-37
-42,-120,-41
21,-87,-26
-47,-128,-28
-38,-128,-66
-64,-128,-50
-80,-128,-56
-49,10,-12
-1,34,-2
8,-27,-30
-16,-68,-20
8,-95,-9
126,-128,16
127,-128,39
127,-81,60
127,-43,64
127,-128,-128
75,-82,17
50,-106,-3
48,-94,-8
17,-128,7
-24,-128,-19
-42,-119,-12
-26,-114,-43
8,-107,-5
-41,-128,-12
-36,-117,-66
-34,-119,-56
-67,-128,-54
-36,-10,-9
-6,5,-14
22,-40,-30
0,-50,-22
19,-72,-3
41,-93,8
127,-128,38
127,-125,61
127,-38,28
49,-40,-61
99,-128,-128
127,-89,51
53,-81,-9
52,-87,-4
4,-128,3
-13,-128,-6
-55,-88,-15
-17,-113,-24
47,-60,-3
-58,-128,-39
-54,-122,-50
-41,-128,-48
-52,-124,-55
-46,8,-12
7,-6,-18
8,-32,-26
-9,-86,-15
6,-101,-3
75,-128,15
127,-128,71
127,-105,74
127,-48,34
69,-128,-128
127,-29,58
23,-65,-19
45,-83,-9
16,-128,11
7,-128,9
-47,-107,-23
-58,-94,-35
-18,-85,-22
-62,-108,-41
-63,-75,-44
-58,-70,-42
-65,-79,-42
-44,-75,-35
-24,-34,-26
1,-55,-43
2,-91,-28
1,-108,-34
62,-128,-14
127,-128,47
127,-110,70
127,-93,64
33,-128,-18
127,24,-16
-30,-82,8
38,-51,-18
30,-55,-23
40,-61,-2
24,-72,2
43,-57,2
44,-56,6
40,-63,3
26,-87,14
-7,-108,18
21,-89,-5
-23,-128,-13
-56,-106,-40
73,-127,-65
-63,-128,-75
16,-30,15
-14,-44,-18
-14,-49,5
-5,-59,2
11,-68,6
61,-91,7
88,-101,13
92,-113,19
70,-86,3
59,-76,-7
56,-60,-1
45,-56,2
37,-51,1
26,-49,-5
30,-53,-4
30,-49,10
72,-44,-11
-53,-93,11
0,-77,-16
-71,-128,-35
-1,-83,32
-1,-61,-2
-32,-64,-30
-2,-65,0
-6,-59,-5
-5,-61,-5
-2,-60,-3
-1,-61,-5
-4,-67,-10
-4,-69,-7
-5,-66,-9
-1,-65,-11
-1,-60,-4
-3,-60,-6
-1,-64,-7
1,-63,1
0,-63,-2
1,-65,-3
1,-66,-2
3,-63,0
0,-64,-3
-2,-67,-1
-3,-71,-4
-1,-69,-3
-1,-72,-12
14,-68,-14
39,-66,-33
17,-56,-16
12,-59,-24
-1,-61,-12
12,-65,5
-5,-62,15
-13,-65,12
-10,-61,31
-14,-58,29
-36,-58,22
-112,-90,2
10,-84,-13
-6,-44,4
-5,-65,-2
-7,-59,-5
-3,-64,-8
2,-72,3
-2,-62,-13
1,-60,-13
0,-62,-7
-1,-66,-5
-4,-65,-8
-6,-63,-12
-8,-65,-12
-10,-63,-9
-11,-61,-5
-14,-61,-5
-16,-61,-10
-15,-63,-9
-23,-61,-8
-21,-60,-9
-15,-61,-8
-18,-62,-7
-19,-61,-4
-17,-61,-3
-18,-61,-5
-18,-61,-4
-19,-61,-2
-19,-61,-2
-16,-63,-3
-17,-62,-2
-15,-63,-2
-9,-62,3
-8,-63,3
-6,-62,5
-7,-62,6
-7,-64,3
-9,-62,6
-7,-63,3
-15,-65,8
-29,-63,2
-38,-58,-3
5,-64,9
21,-64,12
11,-61,16
-14,-64,2
-12,-63,6
-7,-63,7
-8,-61,2
-8,-64,14
-12,-62,11
-10,-63,7
-11,-64,7
-7,-65,11
-10,-60,10
-9,-62,12
-11,-62,9
-11,-61,11
-14,-61,11
-14,-60,13
-11,-63,11
-11,-62,10
-11,-61,11
-9,-60,13
-10,-60,15
-11,-61,14
-11,-60,15
-11,-62,13
-11,-62,11
-11,-60,13
-10,-62,12
-10,-62,11
-9,-62,13
-11,-61,13
-10,-62,11
-12,-62,11
-12,-62,12
-11,-62,12
-9,-63,12
-11,-63,12
-12,-67,13
-11,-60,12
-11,-62,13
-10,-62,13
-12,-60,12
-9,-60,13
-10,-63,12
-10,-61,11
-9,-63,12
-10,-60,11
-10,-62,12
-10,-62,13
-9,-60,14
-10,-60,12
-11,-62,13
-9,-60,12
-10,-62,11
-8,-62,11
-11,-63,10
-9,-62,11
-10,-62,11
-9,-62,10
-10,-62,10
-9,-62,10
-9,-62,10
-9,-62,10
-9,-63,10
-9,-62,10
-9,-63,10
-9,-62,10
-10,-62,10
-10,-63,10
-9,-62,10
-10,-62,10
-9,-63,10
-7,-62,10
-10,-61,10
-9,-63,9
-9,-63,10
-9,-62,9
-10,-62,9
-9,-63,10
-9,-62,9
-8,-61,10
-11,-62,10
-11,-63,9
-9,-63,9
-9,-63,9
-9,-62,10
-11,-63,10
-10,-60,9
-12,-58,8
-9,-66,12
-9,-60,10
-10,-61,11
-10,-60,10
-9,-66,11
-10,-60,10
-10,-65,9
-9,-60,10
-9,-63,11
-9,-62,11
-12,-57,8
-9,-63,12
-9,-62,11
-10,-62,11
-9,-63,12
-9,-64,12
-9,-62,10
-11,-62,12
-6,-67,16
-11,-58,11
-5,-68,14
-9,-64,12
-7,-72,16
-12,-58,9
-11,-62,11
-10,-62,13
-9,-63,13
-10,-62,11
-11,-62,11
-11,-62,11
-11,-62,11
-10,-62,11
-10,-62,11
-10,-62,11
-10,-62,11
-10,-62,11
-10,-62,11
-6,12,-57
-23,-128,4
-11,-65,14
-7,-72,8
-7,-66,7
-15,-56,15
-10,-56,14
-12,-52,17
-11,-53,19
-9,-69,14
-7,-68,9
-9,-63,10
-9,-60,14
