1479998284.000000, 1479998284.000000, 1479998284.000000
32.000000, 32.000000, 32.000000
-10,-62,-8
-10,-62,-8
-10,-63,-8
-10,-63,-8
-10,-63,-8
-10,-62,-8
-11,-62,-8
-11,-62,-8
-11,-62,-8
-11,-62,-8
-11,-62,-8
-11,-62,-8
-10,-62,-8
-10,-62,-8
-11,-63,-8
-11,-62,-7
-10,-62,-7
-11,-62,-7
-11,-63,-8
-11,-62,-8
-11,-62,-8
-11,-63,-8
-11,-62,-8
-11,-63,-8
-11,-63,-8
-11,-62,-9
-11,-62,-9
-11,-62,-9
-11,-63,-8
-10,-62,-8
-10,-62,-8
-10,-63,-8
-10,-63,-8
-10,-63,-8
-10,-62,-8
-11,-62,-8
-11,-63,-7
-10,-63,-7
-10,-62,-7
-11,-62,-7
-11,-62,-7
-11,-62,-7
-11,-63,-7
-11,-63,-7
-10,-63,-7
-11,-63,-8
-11,-63,-7
-10,-62,-7
-11,-63,-7
-11,-62,-7
-11,-62,-6
-11,-62,-6
-11,-62,-7
-11,-63,-7
-11,-62,-7
-11,-63,-7
-11,-63,-7
-10,-63,-7
-10,-62,-7
-11,-62,-7
-11,-63,-7
-11,-62,-7
-11,-62,-7
-11,-63,-7
-10,-63,-7
-11,-62,-7
-10,-62,-7
-11,-63,-7
-11,-63,-7
-11,-62,-7
-11,-62,-7
-11,-63,-7
-11,-63,-7
-11,-63,-7
-11,-62,-7
-11,-63,-7
-11,-63,-7
-11,-62,-7
-11,-62,-7
-11,-63,-7
-11,-62,-7
-11,-63,-7
-11,-63,-7
-11,-63,-7
-11,-62,-7
-11,-62,-7
-11,-63,-7
-11,-62,-7
-11,-62,-7
-11,-63,-6
-11,-62,-7
-11,-62,-7
-11,-62,-7
-11,-63,-7
-11,-63,-7
-11,-63,-7
-11,-62,-7
-11,-62,-7
-11,-63,-7
-11,-62,-7
-11,-63,-6
-10,-63,-6
-11,-63,-7
-12,-62,-7
-11,-62,-6
-11,-62,-6
-11,-62,-7
-10,-63,-7
-10,-62,-7
-10,-62,-7
-11,-63,-7
-10,-63,-7
-10,-63,-7
-9,-63,-8
-9,-62,-7
-10,-63,-7
-9,-63,-7
-9,-63,-7
-10,-63,-8
-10,-63,-8
-9,-62,-8
-8,-63,-8
-9,-63,-8
-9,-62,-8
-10,-63,-9
-10,-63,-9
-10,-63,-8
-9,-62,-8
-9,-63,-8
-9,-62,-8
-10,-63,-8
-10,-62,-8
-10,-62,-9
-10,-62,-9
-10,-62,-8
-11,-62,-8
-10,-62,-8
-10,-63,-9
-10,-62,-8
-10,-62,-8
-10,-62,-8
-11,-62,-9
-10,-63,-9
-10,-63,-9
-10,-63,-9
-10,-62,-9
-11,-62,-10
-12,-62,-10
-11,-62,-9
-11,-62,-10
-10,-62,-11
-10,-62,-10
-10,-62,-10
-9,-63,-10
-9,-63,-10
-8,-62,-10
-8,-63,-10
-8,-62,-10
-8,-63,-9
-8,-62,-9
-8,-62,-8
-8,-63,-9
-7,-63,-9
-6,-63,-9
-8,-62,-11
-8,-63,-10
-9,-63,-10
-9,-63,-10
-8,-62,-11
-8,-63,-10
-9,-63,-11
-8,-62,-11
-8,-62,-11
-9,-63,-9
-9,-62,-9
-9,-62,-10
-9,-62,-10
-9,-63,-9
-8,-62,-9
-8,-62,-9
-10,-63,-9
-10,-62,-9
-11,-63,-9
-11,-62,-9
-11,-62,-10
-11,-62,-9
-10,-62,-9
-9,-62,-9
-9,-63,-8
-9,-63,-8
-10,-62,-9
-10,-63,-9
-10,-62,-9
-10,-62,-10
-11,-62,-10
-11,-62,-10
-11,-62,-10
-11,-62,-10
-10,-62,-10
-11,-62,-10
-11,-63,-11
-11,-62,-10
-11,-62,-11
-11,-62,-10
-11,-62,-10
-11,-62,-10
-11,-62,-10
-11,-62,-10
-11,-62,-10
-10,-62,-10
-10,-62,-10
-10,-63,-10
-11,-62,-10
-11,-62,-10
-11,-62,-9
-11,-63,-9
-10,-63,-9
-10,-63,-9
-11,-62,-9
-11,-62,-9
-11,-62,-9
-11,-62,-9
-11,-63,-8
-11,-62,-8
-12,-63,-8
-12,-62,-9
-12,-62,-9
-12,-63,-8
-12,-62,-8
-12,-62,-8
-12,-63,-6
-11,-62,-7
-12,-62,-7
-11,-63,-7
-12,-62,-7
-12,-62,-7
-12,-62,-8
-12,-62,-7
-12,-62,-7
-12,-62,-7
-12,-62,-7
-11,-62,-7
-12,-62,-7
-12,-62,-7
-12,-62,-7
-11,-62,-7
-11,-62,-7
-11,-63,-7
-11,-62,-7
-11,-63,-7
-11,-62,-7
-12,-63,-7
-12,-63,-7
-12,-62,-8
-12,-62,-8
-12,-62,-8
-11,-62,-7
-11,-62,-7
-12,-63,-7
-11,-62,-7
-12,-63,-7
-12,-62,-7
-11,-62,-7
-11,-63,-7
-11,-62,-7
-11,-62,-7
-11,-62,-7
-11,-63,-7
-11,-62,-7
-11,-62,-7
-11,-63,-7
-11,-63,-7
-11,-63,-7
-10,-63,-6
-10,-63,-6
-11,-62,-6
-10,-63,-6
-11,-63,-6
-11,-63,-6
-10,-63,-6
-11,-63,-6
-11,-63,-5
-11,-62,-6
-11,-62,-6
-11,-63,-5
-11,-62,-6
-11,-63,-5
-11,-63,-5
-11,-62,-5
-11,-63,-5
-12,-63,-5
-12,-63,-6
-12,-63,-6
-11,-63,-5
-12,-62,-5
-12,-62,-5
-11,-63,-4
-11,-63,-4
-12,-63,-5
-11,-62,-5
-11,-63,-4
-11,-63,-4
-10,-63,-4
-11,-63,-4
-11,-63,-4
-12,-63,-4
-12,-62,-4
-11,-62,-4
-11,-63,-4
-11,-63,-4
-12,-63,-4
-11,-62,-4
-12,-63,-3
-11,-64,-3
-10,-63,-2
-10,-64,-1
-9,-64,-2
-9,-64,-1
-10,-64,-1
-9,-64,-1
-12,-65,1
-12,-65,1
-12,-64,0
-11,-64,-1
-10,-64,0
-8,-63,-1
-7,-62,-3
-4,-62,-3
-3,-62,-4
-13,-59,-6
-14,-58,-8
-14,-59,-7
-15,-61,-6
-14,-61,-5
-16,-62,-5
-17,-63,-6
-17,-63,-7
-17,-63,-7
-17,-64,-8
-17,-63,-9
-17,-63,-9
-17,-62,-10
-18,-62,-9
-18,-62,-9
-17,-62,-7
-14,-62,-6
-14,-62,-5
-5,-61,-4
-2,-60,-3
6,-61,-1
8,-60,-3
-52,-63,-16
18,-91,18
-8,-63,-5
8,-63,-10
3,-66,-7
-12,-61,-10
-13,-64,-8
-8,-64,-8
-6,-63,-9
-11,-62,-11
-10,-62,-8
-8,-63,-11
-13,-62,-13
-11,-62,-12
-10,-62,-13
-8,-62,-11
-8,-62,-12
-7,-62,-13
-7,-61,-13
-6,-62,-10
-4,-62,-9
-5,-64,-10
-1,-64,-3
1,-66,-5
1,-69,-4
4,-71,-4
-3,-82,-5
-11,-100,-12
-16,-102,-6
-55,-108,-38
-75,-87,-52
32,-128,-19
57,-102,2
108,-128,4
21,-87,-10
5,-54,-16
3,-3,1
-5,1,-5
-22,13,-3
-11,12,-12
-1,9,-12
23,-1,4
40,-12,17
83,-47,36
127,-106,2
99,-128,99
70,-86,-56
12,-34,-13
5,-74,3
11,-63,0
12,-64,-2
9,-63,-2
8,-66,-4
6,-61,-11
2,-60,-12
1,-60,-12
-4,-65,-9
-5,-64,-9
0,-67,-6
-1,-66,-7
1,-74,-11
-8,-92,-8
-13,-103,-10
-32,-102,-7
-53,-97,-23
-29,-76,-35
48,-128,-16
118,-128,23
45,-128,15
-1,-107,-13
-15,-19,-6
-26,7,-18
-47,12,-15
-50,14,-22
-37,8,-15
-6,-6,-9
14,-13,-4
49,-44,23
69,-59,36
127,-128,33
-88,-14,37
55,-128,-35
24,-63,14
12,-68,4
8,-64,-1
11,-63,1
11,-65,2
7,-63,-5
6,-62,-7
3,-63,-8
-1,-61,-10
-2,-62,-8
1,-68,-9
-2,-68,-9
-1,-79,-12
-1,-88,-9
-10,-93,-1
-30,-91,-4
-42,-82,-21
-7,-90,-28
16,-111,-17
99,-128,19
54,-128,12
10,-108,-14
-12,-45,-2
-36,0,-22
-39,3,-9
-45,9,-13
-40,9,-16
0,-1,-16
19,-6,-6
49,-35,30
68,-49,41
127,-128,34
-84,-28,31
49,-128,-34
24,-64,11
16,-70,-1
11,-64,1
12,-65,1
9,-64,-1
10,-66,-2
7,-63,-4
5,-63,-8
2,-62,-7
0,-68,-6
0,-68,-9
3,-72,-7
2,-79,-8
-3,-83,-8
-12,-92,-3
-21,-94,0
-46,-75,-7
4,-94,-31
29,-104,-38
107,-128,23
120,-128,23
14,-115,-4
-23,-55,-9
-21,-4,-9
-39,5,-14
-40,11,-10
-48,14,-21
-9,-2,-21
6,-8,-19
42,-35,14
66,-55,31
127,-128,35
127,-128,109
26,-85,-67
15,-68,18
14,-72,-11
9,-64,3
12,-64,4
9,-63,1
10,-63,-5
5,-62,-6
5,-62,-7
1,-62,-7
1,-64,-10
1,-65,-8
-2,-63,-10
0,-70,-13
4,-70,-9
-3,-87,-10
-11,-95,-1
-23,-95,-1
-44,-82,-27
-46,-73,-38
36,-119,-19
71,-125,2
80,-128,16
37,-127,8
-18,-75,-15
-32,-1,-16
-40,4,-12
-47,8,-12
-52,11,-18
-11,1,-17
25,-8,1
37,-21,21
69,-46,42
127,-128,97
-114,-42,47
47,-91,-71
2,-72,20
15,-66,3
9,-64,5
10,-64,0
10,-63,0
5,-64,-4
4,-63,-6
3,-63,-9
2,-63,-7
-1,-64,-7
1,-64,-9
1,-66,-5
1,-69,-9
4,-77,-9
-4,-87,-5
-16,-98,5
-28,-103,-6
-55,-78,-36
18,-108,-21
36,-110,-16
88,-128,20
79,-128,14
10,-98,-12
-22,-28,7
-19,-5,-7
-41,3,-7
-32,10,-7
-35,13,-12
-21,12,-12
11,1,-8
39,-26,25
60,-41,33
127,-128,18
101,-114,70
0,-93,-48
8,-66,23
9,-70,-8
9,-64,4
8,-63,1
12,-66,-1
7,-64,-6
7,-63,-4
2,-60,-11
2,-63,-5
1,-63,-6
0,-65,-2
0,-67,-8
1,-72,-10
-1,-79,-11
-12,-95,0
-19,-96,1
-44,-93,-18
-34,-69,-39
21,-108,-17
78,-121,3
81,-128,19
21,-120,4
-3,-93,-18
-2,-39,0
-28,-3,-14
-35,0,-4
-40,5,-15
-33,7,-15
-8,-2,-16
14,-13,1
30,-26,15
58,-51,33
127,-127,2
-103,-19,75
22,-85,-105
7,-63,31
14,-65,-1
8,-64,6
12,-64,1
7,-63,-2
6,-64,-3
6,-63,-4
3,-63,-6
-3,-62,-9
-1,-63,-9
-5,-63,-10
-4,-63,-9
-1,-68,-4
3,-73,-5
0,-77,-4
-10,-100,-12
-23,-104,-4
-47,-98,-22
-40,-72,-42
20,-119,-17
82,-128,8
74,-128,16
18,-111,3
-3,-88,-13
-3,-20,-2
-29,-1,-13
-26,0,-10
-41,13,-20
-32,10,-19
-3,2,-14
24,-17,13
40,-38,32
71,-55,50
86,-55,29
-128,-67,127
73,-48,-4
10,-65,26
16,-65,2
10,-63,7
10,-65,-1
12,-65,-1
6,-63,-6
1,-64,-11
2,-64,-9
0,-62,-9
-3,-61,-14
0,-61,-10
-2,-65,-7
1,-64,-6
3,-70,-10
3,-74,-8
-4,-93,-1
-4,-95,-4
-17,-96,1
-44,-71,-18
-31,-66,-30
65,-89,-30
112,-115,12
30,-128,1
-18,-86,-14
-12,-63,-17
-47,-11,-28
-64,5,-26
-57,-8,-28
-51,-14,-25
-32,-30,-26
-14,-56,-18
-10,-73,-11
5,-105,10
22,-121,16
87,-128,29
127,-113,45
120,-102,51
-121,-86,-35
30,-89,6
8,-46,-6
14,-70,-13
-13,-67,-8
-10,-61,-10
-4,-66,-12
-5,-61,-13
-12,-59,-13
-4,-62,-11
-2,-63,-10
-6,-62,-10
1,-66,-6
0,-67,-8
-5,-69,-14
-1,-75,-19
1,-82,-23
-29,-120,-7
-48,-128,-25
-94,-128,-56
-23,-102,-35
48,-79,-9
3,-52,-1
4,-25,3
5,-12,-8
14,-10,-5
6,-15,4
23,-20,3
30,-21,3
50,-31,15
62,-55,33
60,-67,33
54,-73,40
127,-128,-22
-57,-47,-47
22,-64,-1
2,-70,-8
20,-65,0
5,-65,0
2,-64,-6
3,-65,-8
-1,-62,-12
-1,-63,-12
-2,-61,-15
-5,-60,-17
-9,-61,-17
-9,-59,-20
-4,-59,-14
-10,-64,-11
-3,-67,-7
3,-71,-7
-3,-85,-14
-18,-98,-6
-35,-104,-9
-45,-98,-32
-20,-85,-35
37,-125,-16
86,-128,8
34,-116,0
2,-93,-20
5,-41,3
-2,-14,-2
-32,-4,-10
-27,-1,-9
-29,2,-14
-15,-6,-14
-8,-11,-13
24,-23,-12
46,-44,3
54,-58,9
68,-68,27
78,-67,20
42,-79,40
-46,-102,24
50,-59,4
3,-73,-4
11,-65,2
7,-64,1
8,-63,-3
8,-63,-4
8,-64,-5
6,-61,-6
1,-63,-13
3,-61,-10
1,-64,-8
-3,-65,-9
-3,-66,-11
2,-68,-11
0,-70,-12
1,-81,-12
-6,-89,-3
-18,-97,3
-42,-85,-18
-44,-71,-37
11,-105,-28
39,-114,-9
67,-128,18
44,-128,10
5,-98,-11
-3,-24,-1
-19,-7,-14
-33,5,-3
-39,9,-12
-30,10,-18
1,0,-15
14,-7,-3
58,-40,40
104,-63,33
127,-128,23
-1,-104,89
48,-68,-34
-3,-72,-3
13,-66,-5
8,-65,2
11,-64,-3
5,-64,-3
7,-64,-7
4,-63,-8
1,-64,-9
1,-62,-8
-3,-62,-12
-4,-60,-14
-2,-64,-13
-3,-69,-7
0,-73,-10
-1,-83,-11
-10,-96,-3
-31,-108,-3
-53,-75,-37
-41,-67,-36
40,-114,-14
66,-121,1
66,-128,8
8,-100,-17
-3,-79,-7
-20,-9,-8
-35,2,-15
-25,6,-9
-35,14,-18
-13,7,-17
11,0,-10
19,-11,3
53,-49,31
81,-57,34
127,-128,8
-97,-78,-21
63,-56,-53
-3,-73,-1
14,-65,-4
4,-64,1
9,-64,-3
3,-63,-6
2,-64,-9
0,-62,-9
-3,-63,-9
-5,-62,-11
-8,-61,-13
-7,-62,-15
-5,-63,-13
-7,-65,-8
-4,-66,-7
4,-73,-6
-1,-86,-14
-21,-103,-6
-43,-105,-10
-54,-89,-26
-30,-72,-32
38,-117,-13
68,-117,4
52,-121,2
18,-99,-6
16,-70,-5
-3,-38,-6
-19,-5,-13
-26,4,-13
-33,10,-18
-20,2,-19
-2,-3,-15
21,-17,1
33,-31,17
67,-54,41
127,-128,127
-128,3,51
44,-53,2
4,-68,-7
7,-65,-1
7,-66,0
11,-63,-3
3,-63,-5
4,-63,-5
2,-63,-6
1,-62,-7
-1,-62,-10
-4,-61,-10
-2,-63,-10
-3,-64,-10
-1,-66,-4
0,-70,-3
-1,-73,-11
1,-78,-14
-19,-98,5
-28,-100,3
-41,-82,-27
-42,-66,-34
13,-98,-17
64,-115,0
50,-128,10
21,-117,-8
14,-102,-10
-3,-46,-1
-33,-6,-15
-38,2,-8
-39,11,-17
-34,13,-18
4,2,-20
25,-13,12
40,-32,30
89,-58,37
127,-128,50
-98,-70,23
34,-105,-41
11,-66,13
12,-63,4
11,-64,2
8,-62,-3
7,-63,-4
10,-65,-6
7,-64,-2
4,-64,-5
2,-64,-6
2,-64,-5
1,-64,-6
0,-65,-9
3,-65,-7
1,-74,-7
-1,-79,-7
-7,-91,-2
-10,-94,-1
-38,-89,-11
-33,-67,-31
8,-99,-23
50,-113,-6
68,-116,11
30,-119,4
16,-102,-9
4,-66,-5
-10,-18,-13
-20,-7,-12
-22,0,-11
-22,6,-18
-12,3,-17
15,-5,-11
24,-12,0
53,-44,37
75,-53,49
127,-128,90
-108,-85,82
66,-61,-7
2,-73,-9
11,-66,-1
8,-65,-2
8,-64,-6
4,-66,-8
7,-64,-3
3,-64,-7
1,-62,-6
-2,-61,-8
-5,-62,-13
-6,-62,-12
-6,-63,-12
-1,-66,-5
-5,-66,-4
4,-71,-7
2,-73,-9
-4,-89,-12
-33,-109,2
-41,-100,-13
-56,-67,-41
-17,-87,-37
63,-115,-6
72,-117,12
51,-114,9
0,-81,-9
-15,-28,-9
-17,-13,-11
-16,-7,-14
-24,0,-14
-19,6,-19
-11,5,-15
11,-6,-9
21,-16,-4
54,-45,32
127,-74,8
127,-128,54
-43,-120,-2
60,-55,-19
1,-77,2
10,-68,-6
10,-65,-1
7,-63,-3
7,-65,-4
4,-62,-6
3,-64,-7
-1,-62,-9
-4,-62,-10
-4,-62,-12
-4,-63,-9
-4,-64,-12
-3,-66,-4
-3,-66,-7
3,-68,-7
2,-74,-8
1,-83,-9
-21,-104,4
-32,-103,4
-49,-74,-31
2,-98,-26
18,-97,-8
61,-112,11
66,-125,20
20,-98,-14
5,-72,-3
1,-34,-1
-17,-8,-13
-24,-6,-10
-19,-2,-14
-19,-1,-16
-2,-5,-15
16,-19,-6
18,-26,3
42,-49,25
62,-62,32
123,-92,24
-76,-80,67
1,-74,9
26,-64,-9
21,-60,22
6,-68,-5
12,-64,-1
12,-64,-1
12,-64,-5
9,-63,-7
7,-64,-8
5,-63,-8
0,-61,-12
-1,-62,-10
-1,-63,-12
-4,-63,-14
-1,-63,-13
-3,-62,-8
-2,-65,-6
-1,-64,-7
2,-67,-6
4,-66,-7
2,-77,-4
2,-83,-8
-6,-90,2
-13,-91,-4
-25,-80,-6
-12,-73,-13
19,-62,-24
50,-72,0
74,-80,7
39,-83,-16
6,-61,-9
6,-64,-2
-32,-35,0
-29,-24,-8
-22,-14,-10
-19,-20,-7
-19,-26,-14
4,-47,-24
7,-59,-15
4,-85,3
7,-101,25
-79,-95,84
-21,-92,65
-24,-68,12
22,-77,-23
6,-57,-8
-6,-69,-10
4,-59,-16
0,-62,-18
-6,-63,-15
1,-64,-13
4,-63,-14
1,-62,-13
-1,-63,-12
-5,-62,-21
-4,-60,-17
-5,-62,-16
-6,-63,-16
-6,-61,-17
-8,-62,-15
-9,-63,-15
-11,-62,-14
-12,-65,-13
-5,-65,-6
3,-66,-3
2,-62,-8
12,-63,-17
21,-68,0
-6,-66,8
-14,-61,12
-14,-66,16
-6,-68,6
-5,-65,-1
-8,-59,-14
-13,-55,-17
-10,-56,-20
-11,-57,-20
-10,-57,-19
-3,-57,-18
-5,-57,-18
-19,-63,5
-18,-68,-18
-7,-77,-8
-12,-61,-10
-12,-61,-11
-13,-61,-10
-11,-62,-5
-7,-64,-3
-6,-63,-6
-9,-63,-7
-10,-61,-10
-8,-59,-10
-7,-64,-9
-7,-66,-10
-8,-68,-12
-7,-65,-12
-9,-64,-12
-10,-61,-12
-9,-61,-11
-8,-64,-11
-8,-64,-8
-8,-63,-8
-7,-62,-8
-7,-62,-7
-9,-62,-8
-11,-62,-10
-11,-62,-9
-10,-62,-8
-6,-63,-6
-6,-63,-8
-7,-62,-8
-9,-62,-8
-7,-63,-8
-8,-63,-8
-8,-63,-7
-7,-63,-6
-6,-63,-7
-7,-63,-8
-7,-63,-7
-8,-63,-8
-7,-63,-8
-7,-63,-8
-7,-63,-8
-7,-63,-8
-6,-63,-7
-6,-63,-7
-5,-63,-8
-5,-63,-8
-5,-63,-7
-5,-63,-8
-6,-63,-9
-5,-63,-9
-5,-63,-9
-5,-63,-9
-5,-63,-9
-5,-63,-9
-5,-63,-10
-5,-63,-10
-5,-62,-11
-6,-62,-11
-5,-62,-12
-5,-62,-12
-6,-64,-15
-4,-63,-10
-5,-62,-12
-5,-65,-15
-4,-62,-13
-5,-62,-14
-5,-62,-13
-6,-63,-14
-5,-63,-13
-5,-63,-13
-5,-62,-13
-6,-62,-13
-5,-63,-13
-5,-62,-13
-6,-62,-13
-5,-63,-13
-5,-62,-12
-6,-62,-12
-6,-63,-13
-6,-63,-14
-6,-63,-11
-6,-62,-11
-6,-62,-10
-5,-63,-10
-5,-63,-9
-5,-63,-9
-6,-63,-9
-5,-64,-6
-4,-64,-6
-1,-64,-5
-2,-62,-4
0,-63,-3
-5,-64,-5
-3,-63,-4
-1,-64,-1
-2,-63,-1
-3,-63,-1
-1,-63,0
-2,-63,0
-3,-63,0
-3,-63,1
-3,-64,1
-3,-63,0
-3,-63,1
-3,-64,1
-3,-63,1
-3,-63,1
-3,-64,1
-2,-64,1
-3,-63,1
-3,-64,1
-1,-63,2
0,-63,5
0,-63,5
0,-64,3
0,-64,3
-1,-63,3
-1,-63,3
-1,-64,3
-1,-64,2
0,-64,3
-1,-64,3
-1,-64,3
-1,-63,4
0,-63,3
0,-64,3
-1,-63,3
-1,-63,3
-1,-64,3
-2,-64,1
0,-64,5
1,-62,7
1,-62,6
0,-63,4
-1,-63,4
-1,-64,3
-2,-63,4
-2,-64,3
-1,-64,3
-1,-63,4
-1,-64,4
-1,-63,4
-1,-63,4
-1,-63,3
-2,-63,3
-1,-64,3
-1,-64,3
-2,-64,3
-1,-64,3
-2,-64,3
-1,-63,4
-1,-63,4
-2,-63,3
-1,-64,3
-1,-64,3
-2,-63,3
-1,-64,3
-1,-63,3
-2,-63,3
-3,-63,3
-3,-63,3
-3,-63,3
-1,-63,4
-1,-64,3
-1,-63,4
-1,-64,3
-1,-64,3
-1,-64,2
-2,-64,2
-2,-64,2
-2,-64,2
-2,-64,2
-2,-64,2
-2,-64,2
-2,-63,2
-2,-63,3
-2,-64,3
-2,-64,3
-2,-64,3
-2,-63,3
-2,-64,3
-2,-63,3
-2,-64,3
-2,-63,3
-2,-63,3
-2,-64,3
-2,-64,3
-1,-63,3
-2,-63,3
-1,-64,3
1,-64,4
-1,-63,4
-1,-64,4
-2,-64,4
-3,-63,4
-3,-63,5
-5,-62,5
-2,-64,4
-2,-64,3
-4,-63,3
-4,-63,5
-2,-63,4
2,-64,3
0,-64,3
-2,-63,3
-3,-63,3
3,-65,2
0,-63,3
-2,-64,3
-2,-64,2
-2,-64,2
-1,-64,2
-1,-65,2
-3,-65,1
-2,-65,1
-1,-67,1
0,-67,3
3,-63,5
2,-62,6
-4,-59,4
-11,-57,-1
-7,-59,-2
3,-64,4
-2,-63,0
-2,-63,-1
1,-65,2
-1,-65,2
-2,-65,1
-2,-65,1
-5,-64,-2
-8,-64,-5
-9,-63,-6
-9,-61,-7
-8,-62,-7
-10,-64,-7
-6,-64,-4
-7,-64,-3
-7,-64,-3
-8,-62,-2
-8,-59,-2
-7,-58,0
9,-62,6
2,-74,-6
-15,-67,-12
-10,-64,-7
-13,-62,-11
-8,-62,-12
-12,-62,-12
-11,-63,-11
-11,-62,-12
-10,-62,-13
-9,-62,-13
-10,-62,-12
-9,-61,-12
-7,-63,-11
-7,-63,-11
-7,-62,-12
-8,-62,-13
-8,-62,-13
-9,-64,-15
-7,-62,-10
-7,-63,-13
-5,-61,-12
-8,-62,-13
-7,-63,-13
-7,-61,-15
0,-65,-7
0,-63,-7
-1,-62,-9
-1,-63,-11
0,-62,-10
0,-62,-8
1,-63,-7
2,-63,-6
2,-62,-8
1,-61,-12
0,-62,-11
-2,-63,-12
0,-63,-11
2,-63,-10
0,-62,-11
0,-63,-13
0,-63,-14
0,-63,-12
0,-64,-12
0,-63,-12
2,-63,-10
1,-63,-10
1,-63,-11
1,-63,-12
1,-63,-11
1,-62,-11
2,-62,-11
1,-63,-13
0,-63,-12
1,-64,-13
1,-63,-12
2,-62,-10
1,-61,-11
1,-62,-11
0,-63,-10
-2,-62,-13
1,-62,-13
1,-62,-10
-1,-64,-11
1,-62,-13
1,-62,-13
0,-63,-11
0,-63,-13
2,-62,-11
1,-63,-11
1,-62,-13
1,-62,-12
2,-63,-12
1,-63,-12
1,-63,-12
2,-63,-12
2,-63,-11
2,-63,-12
2,-62,-13
2,-62,-12
1,-62,-13
1,-62,-13
2,-63,-12
2,-62,-12
2,-63,-12
2,-63,-12
2,-62,-12
2,-62,-12
2,-63,-12
1,-63,-12
2,-63,-12
2,-63,-12
2,-63,-11
2,-63,-11
2,-62,-12
1,-63,-14
-1,-63,-14
0,-63,-10
0,-63,-11
0,-61,-11
-1,-62,-10
0,-62,-10
1,-62,-10
2,-62,-11
1,-64,-13
2,-63,-10
2,-64,-11
2,-64,-13
2,-63,-13
-1,-63,-13
2,-61,-13
1,-61,-13
1,-62,-9
5,-64,-6
4,-62,-10
4,-62,-11
5,-63,-6
9,-64,-5
9,-64,-7
8,-68,-1
10,-67,-5
13,-62,-3
14,-68,1
12,-73,2
19,-76,8
11,-100,13
-15,-116,2
-9,-76,-14
71,-10,16
-5,16,5
-73,11,-9
-22,-16,-10
5,-40,6
8,-48,3
17,-55,2
38,-67,1
39,-69,-5
37,-69,-4
37,-70,7
33,-67,2
28,-66,9
22,-73,11
15,-75,8
28,-78,10
22,-75,14
11,-80,7
40,-82,-15
-128,-37,-98
-21,-80,-17
-36,-100,-17
7,-63,13
36,-53,-10
7,-63,2
7,-65,1
5,-63,-8
3,-65,-5
-2,-61,-13
5,-65,0
8,-64,-9
16,-65,1
9,-63,-10
17,-59,-4
13,-85,9
-1,-125,6
-16,-128,12
-6,-44,-24
28,-3,-26
-16,30,-19
-63,51,-16
-40,-22,-4
10,-58,-6
27,-70,3
34,-82,14
27,-87,19
54,-82,8
68,-81,9
71,-67,23
47,-70,30
30,-74,14
73,-73,-3
127,-128,49
-15,-76,-105
-41,-128,-21
-41,-128,62
36,-48,-22
28,-57,-3
4,-65,-5
6,-65,-5
6,-63,-8
4,-62,-10
6,-59,-4
2,-66,-8
2,-68,-8
15,-63,-1
15,-58,-6
23,-62,7
20,-84,7
3,-117,6
-26,-128,3
-18,-103,-3
38,-8,-1
3,10,-25
-27,41,5
-66,-3,-20
-29,-25,-8
19,-61,-13
24,-78,1
17,-86,8
41,-98,15
61,-101,9
59,-88,37
67,-73,31
63,-69,27
39,-71,21
102,-107,2
-128,-51,-111
1,-100,-71
-30,-80,-8
20,-72,8
31,-47,2
8,-67,3
5,-68,-5
6,-64,-5
8,-64,-5
8,-66,-4
11,-55,-4
11,-66,4
14,-63,2
14,-60,1
19,-72,11
0,-120,5
-18,-128,-1
-19,-85,-11
-9,-33,-27
40,10,-10
-60,61,-7
-60,-7,-32
13,-47,-25
25,-65,-7
24,-76,6
16,-84,3
36,-92,7
38,-84,17
40,-81,16
50,-70,20
50,-58,13
41,-67,35
127,-128,-12
-128,-78,-7
-16,-105,-51
4,-74,-14
-12,-124,32
21,-54,1
19,-63,4
6,-66,-7
9,-65,-3
6,-66,-7
4,-65,-8
8,-55,-12
7,-69,2
2,-78,-9
23,-50,1
15,-58,9
18,-70,-4
3,-100,9
-2,-119,9
-22,-128,3
-24,-88,-9
1,1,-38
38,11,-20
-67,70,-1
-24,-25,-23
16,-47,-20
28,-74,1
27,-77,5
37,-111,4
37,-90,13
38,-86,14
52,-79,17
47,-75,24
41,-66,24
36,-73,27
57,-115,13
-128,-54,-68
1,-70,-101
-36,-94,-39
6,-74,28
30,-49,-12
12,-62,5
3,-66,-6
8,-62,-5
5,-62,-11
-1,-63,-10
0,-63,-11
5,-64,-9
15,-60,-3
11,-67,-2
19,-66,2
17,-63,1
6,-99,13
-15,-128,5
-18,-128,4
-11,-30,-31
-1,3,-48
-27,53,20
-61,-10,-33
-16,-25,-22
26,-57,-5
9,-72,17
11,-94,19
38,-121,11
42,-117,27
68,-95,27
67,-74,33
47,-62,29
37,-70,29
127,-128,-19
-128,-56,-128
6,-107,-82
-61,-128,46
-5,-114,20
27,-51,2
12,-69,4
6,-67,-3
8,-64,-2
5,-65,-7
3,-60,-11
11,-54,-8
0,-69,-9
12,-60,-6
19,-56,1
13,-71,-2
14,-69,-6
7,-89,10
-4,-106,2
-12,-124,5
-10,-59,-15
3,-17,-20
24,12,-5
-63,61,12
-27,-26,-27
12,-57,-14
22,-68,0
17,-76,8
32,-84,1
41,-93,14
37,-84,26
34,-75,14
66,-70,26
48,-56,30
16,-66,25
30,-76,0
-124,-48,-22
-63,-117,-47
-6,-95,0
-4,-109,-4
11,-77,-1
12,-64,-3
2,-67,-6
6,-63,-7
2,-64,-10
2,-64,-9
-1,-63,-11
8,-66,1
3,-66,-7
17,-60,4
11,-60,-6
22,-70,5
14,-72,-3
14,-91,6
-10,-128,13
-20,-128,14
-6,-38,-21
15,-6,-28
10,16,-17
-46,43,10
-52,-11,-14
-2,-50,-11
26,-62,-4
26,-79,3
12,-87,13
40,-114,13
61,-106,16
75,-86,32
66,-63,27
45,-67,24
29,-63,-15
127,-128,5
-128,-58,-97
-2,-78,15
-34,-86,3
22,-66,4
17,-59,-2
6,-69,1
9,-64,-4
10,-62,-5
5,-62,-6
2,-62,-9
3,-64,-11
5,-63,-5
4,-64,-6
11,-65,-2
18,-64,-5
17,-70,-3
16,-71,-8
-14,-127,15
-29,-128,12
-33,-91,-10
11,0,-41
22,8,-44
-40,55,9
-44,-21,-9
-11,-41,-13
15,-68,-7
11,-74,-6
-4,-94,6
18,-106,8
34,-124,4
54,-98,22
64,-84,23
76,-73,41
52,-72,30
-2,-77,-40
-128,-45,-85
21,-96,-58
-40,-86,-5
-20,-124,-8
26,-55,-2
27,-56,0
2,-69,-4
9,-62,-7
10,-61,-12
5,-66,-9
5,-67,-5
5,-66,-10
8,-67,-13
9,-70,-11
6,-72,-1
6,-73,1
8,-76,-6
-1,-84,-12
-12,-96,-16
-41,-102,-26
-2,-92,-22
7,-68,-21
9,-40,-20
52,-24,2
-23,-7,2
-7,-16,4
2,-28,-5
2,-36,-6
16,-54,3
6,-70,-3
9,-76,-6
13,-85,-11
11,-87,-9
7,-89,-3
6,-86,-1
12,-82,-4
13,-74,6
18,-72,9
36,-73,17
27,-71,5
-6,-64,-47
40,-93,15
27,-121,-4
6,-61,-11
5,-61,-14
-7,-63,-14
-11,-63,-13
-7,-62,-12
-4,-64,-15
-6,-61,-16
-5,-65,-12
-4,-61,-12
-5,-63,-14
-4,-63,-13
-6,-64,-12
0,-64,-9
5,-65,-8
5,-67,-9
8,-65,-11
16,-63,1
17,-61,-5
11,-70,13
16,-72,4
20,-82,5
-10,-128,5
-26,-88,-17
16,-26,-15
62,-8,-2
3,9,-12
-73,22,-22
-56,-7,-14
-2,-40,-10
24,-66,-5
27,-73,-2
16,-86,15
24,-91,16
42,-102,-2
34,-95,23
45,-88,26
58,-70,17
51,-71,23
17,-75,22
121,-128,34
-128,-44,-50
4,-92,-50
-23,-74,-31
-8,-108,34
15,-56,-5
22,-58,3
1,-66,-6
1,-64,-5
0,-63,-12
-1,-62,-11
3,-62,-8
0,-63,-6
-2,-63,-12
10,-65,-6
7,-60,-11
19,-64,2
15,-67,1
12,-75,-1
-11,-125,12
-32,-128,4
-15,-77,-20
-12,-33,-26
28,7,-13
-63,65,-36
-74,-6,-40
14,-50,-26
41,-70,0
44,-82,13
39,-93,7
46,-103,10
23,-85,21
22,-81,14
37,-70,15
21,-66,9
27,-70,15
13,-76,-5
74,-115,24
-128,-45,-101
20,-75,-93
-34,-70,-28
-42,-95,26
29,-59,-1
18,-59,12
-2,-67,1
11,-63,-4
9,-63,-7
5,-63,-9
1,-60,-13
-1,-62,-14
8,-63,-7
8,-64,-9
14,-64,2
15,-66,2
22,-66,0
-2,-118,-1
-19,-128,3
-16,-104,-2
-15,-55,-18
14,6,-30
-24,35,14
-43,47,-18
-21,-26,-18
7,-47,-18
21,-70,2
-1,-91,17
28,-113,19
49,-115,12
44,-93,18
77,-76,34
70,-62,29
42,-65,24
127,-128,8
-128,-71,-40
23,-96,-47
-2,-60,-2
-37,-128,32
29,-61,-3
30,-44,12
6,-71,3
4,-67,-4
11,-62,-3
0,-64,-13
9,-63,-4
8,-66,-2
9,-65,-3
15,-65,0
11,-65,-5
17,-68,-1
-2,-110,10
-6,-128,12
-17,-107,2
-13,-59,-14
-4,5,-39
-11,21,5
-20,55,3
-43,-19,-15
-10,-43,-14
26,-66,-5
23,-76,3
12,-105,24
50,-119,14
51,-108,14
70,-80,30
77,-67,23
47,-59,24
26,-63,-11
127,-128,-5
-71,-44,-105
0,-102,-16
-64,-128,-24
34,-39,-3
33,-49,0
10,-64,1
7,-67,-1
10,-63,-4
10,-62,-6
6,-64,-5
4,-61,-6
12,-65,-2
10,-60,-4
15,-59,-3
14,-74,6
16,-75,1
-3,-123,6
-17,-114,4
-14,-75,-10
-3,-6,-33
37,-3,-18
-35,50,8
-45,-18,-18
-9,-36,-25
19,-59,0
-7,-76,13
-6,-87,17
32,-114,16
51,-119,14
83,-85,41
90,-63,30
54,-60,37
30,-62,31
127,-128,3
-52,-45,-124
-15,-106,-31
-29,-107,29
-5,-109,-5
31,-59,13
6,-64,2
2,-72,-11
10,-60,-2
11,-59,-1
8,-60,-7
4,-64,-6
12,-65,-6
17,-54,15
8,-67,-2
14,-87,-12
11,-103,8
-24,-123,0
-16,-63,-14
-9,-25,-26
41,1,-5
-6,16,2
-48,-6,-30
-25,-24,-25
27,-68,-4
14,-75,17
8,-80,12
35,-102,9
31,-100,13
41,-96,25
70,-68,20
61,-56,25
40,-68,30
22,-61,-11
-128,-43,-41
-107,-37,-111
-5,-82,-16
-10,-113,6
33,-59,2
18,-62,11
3,-71,0
12,-62,-6
9,-61,-4
7,-62,-6
6,-56,-9
1,-58,-9
6,-68,-4
13,-62,-4
11,-67,0
19,-64,-6
19,-70,-3
9,-102,-1
-7,-126,11
-27,-123,11
-16,-22,-28
9,5,-28
-10,43,-1
-47,52,-11
-27,-28,-14
24,-69,-1
35,-78,11
36,-109,14
48,-118,16
36,-96,19
39,-88,15
49,-69,20
37,-54,22
34,-55,25
23,-60,-1
-128,-30,-20
-105,-35,-124
-9,-77,6
-46,-128,29
30,-50,2
45,-44,26
-2,-72,-11
8,-74,-10
11,-61,-4
10,-59,-5
8,-60,-8
8,-51,-8
0,-62,-11
12,-69,-5
13,-71,-4
15,-69,-3
17,-73,-1
9,-87,1
-13,-128,6
-14,-116,-1
-6,-52,-10
4,-1,-32
41,13,6
-63,65,16
-71,9,-37
7,-45,-24
16,-73,5
0,-78,19
8,-106,32
33,-115,25
53,-115,33
68,-82,27
84,-62,30
48,-56,30
28,-61,28
107,-103,-10
-105,-118,-52
-9,-73,-43
-42,-128,8
-25,-128,12
48,-34,-1
26,-45,24
10,-75,-8
16,-62,2
14,-59,4
16,-58,6
14,-61,3
14,-60,1
14,-62,3
19,-68,8
17,-82,8
8,-98,9
-15,-128,4
-28,-128,-3
-6,-68,-10
0,-11,-44
-18,-1,-43
-40,21,-26
-42,-16,-27
0,-46,-19
-1,-58,-15
1,-92,-3
21,-124,14
31,-128,10
54,-128,16
56,-124,25
55,-104,33
50,-83,39
33,-79,35
-46,-48,-42
-128,-52,-82
30,-105,1
-11,-65,2
-4,-60,-20
-5,-59,-18
-8,-65,-12
-5,-63,-17
-3,-63,-17
-4,-62,-17
-4,-59,-18
-4,-58,-16
-6,-61,-13
-6,-62,-13
-2,-63,-13
-1,-63,-14
-2,-62,-14
-3,-63,-14
-1,-65,-12
-2,-65,-13
0,-67,-12
-3,-66,-17
1,-71,-15
-3,-70,-13
-6,-80,-29
2,-76,-28
7,-56,-25
7,-48,-26
-7,-45,-21
-17,-45,-19
-8,-55,-17
-6,-58,-18
-6,-58,-19
-9,-64,-16
-27,-80,13
-75,-71,32
-86,-71,50
-40,-78,55
-13,-72,-101
19,-63,-16
-1,-55,-16
-3,-69,-7
6,-62,-16
-5,-54,-24
-9,-57,-20
-3,-68,-14
0,-65,-19
-4,-64,-16
-4,-61,-14
-3,-60,-15
-7,-60,-16
-8,-61,-16
-9,-62,-16
-7,-63,-16
-6,-63,-15
-6,-62,-14
-9,-62,-15
-9,-62,-15
-6,-64,-12
-4,-65,-8
-2,-71,1
-10,-69,-8
5,-60,-28
-10,-64,-10
-10,-60,-12
-12,-56,-8
5,-60,1
1,-55,-6
-10,-46,-11
-15,-53,-9
1,-87,43
-6,-63,-3
4,-70,-11
12,-68,-8
-10,-63,0
-12,-62,-3
0,-65,-5
-6,-64,-8
-11,-63,-6
-24,-60,-3
37,-81,-4
-2,-59,-2
-8,-63,-5
-8,-63,-2
2,-67,-3
-3,-64,-4
-5,-63,-4
-4,-64,-4
-4,-63,-4
-5,-64,-5
-4,-64,-4
-6,-64,-4
-3,-64,-3
-4,-64,-2
-5,-66,-5
-6,-66,-4
-4,-68,-5
-2,-70,-7
-9,-75,4
-6,-70,2
-2,-67,-2
11,-60,-3
13,-58,-5
-2,-53,-5
-18,-50,-5
-15,-52,-8
-12,-55,-5
-12,-62,-5
-10,-63,-6
-10,-64,-7
-10,-66,-7
-11,-70,-3
-15,-69,-5
-15,-67,-7
-18,-66,-7
-21,-67,-8
-23,-61,-9
-23,-61,-10
-19,-63,-7
-9,-62,-5
-6,-60,-7
-5,-61,-3
2,-62,-2
18,-62,-1
21,-63,-9
-46,-65,-23
45,-114,-16
-13,-53,-9
-6,-59,-8
-8,-59,-11
-18,-62,-16
-15,-59,-28
-2,-75,-13
-4,-64,-5
2,-63,-7
-1,-63,-10
-2,-64,-5
-2,-61,-11
2,-60,-18
-7,-62,-12
-4,-64,-6
2,-64,-2
-1,-61,-11
2,-63,-9
2,-62,-3
3,-64,-2
8,-68,3
13,-73,-4
13,-85,-11
0,-112,-28
-31,-128,-15
-94,-128,-43
7,-128,-37
108,-128,-4
32,-128,12
24,-84,4
-38,92,-11
-48,96,-41
-54,94,-48
-7,56,22
28,29,66
113,-10,89
122,-35,114
47,-23,107
-128,-128,-128
-3,-128,39
28,-58,-30
22,-77,18
9,-128,1
-94,-128,-2
-128,-57,-35
122,-91,-35
127,-128,-4
17,-128,-54
-117,-23,-64
-98,50,-75
-106,127,-104
-76,127,-88
-11,62,-5
57,-6,34
127,-60,109
-128,-10,101
32,-128,-84
7,-70,59
30,-88,-7
13,-93,-1
-34,-128,2
-87,-128,-25
34,-127,-24
97,-79,-14
63,-128,4
15,-128,-31
-22,-118,-48
-77,34,-56
-95,68,-56
-52,90,-63
-44,72,-45
29,-7,28
122,-49,62
127,-70,54
-128,-73,57
-26,-128,-62
-2,-68,25
11,-71,11
25,-87,25
-12,-128,3
-114,-103,-44
-128,-30,-56
113,-128,-29
108,-128,9
7,-128,-30
-29,-128,-54
-39,1,-39
-62,29,-54
-49,73,-54
-32,63,-53
-19,50,-33
62,-31,52
103,-44,71
127,-62,33
49,-128,122
32,-128,23
17,-62,16
9,-82,1
30,-110,18
-9,-128,9
-100,-127,-27
87,-126,-35
114,-57,-16
75,-128,-5
27,-128,-9
-41,-128,-46
-60,-17,-31
-88,60,-56
-74,88,-55
-47,73,-54
16,9,2
64,-36,36
127,-53,93
127,-128,104
-128,-58,-63
64,-22,21
6,-36,1
27,-77,24
28,-78,13
11,-128,-1
-82,-128,-18
-128,-41,-38
110,-74,-44
116,-128,4
55,-128,0
-42,-128,-40
-51,-30,-35
-69,61,-56
-89,85,-69
-51,76,-63
2,23,13
34,-23,49
106,-40,82
127,-72,48
-128,-115,-12
45,-27,20
-5,-84,9
20,-75,18
31,-87,16
-26,-128,9
-67,-128,-10
-128,-36,-38
127,-79,-1
119,-128,11
20,-128,-33
-20,-128,-62
-59,2,-55
-60,30,-60
-71,82,-55
-42,71,-49
-18,46,-17
61,-33,45
101,-45,77
127,-128,87
47,-128,-57
12,-64,20
26,-65,5
21,-81,10
25,-94,12
9,-128,17
-74,-128,-20
-49,-80,-25
115,-76,-49
108,-119,9
74,-128,-3
-7,-128,-44
-41,-39,-25
-29,-5,-39
-60,56,-41
-55,65,-45
-19,41,-43
-3,32,-23
27,-18,49
78,-37,78
102,-41,60
-128,-128,104
-54,-91,-85
7,-65,12
21,-58,9
17,-72,11
27,-73,8
35,-83,10
-4,-128,4
-106,-94,-14
-128,-24,-22
127,-31,5
123,-101,30
30,-128,-13
-26,-128,-51
-76,-69,-66
-94,1,-62
-107,16,-54
-79,22,-34
-67,6,-34
-10,-34,-22
29,-118,34
83,-128,67
127,-128,82
127,-128,70
-125,-112,-42
-5,-64,11
40,-74,6
3,-64,-1
4,-68,4
9,-69,-6
6,-67,-6
4,-70,-12
4,-72,-12
-4,-74,-11
-6,-78,-14
-5,-82,-17
-21,-95,-19
-56,-105,-21
-82,-111,-52
14,-128,-18
8,-128,-41
69,-125,-11
48,-113,-6
29,-8,-13
-4,50,-18
7,31,-17
35,26,-16
34,22,-1
61,-15,74
121,-28,90
127,-43,84
127,-128,-63
-128,-128,74
12,-37,34
17,-88,8
23,-81,5
31,-75,6
23,-96,-2
-57,-128,-9
-128,-19,-51
61,-128,-26
114,-128,13
65,-128,2
-14,-128,-58
-56,-77,-49
-71,52,-70
-93,88,-69
-48,87,-70
-5,42,11
23,-9,48
110,-37,82
113,-46,99
-128,-86,29
111,7,40
-1,-54,1
25,-65,9
18,-88,15
9,-128,0
-55,-128,-12
-128,-29,-46
101,-68,-36
116,-128,-1
57,-128,-3
6,-128,-50
-81,-24,-39
-76,67,-54
-80,86,-62
-40,79,-58
-29,64,-32
16,-16,60
74,-37,78
127,-53,64
-128,-128,44
20,-51,-81
-14,-84,-4
25,-60,-4
19,-77,14
35,-94,3
13,-128,-10
-93,-128,-22
-128,-28,-49
87,-68,-36
70,-128,10
42,-128,-6
-30,-128,-47
-64,-13,-30
-51,45,-44
-45,69,-43
-24,62,-47
0,36,-7
7,1,33
81,-29,78
95,-19,66
80,-128,62
104,-28,-33
25,-29,51
26,-57,14
19,-72,6
31,-97,1
-5,-128,-1
-95,-127,-17
58,-108,-33
96,-33,-36
68,-128,4
39,-128,1
-14,-128,-42
-34,-14,-27
-25,4,-46
-60,66,-50
-38,74,-43
-17,40,-40
-7,30,-21
35,-30,53
95,-44,83
127,-99,35
-128,-128,22
109,-41,15
5,-63,12
20,-61,6
23,-74,17
32,-88,12
29,-98,-6
-68,-128,-20
-89,-111,-41
60,-95,-21
88,-128,1
73,-128,4
13,-128,-34
-17,-128,-36
-28,-7,-38
-56,63,-46
-65,71,-47
-29,46,-48
-14,34,-27
29,-23,62
83,-25,92
127,-40,37
-128,-19,20
-5,-56,-9
55,-14,22
8,-68,4
21,-74,6
29,-91,7
27,-128,2
-58,-128,-9
-118,-69,-25
86,-111,-32
122,-123,12
91,-128,4
4,-128,-47
-32,-128,-45
-44,-4,-44
-51,34,-47
-53,70,-49
-23,51,-46
-6,42,-22
29,-24,50
74,-28,75
127,-79,34
-128,-128,-5
-76,-128,-50
-3,-50,8
6,-77,3
13,-79,18
23,-70,10
21,-123,0
-59,-128,-11
-109,-76,-21
92,-107,-23
91,-41,-22
64,-128,-4
4,-128,-42
-32,-128,-47
-21,-22,-29
-22,1,-43
-41,62,-34
-36,45,-33
-16,36,-29
-10,18,17
-2,-9,52
67,-25,58
127,-128,26
-128,-128,-2
82,-45,23
1,-69,-3
23,-63,5
10,-70,3
21,-72,14
31,-94,-3
9,-128,-10
-72,-128,-11
-128,-50,-20
79,-83,-39
75,-128,3
62,-128,-1
9,-128,-36
-24,-128,-37
-10,-10,-41
-42,33,-45
-46,61,-42
-20,47,-38
-14,41,-19
13,-3,57
42,-20,85
127,-128,47
-66,-128,127
61,5,-7
5,-88,-4
9,-59,4
8,-68,3
18,-56,-4
17,-68,3
23,-80,-4
20,-105,-7
-22,-128,3
-90,-55,-11
-85,-46,-10
72,-91,3
70,-30,-1
55,-111,2
19,-128,-12
-2,-110,-41
1,-95,-30
-17,-26,-16
-34,12,-17
-42,15,-18
-25,10,-23
-17,5,-22
8,-20,-35
22,-56,-20
18,-83,-8
19,-128,39
1,-128,75
-128,-68,97
-31,-78,15
3,-97,-20
4,-45,-23
-1,-61,-12
4,-62,-17
0,-66,-20
1,-61,-16
2,-64,-18
4,-63,-18
2,-61,-15
2,-61,-17
-3,-58,-19
-3,-61,-19
-4,-62,-18
-7,-61,-17
-8,-61,-17
-9,-65,-17
-5,-67,-16
-9,-69,-12
-1,-65,-8
0,-56,-27
-1,-63,-17
7,-63,-10
0,-67,10
-4,-65,14
-16,-62,4
-14,-68,2
-11,-68,1
-5,-67,-8
-4,-65,-11
-3,-62,-13
-8,-59,-17
-9,-59,-19
-9,-60,-20
-9,-60,-23
-4,-56,-23
-5,-54,-24
-3,-54,-23
-2,-56,-21
-1,-55,-19
-7,-57,-15
9,-69,-13
-26,-63,4
-31,-81,-39
-9,-84,2
-8,-55,-21
-19,-57,-25
-8,-61,-14
-7,-64,-13
-9,-63,-16
-7,-63,-16
-7,-62,-16
-10,-62,-16
-10,-61,-13
-7,-62,-11
-7,-62,-13
-7,-62,-13
-7,-63,-14
-6,-63,-15
-6,-63,-13
-5,-63,-14
-5,-62,-14
-6,-64,-13
-5,-63,-12
-5,-65,-13
-4,-65,-13
-6,-65,-12
-6,-64,-10
-5,-67,-9
0,-69,-8
-1,-74,-6
-11,-83,2
-13,-78,-9
7,-64,-1
29,-53,-5
20,-44,-5
-10,-34,-3
-6,-39,-6
-2,-44,-4
5,-57,4
8,-62,4
11,-70,3
12,-75,8
16,-76,13
12,-73,15
6,-78,21
-19,-63,-14
-8,-67,-16
12,-65,-8
-5,-63,-5
-9,-64,-7
-3,-64,-12
-4,-62,-13
-6,-63,-11
-6,-63,-9
-5,-63,-12
-4,-62,-12
-5,-62,-12
-6,-62,-14
-7,-62,-15
-4,-61,-15
-5,-62,-15
-4,-62,-14
-3,-63,-15
-2,-64,-13
-2,-63,-12
-2,-63,-14
-3,-62,-16
-4,-62,-15
-4,-62,-15
-3,-62,-15
-3,-63,-15
-2,-63,-16
-3,-63,-14
-3,-62,-14
-3,-62,-14
-4,-62,-15
-3,-63,-14
-2,-62,-14
-3,-62,-14
-2,-62,-13
-2,-62,-13
-3,-62,-13
-2,-62,-13
-2,-63,-12
-2,-63,-14
-4,-62,-15
1,-64,-10
1,-62,-10
0,-63,-9
0,-63,-10
0,-63,-11
-2,-63,-12
-2,-64,-11
2,-63,-8
0,-63,-11
1,-63,-9
2,-63,-7
3,-63,-7
2,-61,-7
1,-60,-9
3,-61,-9
4,-64,-8
4,-65,-10
-2,-64,-13
3,-62,-9
8,-65,-6
5,-63,-7
2,-63,-10
2,-63,-10
2,-63,-10
5,-63,-7
3,-62,-9
8,-63,-7
9,-64,-4
13,-66,0
11,-68,-4
7,-80,-22
-3,-99,-26
-25,-128,-20
-61,-128,-60
-64,-6,-47
-18,55,-5
-120,59,-65
-79,40,-33
3,-19,-10
80,-78,27
98,-116,42
109,-128,59
89,-128,61
84,-106,43
72,-94,33
-2,-49,-52
-128,-128,-128
-61,-2,127
69,-60,33
8,-83,12
6,-62,4
13,-75,-4
7,-77,0
-10,-128,-9
-50,-128,-7
-113,-112,-60
-29,16,-36
-119,79,-29
-119,79,-31
-80,45,-12
23,-22,16
69,-77,36
127,-128,53
127,-128,65
126,-106,53
-128,-15,-40
-109,-14,-128
-85,-128,86
49,-64,-5
26,-81,16
15,-103,-18
-30,-128,-12
-95,-128,-48
-87,-49,-61
-53,66,-4
-124,28,-58
-46,17,-28
46,-38,10
91,-111,44
127,-128,40
113,-128,68
95,-115,54
127,-74,70
49,-128,-13
18,-125,-128
-21,-100,47
50,-1,-11
22,-62,9
20,-72,1
7,-120,-25
-30,-128,10
-116,-128,-79
-7,15,-54
-88,82,-19
-113,47,-43
-71,34,-29
0,-17,-1
76,-102,50
127,-128,53
127,-128,54
127,-128,72
127,-128,73
-128,5,-101
-1,-128,-27
32,-70,24
46,-15,1
17,-79,9
-16,-128,-39
-28,-128,-18
-70,-94,-45
-50,-23,-22
-31,40,-40
-110,83,-43
-61,14,-32
-37,-23,-32
38,-56,16
49,-128,48
110,-128,27
127,-117,71
109,-97,59
84,-50,58
-128,-7,-84
17,-41,-128
-59,-67,88
67,28,-12
26,-75,9
15,-62,-11
10,-119,-23
-67,-128,-22
-64,-21,-66
-17,53,-60
-34,58,-7
-128,38,-53
-29,-22,-37
28,-46,-15
61,-90,42
93,-128,44
127,-128,33
127,-120,71
103,-74,34
-128,-37,-67
-34,-88,-128
-1,-65,67
-51,-128,45
30,-38,-4
20,-84,-8
-5,-128,-22
-66,-128,-39
-86,-104,-64
-1,59,-16
-112,56,-47
-115,25,-31
-31,-22,-23
32,-44,4
55,-93,55
90,-128,48
127,-128,61
110,-91,56
123,-84,62
-128,-27,-99
35,-45,-128
-60,-128,54
44,-78,17
23,-72,10
18,-92,-38
-6,-128,-7
-45,-128,-30
-63,-116,-37
-5,44,-31
-127,91,-35
-125,27,-46
-30,-23,-40
24,-40,-18
63,-112,30
127,-128,27
127,-128,40
123,-100,59
60,-83,40
-13,-84,-3
-128,-56,-51
16,-68,-88
-18,-128,26
47,-1,-7
15,-79,8
21,-101,-29
-22,-128,8
-77,-128,-32
-109,-106,-74
-32,59,-53
-62,67,4
-123,31,-45
-37,-29,-33
-9,-72,-34
50,-116,16
91,-128,11
116,-128,45
127,-128,78
75,-41,77
-103,-128,30
-83,-51,-128
-82,-128,73
15,-105,28
28,-78,30
20,-76,-1
15,-80,1
-3,-114,-17
-8,-93,-16
-28,-84,-16
-39,-83,-17
-36,-71,-16
7,-78,-36
-16,-76,-58
36,-84,-37
-2,-78,-37
-42,-1,-8
-8,-4,-18
-21,-17,-15
-3,-51,-11
11,-69,-1
32,-113,22
62,-128,24
127,-128,41
127,-98,43
127,-70,36
-128,-99,-41
127,-128,53
47,-83,0
9,-69,11
6,-66,2
-3,-65,-10
4,-71,-17
2,-80,-6
-5,-98,-29
-67,-128,-28
-45,-22,-32
-45,27,-54
-105,48,-64
-72,14,-51
-10,-16,9
44,-69,31
65,-96,38
112,-128,26
110,-128,58
92,-118,50
114,-93,31
6,-96,-18
-32,-59,-128
-101,-128,76
44,-13,25
25,-94,6
5,-75,2
10,-83,-8
8,-101,-23
-65,-128,-12
-105,-128,-49
-31,41,-59
-83,72,-23
-90,29,-63
-16,3,-21
-7,-12,-16
43,-71,13
102,-128,23
127,-128,20
126,-128,61
108,-95,49
55,-76,30
28,-106,1
14,-82,-128
-70,-128,87
30,-50,14
36,-82,32
-1,-80,-13
15,-87,-30
-11,-128,-1
-45,-128,-28
-47,-4,-34
-3,36,-29
-106,77,-35
-98,18,-42
-12,-23,-24
46,-71,18
43,-88,40
112,-128,28
106,-128,62
110,-112,50
91,-57,36
88,-128,44
-72,-79,-128
47,-85,-74
-94,-128,83
13,-101,-16
26,-73,32
20,-72,-14
13,-84,-10
-12,-128,0
-39,-128,-13
-67,-91,-52
8,35,-23
-41,64,-33
-89,27,-39
-51,11,-27
29,-36,-18
53,-72,32
65,-115,40
124,-128,20
116,-112,54
103,-88,38
101,-95,49
-128,-40,-40
41,-95,-88
-26,-128,43
43,-8,-24
45,-52,33
12,-77,-15
17,-84,-20
-21,-128,-1
-54,-128,-30
-58,-83,-43
1,28,-19
-25,48,-26
-95,28,-50
-13,-20,-32
7,-43,-20
54,-90,20
50,-123,30
113,-128,23
116,-128,57
107,-98,43
9,-67,11
70,-108,36
-14,-50,-114
36,-79,-80
-52,-128,23
53,-53,13
23,-82,33
18,-93,-32
-22,-128,-2
-50,-128,-37
-63,1,-25
-13,50,-23
-109,75,-41
-91,20,-43
-30,-23,-24
16,-43,-11
28,-89,15
120,-128,18
127,-128,63
127,-101,53
81,-64,50
61,-123,1
-46,-65,-128
30,-107,-74
-31,-128,33
32,-36,-3
6,-95,8
14,-75,-23
8,-107,-27
-55,-128,-19
-65,-128,-50
-26,32,-31
-116,91,-5
-111,31,-63
-17,-22,-29
8,-55,-3
49,-86,39
70,-128,34
127,-128,40
127,-127,71
82,-62,44
85,-128,6
-128,-47,-93
45,-90,-41
-16,-70,60
38,-66,-35
30,-75,25
20,-92,-2
-40,-128,-23
-60,-128,-41
-69,-6,-35
3,55,-18
-65,62,-13
-71,11,-32
14,-31,-25
38,-55,7
61,-70,20
75,-126,30
110,-128,40
90,-128,57
59,-78,35
62,-51,34
-128,-35,-33
1,-128,-79
-16,-77,-8
20,-78,-17
58,-15,-13
12,-51,34
20,-73,-10
25,-58,-1
13,-72,10
9,-92,11
-1,-125,6
-17,-128,3
-41,-108,-43
-39,5,-80
12,15,-12
-78,1,-47
-43,-25,-26
11,-56,-27
9,-79,-28
9,-120,-4
25,-128,38
48,-128,39
69,-111,53
69,-99,44
66,-77,41
-128,-98,-44
44,-96,42
-9,-51,-1
1,-61,-19
-4,-59,-18
-5,-61,-14
-6,-65,-19
-4,-65,-19
-7,-63,-17
-2,-62,-16
-1,-60,-16
-2,-60,-13
-1,-64,-13
-1,-64,-13
-3,-63,-12
-2,-64,-12
1,-68,-4
-2,-67,-16
1,-71,-23
-2,-79,-2
-7,-79,5
-15,-76,-8
-10,-76,-16
-6,-73,-20
28,-64,-3
30,-58,-6
-13,-36,-10
-15,-28,-2
-10,-28,-10
-12,-36,-11
-7,-44,-3
0,-66,6
8,-77,7
27,-92,13
37,-93,21
50,-87,17
36,-96,43
-52,-57,-22
39,-84,2
1,-66,-12
-18,-62,-8
-5,-59,-15
-2,-61,-15
-8,-62,-13
-2,-64,-11
-1,-67,-12
-3,-66,-14
-6,-63,-15
-6,-61,-15
-6,-62,-14
-6,-63,-12
-7,-65,-12
-4,-65,-12
-4,-62,-11
-6,-62,-12
-6,-60,-13
-4,-62,-9
-3,-62,-7
-5,-62,-9
-6,-62,-11
-4,-63,-7
-3,-63,-6
-4,-64,-8
-5,-63,-10
-5,-62,-8
-6,-64,-7
-5,-64,-8
-3,-64,-7
-4,-63,-6
-5,-64,-5
-5,-64,-6
-5,-64,-6
-3,-66,-5
-3,-66,-5
-5,-68,-7
-6,-70,-9
-11,-75,-5
-4,-70,-7
2,-70,-8
14,-66,-5
-6,-58,-5
-15,-50,-12
-13,-48,-10
-12,-49,-9
-10,-54,-10
-10,-57,-12
-8,-62,-10
-8,-66,-9
-6,-72,-8
-1,-74,-6
-1,-73,-5
6,-67,-7
13,-66,-10
10,-66,0
8,-64,3
8,-63,1
5,-67,6
-54,-62,-23
11,-87,6
-13,-59,-8
1,-57,-15
-6,-60,-11
-5,-62,-12
-9,-62,-9
-9,-60,-11
-8,-63,-14
-12,-63,-15
-6,-64,-14
-4,-64,-13
-4,-64,-12
-3,-63,-11
-4,-63,-11
-2,-64,-9
-3,-63,-11
1,-63,-7
3,-68,-8
3,-69,-8
-1,-76,-9
-2,-81,-8
-1,-82,-8
-5,-85,-14
-20,-83,-29
-40,-85,-38
10,-87,-15
22,-99,-21
2,-59,-18
23,-53,-17
-34,-24,-11
-29,-18,-14
-9,-27,-18
-17,-39,-16
-14,-50,-12
-6,-74,-13
-3,-91,-15
24,-116,-11
51,-128,12
82,-128,39
98,-98,57
97,-92,51
-128,-64,-73
-27,-74,25
-13,-68,-4
19,-62,-15
-1,-64,-15
-11,-62,-12
-13,-61,-10
-5,-63,-16
-3,-64,-17
-6,-61,-13
-5,-63,-14
-4,-62,-16
-3,-64,-15
-4,-64,-13
-3,-66,-13
0,-66,-14
3,-70,-15
-5,-78,-9
-5,-82,-5
-3,-88,-11
-16,-94,-23
-34,-98,-36
-56,-90,-38
0,-97,-15
8,-87,-32
32,-36,-29
-10,-37,-34
-29,-3,-15
-16,-11,-18
-17,-30,-23
-15,-41,-19
-8,-69,-17
6,-116,-12
22,-128,-19
65,-128,7
82,-128,76
122,-99,74
10,-108,10
-128,-38,-82
69,-128,17
-15,-60,-4
10,-60,-24
11,-65,-19
-11,-63,-9
-11,-64,-14
-2,-63,-20
-4,-63,-16
-9,-63,-10
0,-64,-12
-1,-62,-17
-1,-63,-14
3,-67,-18
2,-70,-21
-5,-77,-13
-3,-85,-9
0,-91,-17
-20,-108,-34
-48,-101,-40
-33,-89,-38
15,-96,-22
7,-71,-29
-30,-34,-26
-55,-8,-12
-17,-13,-16
-19,-20,-18
-13,-43,-15
-7,-75,-10
-5,-97,-9
22,-127,-7
29,-128,-3
84,-128,76
107,-121,81
97,-104,51
-38,-58,18
77,-128,-11
1,-53,-6
18,-60,-9
-1,-63,-12
-9,-61,-14
-6,-63,-17
-1,-61,-19
-7,-62,-14
-4,-60,-15
-2,-62,-18
-2,-64,-16
3,-67,-15
6,-68,-14
3,-73,-13
-2,-80,-7
-2,-87,-9
-4,-102,-23
-26,-116,-34
-66,-110,-45
-22,-93,-40
4,-92,-26
23,-59,-35
-41,-36,-22
-19,-7,-12
-16,-11,-16
-22,-28,-17
-18,-55,-13
-17,-71,-8
-23,-127,-4
17,-128,-1
80,-128,20
112,-128,74
127,-106,76
-128,-37,-92
75,-120,47
-11,-50,-7
17,-43,-8
7,-70,-5
5,-66,-5
-12,-63,-10
5,-63,-14
5,-63,-14
-8,-62,-14
-4,-62,-17
-2,-62,-19
0,-66,-12
6,-71,-9
-1,-78,-4
-4,-85,-4
-4,-94,-10
-8,-102,-21
-55,-125,-48
-28,-88,-44
25,-103,-5
17,-58,-33
41,-23,-20
-37,-11,-6
-8,-10,-15
-10,-16,-22
-13,-38,-19
-8,-51,-15
-6,-85,-12
16,-128,-20
40,-128,-31
96,-128,33
108,-128,89
110,-100,64
36,-115,22
14,-80,41
-34,-40,-26
37,-62,-16
10,-73,-7
-2,-69,2
-13,-62,-8
7,-63,-18
-1,-60,-16
-3,-63,-10
2,-63,-16
0,-63,-16
-2,-60,-16
6,-69,-14
0,-78,-7
-2,-85,-7
-5,-92,-12
-21,-118,-31
-45,-126,-43
-44,-91,-49
9,-91,-14
15,-68,-36
46,-31,-20
-48,-6,-8
-37,1,-7
-12,-14,-21
-8,-38,-16
-7,-47,-15
-3,-79,-14
-7,-101,-16
33,-128,-16
81,-128,24
98,-128,72
98,-109,67
-128,-89,-52
69,-128,14
-13,-65,-25
18,-64,-3
-4,-65,-9
-6,-60,-12
-1,-64,-15
0,-63,-16
-4,-61,-13
-2,-62,-17
-3,-61,-18
-1,-64,-13
-1,-65,-13
5,-69,-16
6,-71,-17
-4,-81,-7
-6,-89,-9
-4,-92,-18
-32,-118,-46
-50,-117,-49
-13,-84,-40
10,-84,-34
39,-50,-34
-48,-14,-14
-42,-1,-11
-16,-16,-20
-15,-38,-16
-13,-47,-15
-11,-78,-7
-15,-100,-9
24,-128,-5
46,-128,-8
117,-128,74
126,-107,72
9,-107,-4
76,-112,44
25,-117,-25
16,-60,-1
4,-66,-13
-4,-60,-13
-11,-61,-12
-6,-62,-13
0,-63,-15
-5,-61,-14
0,-65,-11
-2,-64,-16
1,-64,-17
7,-70,-11
4,-74,-7
-4,-82,-7
-4,-87,-9
-4,-95,-20
-42,-119,-49
-51,-108,-46
6,-88,-16
-5,-85,-25
40,-40,-10
-51,-15,-9
-36,-8,-11
-12,-25,-17
-13,-43,-16
-13,-55,-11
-10,-84,-6
-5,-105,-9
24,-128,-10
47,-128,6
87,-128,74
110,-100,70
47,-106,21
-1,-74,29
56,-128,-2
11,-58,-9
12,-60,-13
2,-64,-9
-10,-61,-10
-5,-66,-10
0,-62,-16
-1,-61,-18
-4,-63,-13
-2,-64,-13
-3,-63,-14
2,-67,-11
5,-69,-13
7,-72,-15
3,-77,-13
-6,-89,-5
-9,-105,-19
-26,-118,-40
-70,-112,-49
-31,-86,-42
5,-90,-26
39,-33,-16
-3,-39,-27
-38,1,-14
-11,-12,-17
-16,-27,-23
-14,-39,-19
-8,-69,-12
8,-114,-9
25,-128,-15
60,-128,12
68,-128,61
126,-99,70
-60,-87,-18
-128,-38,-23
4,-101,-29
7,-55,-4
14,-65,-12
-1,-63,-9
-7,-66,-3
2,-66,-12
3,-62,-15
-4,-61,-13
-9,-60,-11
0,-64,-10
-2,-64,-13
0,-64,-15
5,-69,-17
4,-72,-21
-1,-83,-7
-3,-91,-13
-4,-99,-19
-32,-109,-40
-49,-108,-40
-6,-83,-26
-1,-97,-12
25,-45,-22
-38,-24,-15
-38,-6,-12
-15,-18,-21
-20,-27,-17
-16,-50,-9
-17,-79,-6
-16,-105,-7
17,-128,-7
41,-128,6
97,-128,78
102,-101,71
35,-97,-1
27,-71,33
75,-128,-18
2,-50,-1
7,-64,-13
5,-65,-11
-10,-61,-14
-12,-62,-14
-5,-58,-23
-1,-61,-22
-8,-64,-10
-1,-64,-16
-1,-62,-16
3,-67,-12
4,-69,-14
-1,-75,-9
-3,-79,-9
-2,-88,-12
-13,-105,-23
-37,-113,-43
-61,-103,-46
7,-93,-12
1,-78,-32
30,-35,-18
-26,-30,-26
-25,-5,-12
-10,-15,-18
-16,-34,-17
-13,-46,-13
-9,-80,-6
18,-119,-3
28,-128,-12
67,-128,40
83,-128,78
112,-97,60
-128,-61,-56
14,-74,21
-11,-73,-4
12,-47,-10
2,-71,-5
1,-69,-4
-7,-64,-12
0,-64,-14
-5,-60,-15
-6,-62,-13
-2,-63,-12
-5,-61,-18
1,-65,-14
3,-67,-11
6,-72,-14
0,-78,-8
-5,-88,-8
-4,-93,-13
-31,-120,-34
-69,-108,-51
-15,-80,-38
-4,-81,-28
7,-47,-41
7,-41,-24
-40,1,-14
-10,-16,-15
-21,-31,-25
-14,-43,-21
-13,-73,-15
-12,-94,-13
29,-128,-11
64,-128,-3
72,-128,47
118,-106,71
91,-101,62
-128,-51,-63
62,-128,1
-9,-66,-10
8,-60,-13
5,-71,-12
-7,-63,-9
-10,-64,-11
-2,-64,-14
-5,-61,-17
-9,-60,-16
-4,-62,-17
-4,-62,-18
-6,-62,-16
3,-68,-12
3,-69,-15
-2,-80,-9
-3,-84,-7
-4,-94,-12
-31,-118,-41
-53,-114,-49
-18,-87,-34
13,-98,-3
0,-59,-41
32,-36,-17
-29,-20,-13
-20,-6,-15
-12,-16,-19
-15,-38,-21
-8,-70,-18
-10,-93,-16
26,-128,-12
52,-128,-18
81,-128,60
120,-126,78
85,-114,47
-128,-73,-55
90,-128,14
7,-52,-6
16,-57,-15
2,-65,-7
-6,-63,-9
-7,-66,-9
-1,-63,-14
-3,-61,-16
-6,-60,-13
-5,-64,-12
2,-66,-12
-1,-66,-14
1,-69,-17
3,-76,-14
-7,-86,-5
-4,-92,-10
-4,-98,-19
-42,-117,-43
-43,-94,-42
9,-92,-23
-8,-69,-39
31,-41,-32
-32,-20,-15
-22,-6,-13
-10,-13,-17
-10,-35,-20
-7,-46,-16
-7,-82,-11
-3,-107,-12
31,-128,-21
66,-128,19
89,-128,62
98,-99,59
-128,-68,-46
48,-92,41
-4,-60,-19
17,-57,-11
3,-71,-4
-3,-65,-6
-9,-62,-12
-5,-64,-13
-4,-60,-15
0,-65,-9
1,-63,-12
-3,-63,-15
-1,-65,-17
4,-66,-13
2,-73,-10
-2,-80,-6
-4,-86,-6
-2,-91,-12
-22,-112,-43
-40,-103,-42
-19,-80,-40
5,-90,-30
12,-54,-34
-18,-37,-19
-46,-10,-10
-9,-14,-18
-10,-28,-20
-6,-42,-17
-2,-69,-14
-2,-86,-16
14,-119,-21
58,-128,-5
78,-128,43
114,-103,74
99,-98,72
-128,-49,-96
41,-126,-6
-10,-58,-8
11,-65,-9
10,-69,-13
-9,-62,-13
-12,-61,-13
1,-63,-13
-3,-62,-14
-1,-63,-14
-35,-54,-21
30,-66,-19
0,-63,-15
4,-66,-13
3,-72,-11
-3,-82,-8
-2,-86,-13
-6,-97,-18
-26,-111,-28
-69,-113,-45
20,-99,-14
0,-89,-29
33,-37,-31
-19,-20,-19
-42,2,-9
-28,2,-12
-16,-23,-21
-12,-51,-20
-6,-71,-17
0,-117,-9
35,-128,-11
66,-128,9
93,-126,78
116,-99,75
-128,-81,-47
-72,-60,8
-7,-89,-12
21,-60,-12
2,-70,-11
-7,-62,-8
-9,-62,-12
-1,-65,-13
-1,-63,-16
-7,-61,-11
1,-64,-9
3,-64,-14
0,-67,-13
2,-66,-13
4,-69,-17
-1,-80,-9
-4,-82,-3
-7,-103,-15
-21,-119,-35
-57,-115,-44
-33,-88,-41
7,-83,-14
48,-28,-21
9,-34,-10
-35,0,-8
-8,-10,-12
-10,-24,-18
-8,-50,-11
2,-67,-5
35,-93,-6
36,-99,-20
45,-128,3
52,-128,52
-7,-107,85
-58,-59,16
-121,-83,-98
7,-101,6
-12,-62,-3
-1,-61,-25
3,-59,-18
-5,-60,-16
-1,-61,-17
2,-61,-18
-3,-59,-21
-1,-60,-18
-2,-60,-17
1,-63,-18
1,-63,-17
1,-63,-14
1,-62,-16
1,-62,-15
2,-65,-14
1,-68,-13
3,-68,-11
3,-70,-9
7,-70,-13
11,-57,-61
11,-53,-45
53,-57,-24
35,-61,-23
11,-63,-19
6,-64,-18
0,-65,-13
-4,-62,-21
-9,-62,-25
-14,-65,-24
-20,-65,-26
-21,-64,-24
-24,-60,-18
-24,-58,-15
-27,-54,-11
-31,-55,-9
-50,-59,-8
-69,-63,15
22,-81,-27
2,-64,-31
5,-56,-15
-10,-67,11
-7,-63,0
-1,-62,-17
-4,-67,-6
-8,-67,-9
-2,-64,-14
-2,-64,-12
-4,-62,-12
-4,-62,-11
-6,-62,-11
-6,-62,-11
-5,-62,-13
-3,-64,-11
-4,-63,-14
-4,-63,-14
-3,-64,-12
-3,-63,-12
-4,-63,-11
-5,-65,-11
-3,-66,-7
-6,-65,-10
-3,-66,-8
-2,-68,-6
-1,-67,1
-3,-65,9
-6,-63,10
-17,-57,7
-16,-59,9
-16,-59,5
-13,-61,3
-14,-62,3
-8,-63,-3
-1,-66,-4
7,-67,1
1,-62,-5
-1,-59,-9
0,-54,-16
7,-54,-15
18,-59,-17
-24,-66,10
-27,-66,-14
-9,-72,-6
-5,-59,-9
-5,-63,-9
-7,-65,-3
-5,-66,-5
-3,-66,-9
-5,-65,-10
-6,-64,-10
-4,-64,-8
-6,-63,-11
-7,-63,-10
-5,-63,-10
-6,-61,-10
-7,-62,-11
-3,-65,-11
-4,-62,-15
-3,-63,-14
-6,-63,-11
-6,-62,-13
-3,-61,-15
-7,-63,-11
-7,-62,-12
-4,-63,-14
-4,-63,-12
-5,-62,-10
-4,-63,-10
-2,-63,-10
-2,-62,-9
-1,-63,-9
1,-64,-9
2,-64,-5
0,-62,-8
-1,-62,-13
-1,-62,-14
-1,-63,-12
-2,-63,-11
-1,-62,-11
-1,-63,-12
-1,-63,-11
-1,-63,-11
-1,-63,-12
-1,-63,-12
-1,-63,-12
-1,-62,-12
-1,-63,-12
-1,-62,-11
0,-61,-10
0,-63,-14
1,-64,-11
0,-63,-9
1,-63,-11
0,-64,-12
1,-64,-11
-1,-62,-11
-1,-62,-13
-2,-62,-13
-2,-63,-12
-3,-62,-12
-3,-63,-14
-2,-62,-13
-2,-62,-13
-1,-63,-12
-1,-63,-13
-2,-62,-12
-3,-63,-14
-2,-63,-14
-2,-63,-13
-2,-62,-13
-1,-62,-13
-2,-62,-14
-3,-62,-14
-3,-62,-15
-3,-62,-14
-2,-62,-14
-3,-62,-14
-3,-63,-15
-4,-63,-17
-2,-62,-13
-4,-61,-13
-5,-61,-15
2,-62,-10
2,-63,-9
-2,-62,-11
-2,-63,-11
0,-63,-10
-1,-62,-12
-1,-61,-12
-1,-63,-12
0,-63,-11
0,-64,-13
0,-63,-13
0,-63,-11
1,-63,-13
1,-63,-13
0,-62,-13
-3,-62,-14
0,-62,-14
3,-63,-9
3,-63,-9
2,-63,-12
4,-64,-10
7,-69,-3
7,-73,-10
6,-81,-13
1,-92,-7
-9,-93,-3
-15,-88,-19
-26,-89,-29
-26,-79,-51
5,-115,-20
-26,-85,-37
28,-54,-23
-14,-55,-27
-28,-14,-10
-15,-25,-18
-15,-37,-15
-8,-57,-18
-2,-71,-18
1,-96,-18
5,-108,-16
25,-123,-8
67,-128,25
82,-121,39
113,-105,57
-6,-81,-57
-128,-46,-60
-1,-99,11
-16,-51,-11
18,-69,-16
18,-67,-15
-17,-59,-10
-17,-61,-12
2,-63,-23
-8,-61,-16
-4,-62,-16
-3,-63,-20
-4,-64,-18
-1,-63,-17
7,-69,-11
0,-72,-9
-3,-85,-9
-5,-90,-17
-9,-98,-21
-18,-103,-25
-85,-104,-54
33,-121,-8
-14,-82,-53
17,-61,-26
6,-39,-39
-27,-4,-7
-12,-15,-23
-15,-27,-28
-4,-51,-23
-2,-65,-22
1,-101,-14
31,-128,-8
48,-128,-8
76,-128,38
120,-125,63
110,-103,51
30,-99,9
47,-116,38
-8,-50,-12
29,-69,-16
11,-68,-7
-1,-66,-6
-17,-63,-10
3,-62,-20
1,-60,-20
-7,-64,-11
-4,-64,-14
-2,-62,-20
-6,-62,-21
4,-70,-10
-4,-76,-14
-6,-83,-11
-3,-93,-12
-3,-96,-17
-32,-105,-34
-66,-97,-53
-6,-104,-25
-12,-91,-56
0,-63,-38
-31,-33,-36
-49,-5,-16
-16,-16,-21
-12,-38,-21
-4,-50,-19
1,-80,-18
1,-95,-17
23,-128,-15
70,-128,6
80,-128,45
127,-112,77
124,-107,76
-128,-41,-83
72,-128,27
-1,-51,-6
16,-66,-15
11,-66,-9
-14,-63,-11
1,-64,-16
0,-61,-21
-5,-62,-16
-3,-61,-16
-3,-60,-19
-4,-63,-19
-4,-64,-17
0,-70,-10
2,-74,-6
-2,-83,-9
-5,-88,-16
-9,-93,-15
-20,-99,-19
-91,-110,-49
30,-121,-13
0,-89,-48
31,-57,-26
26,-39,-37
-33,2,-2
-6,-17,-24
-12,-23,-25
-9,-41,-26
3,-71,-25
2,-87,-24
4,-107,-24
39,-125,-24
74,-128,33
72,-128,61
111,-105,85
76,-117,49
-88,-69,15
-19,-59,-3
37,-78,-1
9,-66,-11
-5,-60,-9
-9,-62,-14
-3,-64,-17
-4,-59,-17
-4,-62,-16
0,-61,-18
-4,-60,-16
-4,-64,-18
5,-71,-10
2,-74,-16
-2,-77,-13
-3,-86,-12
-2,-91,-15
-11,-101,-25
-62,-110,-46
-51,-99,-44
1,-99,-26
-8,-77,-50
14,-44,-21
-38,-22,-19
-18,-9,-11
-18,-25,-21
-13,-36,-20
-1,-63,-16
-3,-77,-14
-4,-116,-14
44,-128,-12
69,-128,10
127,-128,67
127,-109,72
-38,-83,-45
-128,-35,-43
7,-96,-4
25,-62,-17
16,-67,-14
-4,-63,-8
-12,-63,-9
-4,-65,-12
-1,-59,-18
-4,-60,-14
-2,-63,-9
2,-64,-13
-2,-66,-15
1,-66,-15
5,-71,-18
-2,-83,-9
-8,-86,-10
-3,-95,-18
-4,-101,-26
-59,-113,-48
-20,-96,-41
-2,-113,-20
16,-66,-37
17,-50,-29
-48,-6,-13
-15,-13,-16
-24,-19,-16
-14,-46,-11
-9,-61,-11
-10,-98,-9
-7,-121,-9
43,-128,-17
97,-128,44
127,-128,77
115,-108,60
-128,-33,-91
51,-97,32
1,-59,-7
15,-64,-12
12,-70,-7
-1,-65,-7
-12,-63,-11
-10,-62,-13
1,-61,-17
-5,-62,-10
-1,-65,-11
-1,-62,-17
-1,-64,-17
5,-66,-13
1,-76,-14
-2,-80,-9
-4,-89,-11
-1,-92,-16
-19,-107,-27
-49,-111,-47
-22,-93,-42
-10,-90,-35
26,-54,-22
-14,-39,-28
-44,-15,-12
-12,-11,-16
-16,-28,-21
-9,-40,-17
-5,-67,-16
-4,-85,-14
4,-124,-17
33,-128,-17
70,-128,20
127,-122,80
127,-108,73
-128,-57,-83
24,-92,27
-8,-54,-7
25,-70,-3
7,-69,-5
-7,-62,-12
-9,-62,-11
-2,-64,-17
-5,-59,-21
-9,-58,-19
1,-67,-11
0,-64,-15
-1,-66,-16
1,-69,-14
4,-73,-16
-5,-83,-10
-3,-90,-7
-5,-95,-20
-15,-103,-28
-73,-113,-53
14,-112,-16
4,-93,-38
30,-48,-31
-1,-44,-30
-38,-4,-11
-18,-11,-15
-17,-27,-24
-9,-53,-20
-6,-67,-17
-8,-101,-16
1,-123,-15
49,-128,-21
92,-128,50
127,-128,73
99,-115,48
-87,-73,-59
97,-128,23
-7,-81,-8
23,-63,-5
8,-67,-7
-8,-63,-7
-11,-62,-11
1,-60,-20
-5,-58,-22
-7,-60,-12
-1,-64,-9
-1,-65,-12
1,-69,-9
0,-67,-20
3,-80,-17
-1,-87,-9
-9,-95,-8
-4,-97,-22
-38,-109,-40
-52,-96,-46
2,-116,-21
3,-80,-47
18,-62,-35
-48,-18,-14
-31,-6,-12
-17,-16,-19
-15,-39,-17
-7,-53,-15
-1,-82,-14
-1,-116,-17
21,-128,-16
44,-128,-14
87,-128,52
127,-113,88
116,-116,59
-85,-59,0
87,-128,11
28,-64,-11
10,-67,-6
4,-66,-5
-11,-64,-10
-10,-62,-11
3,-62,-19
-6,-59,-21
-4,-62,-15
-5,-58,-20
-6,-61,-19
5,-70,-10
7,-72,-11
-6,-81,-13
-6,-95,-10
-6,-97,-24
-19,-98,-33
-54,-108,-45
-43,-100,-42
-16,-90,-57
-7,-73,-45
-6,-45,-46
-35,-24,-17
-16,-8,-18
-13,-19,-26
-15,-41,-18
-3,-70,-18
-3,-86,-16
0,-121,-16
12,-128,-14
58,-128,13
127,-128,79
127,-117,80
60,-105,22
-128,-40,-102
78,-128,2
-14,-51,9
27,-67,-8
6,-64,-6
-5,-63,-9
-13,-63,-10
-3,-62,-14
-2,-61,-19
-6,-63,-12
-1,-64,-10
1,-65,-14
-1,-67,-19
4,-74,-18
-7,-85,-11
-10,-92,-10
-9,-97,-18
-13,-100,-31
-64,-104,-61
-46,-96,-45
-17,-99,-37
21,-55,-35
-25,-47,-35
-23,-10,-15
-7,-18,-19
-21,-32,-16
-17,-43,-17
-7,-72,-11
-10,-101,-12
-4,-119,-6
36,-128,4
67,-128,28
127,-128,84
119,-112,53
-82,-71,-102
92,-128,7
18,-67,-18
26,-69,-4
13,-64,-9
-4,-64,-10
-8,-65,-6
-1,-64,-11
1,-59,-17
-2,-62,-11
-1,-65,-16
3,-65,-14
3,-67,-13
5,-74,-15
1,-77,-12
-5,-89,-9
-4,-94,-17
-13,-101,-27
-66,-111,-47
-46,-100,-43
-6,-95,-35
-14,-70,-47
8,-44,-28
-33,-5,-9
-12,-12,-19
-13,-29,-21
-16,-39,-19
-7,-66,-15
-7,-97,-12
-6,-118,-13
34,-128,-13
58,-128,-1
110,-128,74
118,-109,68
81,-103,40
-128,-32,-45
95,-128,35
-5,-51,-8
19,-63,-12
12,-67,-8
-13,-61,-10
-13,-64,-8
2,-64,-20
-4,-60,-23
-6,-61,-18
-5,-60,-19
-7,-61,-20
0,-65,-14
5,-69,-10
-5,-76,-12
-4,-79,-10
-1,-91,-14
-10,-100,-29
-41,-115,-43
-70,-102,-49
-2,-96,-28
-9,-81,-35
28,-33,-34
-22,-44,-37
-27,2,-12
-6,-15,-24
-15,-37,-20
-7,-47,-15
-4,-77,-13
1,-114,-11
14,-127,-10
42,-128,7
62,-128,34
122,-113,82
68,-106,25
-128,-54,-72
53,-128,-1
-11,-67,-2
17,-63,-17
6,-69,-15
-5,-62,-8
-11,-63,-12
-4,-64,-15
-4,-60,-18
-8,-60,-17
-2,-60,-18
-1,-66,-9
1,-68,-6
-1,-66,-17
5,-69,-16
-2,-81,-8
-3,-89,-8
-2,-91,-15
-30,-109,-35
-59,-114,-53
-22,-93,-42
21,-107,-11
3,-65,-29
-5,-35,-40
-34,-17,-16
-9,-9,-18
-12,-17,-25
-13,-42,-16
-6,-72,-15
-5,-89,-13
11,-128,-10
55,-128,-8
75,-128,29
83,-128,66
107,-104,69
-128,-60,-75
-73,-76,15
-19,-58,-21
10,-52,-15
15,-73,-2
-5,-62,-7
-11,-62,-7
-2,-64,-13
1,-63,-18
-7,-59,-17
-9,-59,-14
-9,-62,-17
-2,-65,-13
0,-68,-7
2,-71,-16
6,-75,-16
-10,-87,-10
-5,-96,-18
-6,-100,-25
-67,-109,-52
-65,-99,-53
23,-96,-9
-6,-83,-41
27,-49,-23
-31,-27,-7
-36,1,-7
-13,-25,-22
-17,-37,-21
-8,-57,-12
-5,-85,-13
-3,-101,-16
9,-128,-15
32,-128,-10
77,-128,35
117,-108,67
109,-103,57
-128,-49,-98
-41,-74,25
10,-74,4
9,-59,-2
8,-68,-3
-6,-62,-9
-12,-63,-10
-1,-64,-16
7,-59,-16
-8,-63,-12
1,-61,-15
1,-64,-16
0,-65,-14
1,-66,-13
3,-73,-17
-3,-82,-9
-6,-87,-7
-2,-95,-19
-11,-104,-27
-55,-108,-58
-45,-94,-51
4,-100,-18
13,-58,-36
7,-51,-23
-37,-8,-14
-18,-11,-18
-15,-26,-20
-8,-37,-16
-1,-58,-12
0,-92,-15
1,-106,-16
31,-128,-12
59,-128,4
96,-128,48
116,-110,72
66,-109,23
1,-86,30
-14,-58,-7
22,-61,-7
9,-67,-7
3,-67,-7
-11,-63,-10
-9,-64,-11
2,-61,-19
-2,-60,-17
-6,-63,-15
-4,-61,-19
-6,-62,-18
4,-67,-13
5,-71,-11
-1,-78,-9
-3,-89,-10
-1,-90,-17
-9,-98,-27
-40,-108,-37
-64,-100,-49
5,-102,-27
4,-86,-49
21,-45,-30
-29,-34,-26
-25,-6,-15
-17,-15,-22
-13,-35,-21
-4,-60,-16
-1,-74,-14
0,-111,-15
17,-126,-18
52,-128,-7
65,-128,27
122,-116,72
77,-112,40
-114,-57,-79
94,-128,18
-9,-75,-5
19,-58,-12
7,-65,-9
1,-64,-9
-11,-65,-5
-8,-63,-9
2,-61,-15
-4,-63,-8
3,-66,-8
-1,-63,-18
1,-66,-15
4,-71,-18
1,-74,-18
-5,-85,-12
-3,-93,-13
-9,-100,-18
-55,-115,-51
-61,-104,-50
6,-101,-15
31,-61,-30
22,-48,-31
-44,-8,-10
-19,-9,-12
-17,-21,-18
-17,-32,-13
-13,-58,-9
-12,-93,-3
-10,-115,-4
28,-128,-10
56,-128,0
98,-128,65
106,-107,50
73,-104,20
-23,-69,11
69,-128,-11
11,-59,-10
17,-67,-6
3,-65,-7
-10,-62,-11
-10,-62,-11
0,-60,-18
-10,-61,-16
-9,-60,-18
-1,-65,-15
-2,-69,-12
1,-68,-13
7,-72,-12
-5,-82,-7
-8,-89,-8
-5,-95,-21
-43,-114,-39
-67,-111,-55
10,-91,-25
-1,-74,-45
19,-47,-40
-25,-27,-16
-45,-7,-14
-7,-20,-19
-14,-26,-23
-2,-49,-17
-1,-76,-16
-1,-91,-18
22,-120,-21
57,-128,-4
69,-128,34
86,-128,57
102,-104,61
-128,-61,-53
-84,-59,6
-28,-61,-19
19,-65,-22
16,-70,-12
-9,-63,-5
-15,-60,-10
-2,-64,-17
0,-62,-21
-12,-57,-17
-8,-60,-16
3,-65,-11
-5,-65,-11
-1,-66,-13
5,-67,-19
4,-73,-20
-5,-83,-7
-4,-90,-13
-17,-106,-30
-44,-111,-47
-55,-102,-54
0,-110,-27
-16,-90,-29
26,-55,-26
-42,-15,-10
-33,-6,-14
-15,-15,-18
-18,-26,-18
-12,-49,-12
-9,-81,-6
-7,-100,-8
26,-128,-11
35,-128,-9
87,-128,61
114,-104,77
94,-110,48
-128,-60,-10
87,-128,31
6,-67,-7
6,-61,-6
6,-64,-12
-11,-60,-14
-13,-62,-12
0,-62,-17
0,-58,-19
-8,-60,-15
0,-63,-14
0,-64,-13
-6,-65,-17
4,-68,-15
7,-73,-15
-5,-82,-10
-5,-87,-9
-1,-94,-20
-12,-107,-27
-53,-115,-52
-41,-95,-57
2,-94,-11
30,-48,-33
11,-45,-9
-37,-5,-9
-12,-11,-13
-6,-24,-17
-5,-34,-15
6,-56,-9
11,-86,-13
12,-98,-18
30,-111,-18
39,-116,-15
43,-119,26
52,-105,59
68,-96,79
26,-96,41
-128,-80,-24
109,-128,35
32,-98,17
-13,-55,-18
6,-61,-17
-6,-60,-16
-3,-63,-14
4,-64,-18
-5,-59,-18
2,-59,-18
1,-61,-18
-1,-61,-17
0,-63,-19
3,-63,-14
4,-62,-14
3,-62,-12
9,-63,-11
11,-64,-9
11,-67,-5
9,-66,-14
7,-70,1
0,-79,-21
-11,-82,-33
22,-56,-61
30,-46,-52
46,-50,-30
29,-53,-21
24,-55,-21
19,-63,-17
17,-65,-19
6,-68,-27
-1,-70,-30
-14,-71,-36
-20,-64,-37
-29,-61,-33
-32,-62,-25
-35,-60,-23
-39,-58,-18
-58,-51,-12
-60,-57,-7
-6,-85,20
-29,-61,-11
0,-77,-24
6,-75,-5
-12,-63,-5
-3,-67,-14
-4,-65,-17
-9,-63,-12
-10,-64,-13
-7,-62,-13
-8,-62,-12
-9,-62,-11
-8,-62,-10
-9,-62,-10
-8,-64,-12
-8,-63,-13
-8,-62,-11
-6,-64,-10
-7,-65,-10
-10,-67,-11
-9,-67,-12
3,-67,-8
2,-61,-8
3,-53,-10
-10,-51,-16
-7,-53,-12
-5,-53,-7
-10,-66,7
24,-95,50
-31,-55,-27
2,-69,-16
8,-64,-10
3,-63,-6
-14,-64,-7
0,-63,-14
-2,-63,-13
-7,-63,-10
-4,-62,-12
-3,-63,-12
-4,-62,-10
-5,-62,-11
-4,-63,-11
-3,-63,-11
-3,-63,-11
-4,-63,-11
-3,-63,-11
-2,-63,-10
-3,-63,-11
-3,-63,-11
-3,-63,-11
-2,-63,-10
-3,-63,-10
-2,-63,-10
-2,-63,-10
-2,-63,-11
-2,-63,-11
-2,-62,-11
-3,-62,-11
-2,-63,-11
-2,-63,-10
-3,-63,-10
-2,-63,-9
-1,-63,-9
-1,-63,-10
-1,-63,-10
-1,-62,-11
-2,-63,-12
-4,-62,-12
-2,-63,-9
-4,-63,-10
-4,-62,-11
-3,-62,-10
-2,-63,-9
-2,-62,-9
-3,-63,-10
-3,-63,-9
-3,-63,-9
-4,-63,-10
-4,-63,-10
-4,-63,-10
-2,-64,-8
-2,-63,-7
-2,-63,-9
-2,-64,-10
1,-63,-7
0,-62,-5
0,-62,-5
0,-63,-8
-1,-62,-9
-2,-62,-9
-3,-63,-11
-2,-64,-10
-3,-61,-10
-3,-64,-10
-1,-63,-9
-2,-62,-9
0,-62,-6
-1,-62,-8
-2,-63,-10
-3,-63,-10
-3,-63,-10
-1,-61,-11
-2,-60,-9
-3,-66,-12
0,-65,-13
-1,-63,-11
4,-64,-9
2,-64,-11
-4,-61,-9
4,-64,-10
8,-65,-11
-2,-61,-10
0,-63,-11
3,-62,-9
3,-65,-10
2,-63,-11
5,-66,-11
13,-66,-8
12,-73,-6
11,-89,-10
14,-98,-6
-5,-107,-15
-24,-113,-16
-93,-81,-22
-83,-72,-43
-24,-128,-71
16,-128,-89
-11,-98,-70
-37,-36,-33
-47,-29,-34
-55,-31,-30
-33,-59,-39
-10,-71,-19
-6,-102,-3
16,-128,4
87,-128,74
127,-128,106
127,-128,116
-128,-35,-128
39,-128,-1
2,-17,19
61,-79,7
16,-71,0
-3,-65,-7
4,-66,-19
8,-65,-15
2,-68,-14
2,-85,-26
-11,-83,-21
-28,-111,-30
-66,-112,-35
-93,-104,-60
-15,-128,-53
-25,-128,-85
-21,-104,-66
-84,-78,-74
-33,9,-23
-38,-1,-20
-38,-14,-22
-21,-49,-27
-13,-71,-28
-14,-128,-18
93,-128,30
127,-128,49
127,-128,121
127,-128,66
-90,-90,-25
127,-128,12
100,-128,27
13,-68,4
5,-68,7
-11,-62,-9
1,-64,-21
-4,-61,-24
0,-70,-22
3,-77,-23
-12,-97,-8
-23,-111,-17
-43,-104,-29
-63,-108,-44
-68,-110,-74
-12,-128,-94
54,-117,-75
-77,-14,-51
-35,2,-30
-41,-3,-30
-37,-39,-20
-24,-63,-26
-9,-113,-24
-14,-128,-20
68,-128,9
127,-128,80
127,-128,119
32,-128,3
-128,-20,-69
1,-72,15
30,-28,-12
13,-73,10
-8,-64,-2
-15,-63,-5
9,-59,-26
-4,-61,-25
2,-71,-14
2,-85,-26
-13,-100,-21
-40,-113,-21
-46,-121,-26
-100,-104,-77
-66,-112,-78
20,-128,-89
-102,-71,-81
-73,-5,-47
-43,-1,-41
-43,-29,-22
-32,-47,-25
-20,-102,-23
-30,-128,-10
38,-128,24
100,-128,25
127,-128,125
127,-128,85
-128,-54,-66
95,-128,25
-14,-4,16
21,-78,2
-2,-62,-5
-7,-63,-6
-4,-59,-22
8,-64,-18
-2,-68,-11
6,-77,-4
4,-94,-13
-29,-118,-21
-48,-119,-30
-91,-107,-57
-15,-128,-54
-15,-128,-78
21,-128,-92
-102,-74,-91
-23,-1,-30
-36,-9,-43
-34,-42,-24
-18,-61,-28
-7,-101,-28
-2,-128,-8
39,-128,14
127,-128,56
127,-128,127
127,-128,92
-64,-95,-66
127,-128,41
94,-89,4
21,-65,1
0,-61,-5
-4,-64,-8
-5,-59,-26
3,-63,-20
2,-72,-21
6,-77,-24
-11,-91,-21
-26,-112,-26
-32,-111,-32
-72,-110,-51
-36,-106,-75
-7,-128,-61
-29,-95,-91
-94,-66,-79
-20,-12,-40
-41,-24,-25
-43,-42,-12
-21,-82,-16
-22,-101,-9
-13,-128,-3
63,-128,18
127,-128,28
127,-128,85
127,-127,65
-128,-38,-88
15,-128,-29
-17,10,23
20,-82,3
10,-66,-4
-15,-62,-5
-21,-63,-14
5,-61,-26
3,-73,-12
0,-71,-22
-6,-99,-8
-18,-108,-10
-39,-120,-40
-99,-94,-56
-98,-55,-73
-9,-128,-87
43,-128,-85
-97,-65,-86
-51,-8,-42
-33,-15,-39
-22,-36,-26
-14,-57,-27
-2,-83,-24
-2,-104,-21
15,-128,3
58,-128,25
127,-128,73
127,-128,90
119,-128,35
15,-128,-8
116,-128,19
98,-109,-6
4,-64,-3
-4,-61,-1
-19,-62,-4
3,-60,-23
0,-64,-19
1,-70,-7
3,-82,-24
-20,-110,-26
-32,-113,-28
-61,-121,-30
-90,-107,-69
-16,-128,-54
49,-122,-98
-80,-70,-77
-33,-6,-30
-26,-7,-37
-34,-31,-18
-17,-65,-21
-13,-85,-16
-13,-128,0
9,-128,16
122,-128,13
127,-128,63
127,-128,79
-128,-88,-39
-128,-49,-79
8,-41,28
70,-74,-7
5,-72,-3
-7,-64,-8
-15,-63,-14
0,-60,-28
3,-64,-22
-3,-67,-20
-2,-73,-22
-12,-90,-12
-18,-100,-35
-28,-106,-28
-73,-104,-52
-85,-96,-92
7,-128,-57
-34,-75,-75
-75,-49,-58
-41,3,-31
-25,-4,-31
-30,-33,-32
-21,-60,-29
0,-105,-32
16,-128,-31
57,-128,-26
127,-128,24
127,-128,75
127,-128,91
-128,-54,-120
-1,-128,11
-25,11,-29
91,-93,18
16,-81,6
-4,-67,1
-10,-65,-7
5,-60,-24
-4,-59,-24
0,-67,-15
2,-68,-23
-1,-87,-15
-22,-104,-18
-30,-109,-26
-68,-115,-54
-107,-102,-82
0,-128,-43
34,-82,-79
-59,-63,-73
-31,-3,-25
-27,-7,-34
-36,-32,-25
-26,-50,-23
-17,-91,-27
-10,-128,-21
39,-128,-15
107,-128,33
127,-128,103
127,-128,97
-128,-63,-58
-117,-80,-34
-19,-9,19
97,-83,-13
6,-74,1
5,-65,0
-14,-66,-6
3,-60,-30
-1,-60,-29
3,-69,-16
10,-75,-15
-13,-96,-8
-25,-109,-31
-36,-111,-28
-84,-94,-65
-91,-83,-100
3,-128,-69
50,-128,-78
-92,-52,-75
-26,1,-35
-34,-14,-33
-35,-31,-25
-27,-51,-22
-17,-95,-22
-1,-128,-18
45,-128,-10
127,-128,41
127,-128,96
127,-128,84
-128,-18,-71
82,-128,2
26,-9,-13
79,-97,3
10,-77,8
3,-65,7
-7,-65,3
7,-62,-27
-4,-60,-26
3,-72,-23
4,-73,-32
-16,-95,-19
-27,-108,-18
-41,-108,-24
-92,-106,-76
-78,-115,-96
-7,-125,-78
22,-85,-80
-78,-25,-48
-29,-3,-35
-36,-14,-37
-28,-52,-26
-17,-74,-28
-13,-128,-19
45,-128,3
59,-128,13
127,-128,114
127,-128,124
-13,-109,-44
111,-128,6
26,-65,21
20,-57,3
9,-64,-8
0,-67,-4
-13,-62,-10
1,-60,-26
-17,-56,-26
-6,-65,-24
4,-67,-20
6,-76,-18
-10,-94,-15
-28,-109,-15
-34,-119,-28
-79,-104,-74
-90,-85,-98
13,-128,-71
-43,-47,-76
-89,-33,-66
-32,-13,-38
-33,-19,-39
-25,-54,-23
-19,-73,-24
-11,-128,-4
21,-128,6
51,-128,10
119,-128,91
127,-128,96
127,-117,53
-4,-89,-33
109,-128,30
60,-46,-4
47,-77,3
7,-71,-5
5,-71,7
-6,-65,-1
-1,-62,-22
-2,-60,-27
-1,-68,-23
-2,-76,-15
-6,-80,-11
-7,-92,-12
-20,-102,-20
-49,-109,-35
-77,-102,-63
-13,-128,-37
-1,-128,-59
-7,-66,-72
-57,-11,-33
-34,6,-23
-33,-11,-31
-34,-24,-28
-20,-68,-23
-25,-122,-19
-23,-128,-10
77,-128,-3
122,-128,27
127,-128,98
127,-128,77
-128,-41,-67
20,-87,-12
42,-43,5
8,-71,5
3,-70,-2
-8,-66,-3
3,-62,-17
3,-59,-23
-9,-62,-17
-1,-67,-14
-1,-65,-23
-3,-75,-15
-11,-90,-22
-20,-117,-18
-39,-119,-28
-84,-94,-72
-89,-81,-101
2,-128,-65
-49,-58,-77
-100,-26,-63
-22,0,-32
-38,-2,-41
-39,-48,-18
-28,-71,-17
-30,-125,-8
19,-128,-7
61,-128,-18
127,-128,78
127,-128,89
127,-128,54
-3,-128,7
64,-128,-18
70,-79,-3
11,-62,9
2,-65,-1
-6,-64,-1
-1,-66,-12
0,-62,-22
-3,-64,-18
-2,-69,-25
-3,-73,-19
-3,-89,-3
-18,-102,-25
-25,-106,-21
-63,-98,-53
-94,-92,-94
21,-128,-40
37,-92,-64
-53,-73,-77
-51,2,-26
-14,-1,-30
-46,-23,-27
-37,-43,-17
-27,-83,-15
-30,-128,-8
27,-128,-5
117,-128,22
127,-128,86
127,-128,77
-128,-29,-94
24,-126,0
89,-94,41
45,-70,13
-2,-67,6
-1,-64,2
1,-67,-9
0,-61,-24
-6,-62,-26
-5,-64,-27
-3,-70,-11
-3,-78,-4
-8,-92,-17
-12,-95,-16
-25,-113,-38
-55,-116,-77
-30,-112,-80
9,-128,-22
5,-72,-65
-50,-10,-15
-14,9,-21
-19,3,-18
-20,-12,-13
-21,-44,-16
-16,-99,-9
4,-128,-8
74,-128,0
99,-128,84
97,-124,80
-48,-116,-83
-113,-126,24
16,-62,10
57,-81,8
-4,-64,-12
-2,-62,-14
6,-59,-16
1,-63,-21
1,-62,-23
1,-59,-21
1,-58,-18
3,-60,-23
4,-59,-10
8,-63,-12
10,-60,-13
11,-55,-11
12,-66,-17
9,-67,-13
6,-73,-20
26,-72,-58
24,-66,-58
11,-46,-38
3,-47,-27
-4,-55,-7
3,-62,8
7,-65,11
12,-63,2
10,-64,-3
10,-66,-5
5,-65,-10
3,-66,-16
-1,-66,-20
-2,-66,-22
-2,-62,-26
-1,-61,-26
-8,-61,-24
-22,-57,-13
-44,-50,-13
-86,-46,-16
-46,-73,16
-28,-58,-2
-7,-74,-30
8,-75,-8
-10,-59,-7
-8,-63,-13
2,-64,-13
-4,-66,-14
-2,-66,-14
-2,-64,-14
-3,-64,-13
-4,-62,-12
-3,-63,-12
-5,-62,-12
-7,-62,-14
-7,-63,-14
-4,-63,-13
-4,-64,-15
-5,-63,-16
-5,-63,-15
-5,-62,-12
-5,-62,-10
-5,-62,-6
-7,-76,-15
-6,-78,-9
-7,-70,-4
7,-60,2
-12,-54,9
-12,-48,2
-2,-52,2
2,-55,4
5,-58,2
16,-65,-3
17,-65,-12
22,-64,-13
18,-59,-14
11,-54,-21
-25,-67,8
-10,-68,-18
-14,-65,-23
2,-61,-16
-4,-61,-8
-10,-63,-11
-5,-62,-13
-5,-62,-14
-6,-64,-13
-4,-65,-13
-4,-64,-14
-4,-64,-13
-4,-62,-14
-3,-62,-14
-4,-62,-15
-4,-62,-15
-4,-64,-15
-4,-62,-16
-4,-61,-17
-2,-60,-15
-3,-61,-13
-4,-62,-12
-5,-63,-12
-4,-63,-13
-2,-62,-14
-3,-62,-13
-4,-62,-12
-3,-62,-13
-2,-62,-13
-3,-62,-13
-3,-62,-12
-3,-63,-13
-2,-62,-12
-2,-62,-12
-3,-63,-12
-4,-63,-12
-4,-62,-12
-3,-62,-11
-3,-62,-11
-2,-64,-10
-1,-63,-10
-2,-63,-11
-3,-63,-12
-3,-63,-10
-1,-63,-10
-3,-64,-12
-1,-61,-7
-3,-63,-10
-2,-62,-9
-2,-64,-9
0,-63,-8
-2,-63,-9
-2,-63,-8
-2,-63,-7
-1,-63,-8
-4,-62,-10
-1,-63,-8
-1,-63,-7
-1,-63,-7
0,-62,-9
8,-65,-2
-1,-63,-7
2,-63,-5
3,-63,-6
2,-62,-5
2,-59,-5
0,-58,-9
1,-65,-10
6,-71,-9
3,-60,-13
10,-62,-1
11,-63,-3
19,-59,2
18,-66,7
20,-62,9
25,-56,3
28,-68,12
16,-128,3
-3,-128,-33
-48,-128,-44
-108,-27,-39
13,-101,4
-8,-128,-76
-45,-128,-62
-58,-128,-57
-19,-99,-55
-12,-40,-28
13,3,-20
22,-24,-12
36,-59,10
91,-70,16
117,-68,28
127,-117,107
127,-128,112
127,-109,98
62,-33,28
-76,-128,-128
113,-6,-59
80,-85,91
31,-78,11
29,-82,15
10,-128,-33
-128,-128,-87
-99,-57,-58
-30,-92,-106
-59,-128,-95
-87,-126,-83
-123,-128,-62
-128,-98,-75
-17,-1,-33
-2,13,-38
29,-94,-34
51,-128,-10
97,-128,21
127,-128,105
127,-128,127
127,-87,127
73,-52,81
-79,-22,127
76,-128,127
36,-96,1
26,-128,2
-47,-128,-3
-128,-128,-83
26,-128,-96
31,-128,-79
-118,-128,-81
-73,-104,-91
-112,-97,-55
-62,-52,-64
-35,-2,-36
-4,-35,-26
-7,-74,-22
7,-128,-14
63,-128,25
127,-128,127
127,-128,127
127,-89,127
19,-75,127
109,103,-75
32,-93,-7
34,-86,5
-66,-128,10
-128,-128,-56
-128,-51,-79
35,-103,-100
-108,-128,-110
-86,-128,-99
-128,-117,-59
-127,-104,-71
-51,12,-30
-17,-13,-36
11,-97,-43
35,-128,-17
76,-128,40
127,-128,127
127,-128,127
127,-101,110
94,-81,36
86,2,127
16,-117,74
31,-100,-15
-24,-128,-4
-128,-128,-46
-128,-13,-82
18,-128,-112
-17,-128,-69
-61,-128,-98
-128,-124,-73
-123,-85,-88
-66,-11,-68
0,-6,-58
4,-84,-51
-2,-104,-35
62,-128,48
127,-128,107
127,-128,127
127,-117,82
-26,-128,-70
127,127,65
115,-128,107
44,-92,3
27,-128,-37
-117,-128,-20
-128,-56,-61
77,-128,-60
-12,-128,-52
-113,-128,-110
-103,-103,-92
-128,-99,-82
-95,-66,-84
-25,-6,-43
-2,-39,-44
1,-107,-38
65,-128,9
127,-128,77
127,-128,127
127,-103,127
33,-26,-68
-85,-128,-51
127,-8,85
52,-98,-14
40,-127,-33
-89,-128,-21
-117,-128,-10
39,-128,-43
-30,-106,-67
-89,-128,-98
-76,-93,-81
-97,-92,-62
-81,-60,-75
-53,9,-30
-10,-32,-36
-3,-97,-32
0,-128,-6
123,-128,91
127,-128,127
127,-118,127
79,-54,6
-108,-128,-117
127,17,33
15,-122,51
38,-91,-6
-82,-128,-32
-89,-128,-30
-128,-63,-50
28,-128,-57
7,-114,-55
-95,-128,-99
-85,-107,-85
-118,-95,-76
-79,-56,-80
-37,-3,-41
-9,-26,-38
-4,-92,-35
-17,-127,-16
114,-128,92
127,-128,127
127,-117,127
75,-55,-11
-128,-128,-128
127,38,50
24,-75,-20
42,-96,-15
-94,-128,-24
-128,-67,-44
-107,-104,-56
13,-115,-102
-28,-128,-67
-87,-105,-82
-84,-85,-77
-103,-88,-90
-37,-45,-60
-2,-21,-37
0,-70,-40
-1,-87,-37
85,-128,26
127,-128,127
127,-128,127
127,-93,127
-27,-84,-61
127,49,32
127,-63,108
43,-89,-15
21,-112,-30
-94,-128,-32
-128,-43,-52
-29,-128,-47
-4,-106,-71
-48,-128,-85
-95,-103,-94
-98,-90,-74
-84,-68,-91
-45,11,-36
-7,-24,-46
-2,-96,-42
-11,-120,-37
100,-128,72
127,-128,127
127,-128,127
58,-86,2
-107,-128,-3
127,-32,108
42,-87,-18
28,-100,-26
-96,-128,-35
-98,-128,-37
-84,-76,-64
15,-123,-101
-100,-128,-107
-88,-116,-85
-91,-85,-66
-84,-66,-89
-66,14,-40
-18,-11,-47
-18,-88,-48
-15,-117,-39
85,-128,53
127,-128,127
127,-128,127
89,-57,21
-128,-128,-128
86,45,72
37,-128,4
40,-85,-20
31,-110,-15
-128,-128,-92
-128,-77,-65
-62,-90,-55
18,-128,-82
-28,-128,-82
-87,-77,-84
-102,-94,-102
-68,-34,-74
-7,-7,-50
-3,-30,-46
-12,-84,-24
-32,-128,-23
82,-128,62
127,-128,124
127,-98,117
59,-59,15
127,-128,72
-20,-41,99
17,-82,73
17,-71,-50
26,-65,10
21,-87,10
-38,-128,19
-101,-128,-54
-85,-96,-53
2,-105,-39
-3,-119,-59
-88,-67,-65
-87,-90,-65
-58,-33,-50
17,-53,-55
13,-61,-53
17,-110,-62
45,-128,-61
127,-128,-117
127,-29,-82
127,-90,-18
-128,-52,-94
-4,-66,16
-77,-128,54
11,-128,-31
21,-29,55
-6,-88,-10
1,-76,14
0,-58,22
2,-62,12
11,-55,4
9,-62,0
7,-65,8
-9,-74,10
-3,-80,9
-9,-87,21
-23,-90,14
-36,-77,8
-34,-60,-24
-17,-68,-28
-4,-97,-39
-12,-102,-63
48,-128,-85
19,-108,-74
17,-97,-63
28,-39,-61
27,-3,-49
36,2,-37
48,-12,15
63,-41,38
127,-59,85
127,-75,101
97,-59,98
51,-18,67
-37,-128,-29
88,-10,74
9,-85,9
24,-71,31
25,-76,29
34,-128,15
-81,-128,-83
-128,-71,-81
-46,-85,-75
7,-120,-87
-6,-128,-72
-54,-128,-58
-54,-93,-67
-43,13,-43
-11,16,-39
-19,-18,-31
-3,-58,-24
31,-92,20
127,-128,88
127,-128,127
127,-128,127
127,-77,81
-35,-3,38
53,-126,127
43,-66,-1
23,-91,1
33,-128,-10
-112,-128,-61
-128,-128,-101
2,-128,-61
-27,-128,-76
-90,-128,-98
-69,-75,-62
-86,-72,-63
-31,18,-35
-26,19,-36
4,-22,-38
5,-83,-20
38,-121,18
127,-128,112
127,-128,127
127,-93,127
-128,-27,127
127,58,-54
51,-96,0
16,-106,-5
-6,-128,-17
-128,-128,-74
-128,-14,-97
66,-121,-121
18,-128,-66
-92,-128,-91
-83,-99,-87
-113,-80,-68
-50,14,-45
-22,1,-42
-10,-63,-41
-8,-97,-42
64,-128,30
127,-128,127
127,-128,127
127,-96,127
-18,-128,-15
127,60,-34
23,-128,125
13,-86,9
-55,-128,-6
-128,-128,-74
-128,-21,-92
20,-128,-72
-12,-128,-66
-68,-117,-83
-83,-81,-79
-95,-54,-75
-64,0,-52
-10,-3,-45
-17,-36,-41
0,-96,-35
108,-128,43
127,-128,102
127,-128,127
127,-114,127
-36,-128,86
127,-66,105
33,-103,30
30,-119,-25
-38,-128,-2
-128,-128,-73
-11,-128,-66
37,-128,-114
-74,-128,-119
-95,-126,-104
-92,-94,-72
-111,-77,-91
-64,22,-36
-15,-45,-43
-14,-91,-49
25,-128,13
109,-128,58
127,-128,127
127,-102,127
68,-79,-38
127,23,78
127,-9,100
34,-88,1
-26,-128,-3
-111,-128,-47
-128,-26,-81
49,-128,-63
-13,-128,-70
-85,-128,-121
-94,-99,-101
-115,-91,-77
-99,-54,-94
-34,0,-43
-5,-15,-58
16,-98,-54
14,-127,-28
127,-128,78
127,-128,127
127,-128,127
-10,-105,-51
127,95,1
118,-88,127
35,-86,-5
30,-115,-25
-112,-128,-35
-128,-128,-72
33,-128,-50
-3,-125,-64
-61,-128,-98
-76,-97,-83
-99,-92,-77
-74,-55,-88
-53,22,-45
-6,-26,-48
-22,-106,-40
-10,-128,-14
127,-128,102
127,-128,127
127,-113,127
-4,-50,-100
-51,-128,-4
107,-43,107
40,-88,-13
39,-108,-19
8,-107,-128
-94,-128,-28
-19,-128,-42
44,-112,-117
-10,-128,-79
-86,-128,-115
-58,-86,-72
-76,-59,-82
-40,-5,-47
-4,-5,-43
1,-48,-37
-21,-107,-36
0,-128,2
127,-128,127
127,-128,127
127,-105,127
-27,-20,-53
-81,-128,-109
127,-22,127
43,-80,-7
32,-101,-16
-80,-128,-26
-120,-128,-43
-78,-105,-54
40,-128,-91
-18,-128,-84
-76,-99,-89
-77,-72,-82
-95,-62,-85
-50,-16,-56
-5,-5,-51
0,-79,-53
2,-97,-44
74,-128,40
127,-128,127
127,-128,127
91,-90,104
-128,-128,-128
127,60,8
43,-128,59
29,-84,-12
23,-126,-10
-77,-128,-45
-128,-48,-82
-38,-116,-51
8,-128,-91
-50,-128,-98
-65,-77,-66
-79,-83,-80
-46,-35,-40
-26,-6,-35
-1,-32,-43
-20,-93,-38
29,-128,57
127,-128,127
127,-128,127
127,-98,127
-49,-126,-86
6,-128,110
127,-98,76
34,-72,4
31,-93,-17
-118,-128,-17
-51,-128,-36
-128,-37,-70
-28,-123,-52
38,-128,-102
-86,-118,-95
-72,-83,-58
-58,-49,-66
-52,7,-39
-6,-18,-48
-16,-76,-49
-15,-124,-38
89,-128,83
127,-128,127
127,-123,127
-2,-116,-7
46,-128,6
80,6,17
41,-108,23
26,-79,1
11,-119,2
-43,-128,-22
-93,-62,-75
-44,-86,-64
5,-118,-84
-79,-100,-96
-98,-89,-84
-70,-39,-67
-46,-17,-54
-11,-14,-51
-9,-40,-51
-17,-116,-47
0,-128,-22
111,-128,127
127,-103,127
74,-63,49
-128,-128,-109
127,-128,127
75,-91,21
21,-78,-5
29,-70,-12
4,-107,1
-22,-128,-2
-18,-90,-25
-30,-71,-37
-25,-78,-33
-15,-79,-51
-2,-63,-52
-22,-97,-46
-61,-128,-78
-35,-21,-12
3,1,-33
-6,-3,-35
-7,-47,-40
-1,-71,-38
24,-128,-18
65,-128,35
112,-128,118
127,-84,105
79,-75,127
-128,-12,-8
-1,-128,-35
-23,-114,79
52,-50,-53
23,-61,10
15,-65,-13
16,-69,-11
12,-68,-13
6,-59,-18
12,-57,-17
12,-53,-18
12,-56,-17
12,-58,-12
15,-60,-7
14,-55,-6
5,-71,-20
5,-79,-9
14,-100,-36
38,-69,-30
30,-53,-30
28,-56,-25
25,-51,-15
10,-45,7
12,-45,-5
14,-51,-5
15,-57,-2
4,-60,-5
-6,-62,-6
-6,-66,-4
-5,-72,-5
-2,-72,-7
1,-72,-7
-10,-68,-14
-15,-64,-14
-31,-49,-13
-50,-46,-17
-85,-56,-34
15,-86,14
-18,-65,-1
-1,-71,-18
8,-76,-15
-6,-61,-7
-4,-63,-8
2,-66,-12
0,-65,-12
-1,-64,-15
-6,-61,-20
-9,-62,-16
-7,-65,-10
-7,-63,-13
-7,-66,-12
-5,-62,-14
-16,-63,-17
-10,-65,-16
4,-67,-6
20,-49,19
-1,-54,11
-4,-67,-5
6,-71,-4
6,-61,2
-4,-63,0
-2,-65,-6
-2,-63,-9
-4,-64,-11
-4,-64,-9
-6,-63,-6
-5,-64,-5
-3,-63,-4
-2,-63,-5
-3,-63,-6
-5,-64,-4
-5,-64,-4
-5,-63,-3
-6,-63,-6
-5,-64,-4
-7,-63,-5
-7,-63,-4
-7,-64,-3
-8,-63,-4
-9,-63,-4
-8,-63,-4
-9,-63,-3
-8,-63,-2
-9,-63,-1
-9,-63,-2
-9,-63,-2
-9,-63,-2
-9,-63,-2
-9,-63,-2
-10,-63,-2
-10,-63,-2
-10,-63,-2
-10,-63,-3
-10,-63,-3
-10,-63,-2
-10,-63,-2
-11,-63,-3
-10,-64,-3
-8,-63,-3
-10,-62,-2
-11,-63,-3
-9,-64,-2
-9,-63,-2
-9,-62,-1
-9,-63,-2
-9,-63,-2
-9,-63,-2
-9,-63,-2
-9,-63,-2
-10,-63,-2
-9,-63,-2
-10,-64,-2
-10,-64,-2
-9,-63,-2
-10,-63,-2
-9,-63,-2
-9,-63,-1
-9,-63,-2
-9,-62,-1
-9,-62,-1
-8,-63,-2
-8,-63,-1
-9,-63,-1
-9,-63,0
-9,-63,-1
-9,-63,-1
-9,-63,-1
-9,-63,-1
-9,-63,-2
-10,-63,-1
-10,-63,-1
-10,-63,-1
-9,-63,-1
-9,-63,-1
-9,-62,-1
-10,-63,-1
-9,-63,-1
-10,-63,-1
-10,-64,-2
-9,-64,-2
-8,-64,-2
-8,-63,-2
-8,-61,-4
-8,-61,-4
-9,-62,-3
-12,-64,0
-12,-63,0
-12,-64,1
-11,-65,0
-9,-64,0
-8,-61,-2
-8,-62,-1
-8,-63,0
-9,-63,0
-9,-64,0
-8,-63,0
-7,-63,0
-7,-63,1
-6,-63,1
-6,-63,2
-6,-63,2
-5,-63,3
-4,-63,3
-4,-63,3
-3,-63,2
-4,-63,2
-4,-63,2
-5,-63,1
-5,-63,1
-5,-63,1
-6,-64,0
-6,-64,1
-6,-64,1
-6,-64,0
-5,-63,0
-6,-63,0
-6,-64,-1
-6,-64,-1
-6,-64,0
-5,-63,-1
-6,-63,-1
-6,-63,-1
-7,-63,-1
-7,-63,-2
-8,-64,-3
-8,-64,-3
-8,-63,-2
-9,-63,-3
-9,-64,-3
-8,-63,-3
-9,-63,-4
-8,-67,-2
-7,-66,1
-11,-66,-1
-9,-66,-5
-4,-65,0
-8,-64,-5
-2,-60,-4
4,-59,-2
6,-57,-3
-6,-53,-5
-20,-48,-9
-16,-51,-11
-8,-74,5
27,-107,54
-40,-51,-14
16,-76,1
5,-60,-13
-16,-63,-6
-17,-63,-6
-9,-62,-11
-8,-62,-12
-16,-63,-16
-17,-61,-20
-9,-63,-16
-8,-63,-12
-7,-63,-9
-8,-62,-10
-7,-62,-9
-5,-63,-11
-4,-64,-10
-2,-63,-10
-4,-62,-9
-4,-62,-8
-2,-63,-8
-3,-63,-9
-2,-63,-9
-3,-63,-9
-3,-63,-10
-3,-63,-11
-3,-63,-10
-4,-63,-10
-4,-63,-10
-4,-63,-10
-3,-63,-10
-3,-63,-10
-4,-63,-10
-4,-63,-10
-4,-63,-10
-4,-63,-11
-4,-63,-10
-5,-63,-11
-5,-63,-11
-6,-62,-11
-5,-63,-11
-5,-62,-11
-6,-62,-12
-6,-62,-11
-6,-62,-11
-6,-63,-11
-6,-62,-11
-6,-63,-11
-6,-63,-11
-6,-62,-11
-6,-62,-11
-6,-63,-11
-6,-62,-11
-6,-63,-11
-6,-62,-11
-7,-62,-11
-7,-63,-11
-6,-62,-11
-6,-62,-11
-7,-63,-12
-6,-63,-12
-6,-62,-11
-7,-62,-12
-7,-62,-12
-6,-62,-12
-7,-62,-12
-7,-62,-13
-7,-62,-13
-7,-62,-13
-6,-62,-13
-7,-62,-13
-7,-62,-13
-6,-62,-12
-7,-62,-13
-7,-62,-13
-7,-62,-13
-7,-62,-13
-7,-62,-14
-7,-62,-13
-7,-62,-13
-6,-62,-13
-7,-62,-14
-7,-62,-14
-7,-62,-14
-7,-62,-14
-7,-61,-14
-8,-61,-15
-8,-61,-15
-8,-61,-15
-8,-61,-15
-7,-62,-15
-6,-61,-15
-8,-62,-16
-7,-62,-15
-6,-62,-16
-6,-61,-16
-7,-61,-16
-6,-61,-16
-6,-61,-18
-7,-60,-18
-6,-60,-18
-6,-60,-18
-7,-59,-18
-6,-61,-18
-6,-62,-19
-5,-63,-20
-6,-61,-21
-8,-63,-21
-7,-62,-20
-8,-60,-22
-8,-60,-18
-13,-59,-20
-20,-60,-14
5,-62,-25
-6,-56,-34
-32,-85,-10
-26,-90,-11
-26,-88,-13
-22,-74,4
-2,-60,4
-21,-48,-4
-38,-32,-7
-36,-40,-7
-32,-44,-11
-21,-54,-22
-12,-64,-21
2,-80,-18
26,-74,-33
33,-71,-30
45,-72,-6
87,-70,-20
-91,-67,-53
3,-115,-15
-23,-44,12
-19,-60,-1
-12,-61,-5
-5,-62,-12
-5,-61,-12
-13,-66,-6
-27,-58,-25
-19,-61,-23
-11,-63,-16
-10,-63,-15
-12,-61,-16
-11,-60,-16
-10,-61,-16
-10,-61,-16
-9,-62,-16
-10,-61,-17
-10,-61,-18
-7,-62,-18
1,-65,-20
-4,-65,-17
-5,-71,-17
-7,-77,-17
-24,-91,-23
-15,-74,-25
7,-33,-10
-42,-100,-24
-27,20,-22
4,-35,-52
-100,-104,-23
1,-68,-11
40,-57,-11
80,-74,-4
-31,-60,-85
-46,-61,-31
-17,-66,-12
7,-52,-31
-7,-60,-20
-18,-59,-18
-9,-63,-16
-7,-62,-22
-10,-62,-21
-13,-59,-20
-8,-61,-18
-7,-62,-17
-8,-60,-20
-12,-61,-19
-3,-68,-8
-23,-72,-17
-8,-52,-31
-26,-74,5
-32,-78,44
-31,-64,-13
4,-45,-37
30,-30,-60
-9,-85,8
-19,-78,44
2,-60,-3
5,-64,0
2,-64,-4
0,-63,-4
-1,-65,-4
3,-62,-7
1,-63,-6
3,-65,-3
2,-64,-6
1,-65,-5
2,-63,-5
0,-63,-5
3,-65,-1
2,-65,-1
-3,-63,-10
6,-63,-7
2,-63,-11
1,-64,-14
0,-64,-14
-2,-66,-11
-10,-72,-6
-13,-78,1
-18,-84,-8
-13,-58,4
-36,-22,-9
-38,-27,-15
-30,-36,-1
-31,-47,19
34,-89,50
-9,-10,-21
-72,-11,-13
-5,-69,4
-19,-65,4
-13,-62,-5
-14,-61,4
-15,-63,8
-13,-59,4
-16,-61,5
-14,-61,10
-14,-60,8
-15,-61,8
-14,-62,7
-12,-63,8
-13,-57,8
-11,-70,6
-5,-61,9
-15,-54,11
-8,-63,10
-5,-56,12
-13,-59,10
-11,-61,9
-21,-79,5
-11,-63,7
-18,-57,12
-15,-58,10
-11,-69,9
-13,-63,8
-11,-60,7
-9,-67,10
-13,-61,8
-13,-65,8
-12,-58,8
-12,-61,10
-12,-63,8
-9,-63,10
-14,-62,7
-13,-63,7
-12,-63,7
-12,-62,7
-12,-63,7
-12,-62,6
-12,-62,6
-11,-63,7
-11,-64,7
-12,-63,6
-11,-63,6
-13,-63,5
-13,-61,4
-12,-62,5
-12,-63,5
-12,-62,6
-12,-63,6
-12,-62,5
-12,-61,5
-12,-63,5
-12,-62,5
-11,-63,5
-13,-61,4
-12,-62,5
-11,-63,5
-12,-63,5
-12,-63,5
-12,-63,5
-11,-62,5
-11,-63,5
-11,-63,5
-11,-63,5
-11,-63,5
-11,-63,5
-13,-62,4
-10,-64,6
-13,-62,5
-14,-61,4
-9,-66,7
-12,-62,5
-12,-64,7
-14,-60,4
-13,-63,5
-12,-63,7
-14,-60,4
-12,-62,6
-16,-58,5
-9,-66,8
-13,-62,5
-12,-64,6
-12,-63,6
-13,-62,6
-14,-61,5
-13,-62,6
-12,-63,6
-13,-63,6
-13,-62,5
-13,-62,5
-13,-62,6
-13,-63,6
-14,-61,6
-13,-63,7
-13,-64,8
-14,-61,6
-13,-63,6
-15,-61,5
-14,-62,5
-15,-61,5
-14,-62,10
-15,-59,5
-16,-57,2
-13,-62,5
-16,-58,3
-15,-61,6
-14,-61,6
-22,-45,-2
-8,-79,10
-12,-63,5
-20,-54,5
-15,-59,5
-15,-60,7
-15,-60,6
-14,-62,7
-12,-63,7
-14,-61,6
-12,-65,7
-11,-63,6
-13,-62,6
-13,-63,6
