1478983171.000000, 1478983171.000000, 1478983171.000000
32.000000, 32.000000, 32.000000
-3,71,1
-5,73,1
3,78,4
7,82,-6
12,83,-7
15,78,4
17,76,-5
-15,73,-6
-34,68,0
10,52,-15
4,45,-34
-10,37,-42
-11,46,-30
-4,49,-27
-2,56,-22
-3,61,-18
-4,73,-16
-9,81,-22
-14,88,-22
-8,93,-16
-22,92,4
-12,81,10
-17,78,7
-55,88,17
-48,78,14
-41,71,0
-41,77,9
68,51,-22
106,49,-23
-29,98,2
-17,97,9
2,55,-36
8,56,-28
6,64,-13
6,63,-17
6,60,-18
10,60,-16
7,60,-15
2,61,-13
0,62,-11
0,62,-12
-1,63,-11
-4,64,-13
-3,65,-15
-3,66,-13
-7,65,-15
-12,72,-28
-12,75,-30
-6,79,-24
-2,87,-34
6,99,-44
19,108,-58
45,102,-34
41,72,10
1,67,24
22,34,3
26,22,-3
25,24,0
30,47,11
30,55,10
18,68,2
19,75,-5
13,103,-11
-19,126,0
-40,127,14
-62,118,56
-85,109,79
-65,97,29
127,50,-128
-63,127,2
3,68,3
-5,56,-14
-1,65,-15
4,59,-13
7,65,-6
5,62,-15
4,63,-18
14,61,-28
15,57,-28
6,66,-9
7,61,-12
5,62,-12
-3,68,-6
-5,70,-7
-5,71,-11
-6,75,-12
1,90,-11
12,117,-20
35,123,-33
62,126,-40
23,82,-27
3,71,-17
-24,15,-8
11,14,-15
22,1,-11
7,5,-17
16,27,-19
13,39,-17
14,62,-14
12,116,-14
-1,127,-14
-70,127,27
-112,127,89
-101,116,61
121,36,-98
73,74,5
-31,127,27
27,60,0
13,49,-20
-6,63,-27
5,64,-10
9,64,-8
0,63,-16
6,62,-10
6,63,-9
3,64,-11
3,66,-8
1,66,-6
-2,67,-6
-3,68,-6
-2,71,-7
0,75,-4
2,83,-4
5,105,-20
23,119,-19
38,105,-27
-7,72,-14
-7,60,-23
-11,25,-8
-1,29,2
25,10,-14
11,12,-18
11,28,-20
11,46,-15
15,55,-13
17,102,-10
-4,127,-14
-27,127,40
-72,127,89
-107,103,86
127,68,-80
-97,98,64
18,90,12
10,48,-11
12,45,-22
7,65,-10
9,62,-9
1,61,-17
6,65,-10
7,64,-13
5,63,-18
5,63,-17
6,63,-10
3,64,-10
1,63,-10
1,65,-10
3,64,-11
4,66,-7
3,65,-9
-6,71,-9
4,73,-15
1,87,-17
16,107,2
20,96,-5
9,68,-21
-32,48,-16
-16,34,-18
14,23,-5
23,17,10
23,27,9
22,34,7
9,59,-2
-4,77,-7
-23,112,5
-128,127,127
65,43,33
-26,70,-10
-7,86,2
-7,53,-13
14,68,13
5,64,6
0,64,-4
3,65,-2
4,64,1
2,63,-1
3,64,-3
4,64,0
5,65,-1
5,64,-5
5,63,-5
7,64,-4
7,64,-4
5,64,-4
6,64,-5
7,63,-5
7,63,-4
6,64,-3
6,64,-4
6,64,-4
5,65,-4
6,64,-4
6,64,-3
5,63,-3
5,64,-2
5,64,-2
4,65,-2
5,63,-2
5,63,-2
5,64,-2
4,64,-1
5,63,0
4,63,-1
4,64,-1
4,63,-1
5,64,-1
7,65,-2
7,67,-2
5,67,-2
6,68,-4
7,71,-7
10,77,0
11,82,6
11,73,-11
1,67,-14
-18,60,-19
22,37,-8
24,32,-14
20,37,-27
14,45,-26
11,63,-15
9,71,-13
14,83,-11
-6,86,-10
-21,85,5
-26,78,14
-39,77,11
-31,76,25
73,54,-22
-22,78,7
10,72,-3
-2,60,-14
3,63,-12
7,62,-5
12,61,-5
12,60,-12
10,58,-16
7,65,-9
5,68,-6
5,66,-10
7,64,-18
8,64,-17
5,62,-9
5,61,-8
2,63,-7
1,64,-5
1,65,-5
2,64,-8
0,65,-9
2,66,-7
2,66,-5
-1,65,-5
-5,70,-11
-4,71,-10
-2,78,-4
5,85,-1
8,89,-3
17,82,-1
15,79,-8
3,69,-11
-44,62,-8
-10,42,0
17,33,-1
14,23,-13
2,31,-24
0,42,-19
-4,56,-15
-5,65,-14
-3,78,-17
-11,98,-11
-19,105,-5
-50,106,34
-53,99,48
-49,83,57
-9,81,2
29,112,-30
13,73,5
13,58,-12
2,53,-18
9,56,-10
13,60,-9
3,64,-16
6,64,-17
7,68,-15
6,67,-16
6,61,-16
5,60,-14
4,60,-12
5,63,-10
7,65,-10
2,65,-12
1,64,-10
0,63,-9
-1,62,-8
0,62,-8
3,64,-7
3,65,-6
2,65,-7
1,62,-7
0,63,-5
0,65,-5
1,64,-4
1,64,-3
1,63,-5
0,64,-5
0,64,-3
1,65,-2
0,65,-1
0,64,-1
-1,64,-2
-1,63,-2
-1,63,-1
-2,64,-1
-2,64,0
-1,64,0
-1,64,0
-1,64,0
-1,64,-1
-2,64,-1
-2,64,0
-2,64,0
-2,64,0
-2,64,0
-2,64,0
-2,64,0
-2,64,0
-2,63,0
-2,63,0
-2,64,0
-2,63,1
-2,64,1
-2,65,0
-1,64,1
-1,64,1
-2,64,0
-2,63,0
-2,63,1
-1,64,1
-1,64,0
0,66,0
0,66,0
0,64,1
-1,63,1
-1,64,1
0,64,0
0,64,0
0,65,0
0,64,0
1,65,0
1,65,0
1,64,0
1,64,1
2,63,-1
2,64,-1
2,65,0
4,65,-1
2,65,-2
2,65,-3
4,65,-1
5,66,-1
3,67,-1
4,66,-1
5,66,0
4,72,-4
2,76,-7
10,87,2
16,96,6
12,80,-19
-26,60,-24
-26,57,-25
29,29,-14
29,29,-25
27,37,-29
20,52,-19
21,60,-13
15,78,-9
13,82,-12
9,89,-1
3,91,11
-5,85,13
-30,81,9
-38,85,24
-31,86,11
100,81,-24
-23,98,2
4,51,-16
-9,44,-33
1,71,-2
4,69,-2
9,65,-1
-1,64,-13
-4,66,-14
4,62,-5
5,64,-5
1,63,-13
-3,65,-14
4,66,-7
1,68,-11
-1,68,-12
-3,69,-10
-5,73,-11
-5,84,-6
12,106,-2
23,125,-17
64,127,-41
47,127,-41
-27,96,-17
3,50,-11
10,30,-14
-1,30,-14
-2,32,-8
-19,36,0
-19,49,1
-36,56,-6
-33,56,6
-34,55,18
-42,60,32
-52,65,34
-83,62,45
-63,57,30
-128,123,-70
66,41,5
-11,14,-61
-8,73,19
-2,72,-14
-3,66,1
-4,65,-2
-4,65,-4
-7,62,-4
-6,63,-3
-2,64,-3
0,66,-6
-1,68,-10
-1,63,-14
-1,64,-15
1,68,-9
-1,73,-13
-5,76,-12
7,95,3
15,99,1
48,107,1
59,98,-31
-21,112,-19
-79,107,-11
-90,121,-5
-8,98,-3
0,79,-5
6,38,1
21,9,0
21,4,0
26,-9,-9
20,-10,-11
4,-7,-7
-7,4,0
-36,13,7
-56,26,31
-46,18,33
127,-28,106
-65,38,-17
-25,67,50
-17,62,-6
-12,62,5
-12,64,2
-10,63,-2
-9,64,-1
-4,63,-5
-3,63,-8
-1,63,-10
2,64,-9
0,66,-6
-1,67,-4
-2,69,-2
-5,71,-9
-5,76,-9
4,98,1
16,104,11
44,102,-19
33,88,-29
-22,116,-12
-101,127,-6
-49,127,13
-16,116,12
10,45,0
11,22,-4
30,-3,-13
35,-12,-11
33,-21,-18
30,-22,-20
8,-11,-19
-15,6,-5
-23,18,6
-69,26,-6
-128,127,66
30,71,-128
-37,82,72
-3,71,-15
-12,61,5
-5,67,5
-11,63,-6
-8,63,-2
-8,64,-1
-8,66,-7
-5,64,-8
-1,62,-11
0,65,-10
0,66,-8
0,70,-8
-4,70,-9
-5,82,-7
3,95,-1
30,106,8
51,88,-28
32,83,-34
-63,127,-6
-83,127,-9
-35,127,5
-15,108,2
11,55,3
22,16,-9
24,7,-14
24,-9,-21
22,-12,-24
17,-13,-21
7,-6,-17
5,-4,-12
3,5,7
-128,127,-34
127,-62,127
-16,92,-91
-12,64,58
-18,61,-9
-12,60,15
-15,62,-2
-18,61,-1
-12,65,0
-9,66,-4
-9,67,-7
-4,68,-9
-5,65,-10
-3,64,-9
-4,71,-7
0,77,-2
7,92,1
9,93,-6
26,88,-5
43,86,-2
12,86,-28
-29,111,-19
-79,122,-9
-54,127,7
-14,115,-2
-12,72,6
9,24,1
19,12,-2
28,-6,-11
25,-13,-17
24,-18,-21
11,-13,-21
3,-9,-19
6,0,-1
7,5,13
-14,127,127
127,89,39
-87,31,30
-19,70,3
-15,64,-3
-16,61,4
-16,64,-3
-10,64,4
-10,65,-5
-8,64,-5
-2,63,-7
-6,63,-6
-1,68,-8
-4,68,-4
-3,73,-7
6,90,1
11,96,2
39,106,1
40,79,-35
-5,89,-25
-73,127,-10
-59,127,-3
-12,114,0
-8,100,2
0,62,1
8,32,-6
25,9,-8
22,-6,-20
24,-11,-25
12,-12,-27
9,-8,-27
-4,-1,-19
-2,4,9
-128,127,-36
118,-11,127
-4,78,-128
-5,68,58
-17,60,-1
-8,62,11
-16,64,-2
-11,64,-2
-9,65,0
-9,64,-3
-7,65,-8
0,63,-9
0,64,-9
0,67,-7
0,70,-6
-5,71,-5
-4,84,-9
6,97,1
33,104,13
46,99,-9
13,83,-26
-65,123,-3
-62,125,-11
-24,120,2
-13,101,-6
-7,70,1
1,44,-5
21,17,-7
27,-8,-16
27,-13,-21
19,-18,-23
16,-19,-23
14,-15,-6
-128,67,-11
-128,127,68
83,127,46
-23,46,-120
-4,76,23
-22,64,-13
-11,63,7
-18,61,-5
-16,63,-4
-9,63,-4
-11,65,-7
-6,64,-10
-2,65,-10
-3,65,-7
-4,70,-8
-7,72,-6
-2,80,-6
4,95,-2
10,97,-1
40,94,-5
40,84,-25
-29,111,-10
-48,111,-16
-72,127,1
-23,106,-1
-9,88,1
3,38,3
10,29,-3
19,7,-10
27,-9,-20
24,-11,-20
21,-15,-19
17,-12,-17
20,-8,-4
23,0,4
-128,127,76
-16,80,-17
7,33,-109
-8,71,-1
-17,63,-9
-5,64,4
-15,62,-1
-11,64,-3
-6,66,-2
-5,64,-4
-5,65,-5
0,65,-4
0,67,-4
1,68,-5
-3,68,-8
-5,74,-5
1,92,-4
11,105,7
44,106,5
49,84,-24
-27,99,-18
-59,119,-6
-50,124,7
-5,110,4
-10,95,0
-11,63,-6
-5,42,-12
18,18,-6
20,8,-10
26,-6,-22
19,-4,-18
15,-2,-17
-1,16,-18
-15,31,-5
-30,41,7
-35,47,33
-128,127,-31
66,-28,24
-82,82,36
-8,72,27
-19,60,1
-6,64,9
-16,62,-6
-11,63,-5
-7,65,-1
-7,64,-6
-5,64,-9
-3,62,-12
-2,63,-10
-4,63,-11
-14,68,-15
-19,64,-19
-9,68,-5
-8,70,-7
-6,73,-7
2,78,-5
2,87,-8
9,103,-11
31,116,-23
52,91,-17
-6,95,-2
-13,71,-34
31,36,-40
41,5,-22
22,16,-23
20,25,-21
17,37,-23
10,50,-24
9,86,-30
-21,127,-29
-52,127,-4
-104,127,48
-128,116,62
-48,111,52
127,73,-39
-96,127,7
-9,44,-21
-24,48,-20
8,76,-3
8,66,0
6,64,-5
3,61,-18
6,62,-15
10,63,-6
9,64,-4
3,65,-10
6,65,-4
9,68,-2
4,68,-12
1,71,-11
5,81,-12
8,91,-4
27,105,-8
54,97,-22
58,83,-29
-24,126,-15
-34,104,-25
-82,117,-1
-13,92,2
4,65,-2
-6,27,4
4,21,1
7,5,0
11,-6,-4
9,-10,-11
0,-10,-8
-6,-9,-4
-16,5,16
-15,10,30
-128,127,127
-12,77,-114
-49,39,-43
-16,72,-12
-20,59,-2
-12,65,-1
-13,63,-5
-10,65,-2
-10,66,-6
-7,66,-9
-4,65,-9
-5,63,-11
-5,64,-9
-5,64,-7
-4,67,-6
-1,75,-6
3,83,-5
10,97,-3
28,97,-2
48,97,-22
16,82,-24
-33,116,-12
-74,122,-3
-84,127,5
-20,100,0
-1,61,3
4,33,4
14,9,-6
15,-2,-10
15,-6,-18
9,-8,-26
3,-6,-26
-2,0,-22
-2,3,-17
-1,10,-1
-128,127,-80
-105,127,127
38,24,-128
-69,92,23
-11,67,-14
-15,62,-8
-4,66,5
-12,62,-6
-7,64,-4
-8,65,-2
-7,64,-3
-3,63,-8
0,64,-9
2,63,-10
2,64,-10
1,68,-6
-1,70,-4
-7,76,-9
-4,82,-11
23,117,16
41,114,-1
54,81,-28
24,82,-33
-66,126,-16
-67,127,1
-41,127,3
19,95,-3
20,56,-3
35,7,-17
40,-20,-16
42,-25,-16
32,-28,-16
26,-28,-16
19,-20,-6
21,-15,10
-128,127,9
84,17,39
6,39,-118
3,79,23
-21,64,-19
-10,63,7
-15,63,-3
-16,64,-4
-7,66,-2
-8,67,-6
-2,64,-12
-1,62,-11
4,64,-12
-3,67,-8
-3,70,-8
-5,75,-7
-6,82,-6
6,96,4
38,99,2
54,93,-19
1,90,-24
-23,110,-15
-74,127,-9
-28,123,1
-9,102,-6
1,65,1
7,39,1
16,13,-14
23,5,-14
20,-12,-23
18,-17,-27
11,-17,-28
6,-10,-27
10,-5,-18
-128,127,-52
42,127,127
7,85,17
-26,62,45
-14,69,14
-13,60,13
-9,63,3
-18,62,-5
-9,67,-2
-6,64,-3
-7,65,-8
-5,64,-10
1,64,-8
0,64,-9
1,66,-10
-1,69,-7
-3,73,-8
-2,83,-5
7,96,-1
16,93,4
45,91,-20
41,78,-25
-22,106,-10
-59,120,-6
-85,127,-3
-34,116,2
-11,95,-6
5,47,0
4,25,-1
23,9,-11
21,-7,-11
24,-9,-16
16,-11,-16
11,-9,-16
1,-2,-14
-11,8,16
-128,97,-34
16,127,127
43,48,-17
-35,70,42
-2,69,12
-11,61,10
-11,65,-3
-12,63,-3
-7,65,-2
-3,65,-5
-2,65,-6
-1,62,-4
0,64,-3
-1,68,-3
-2,68,-5
-6,71,-6
-6,71,-6
-3,85,-6
13,104,10
28,102,16
47,79,-21
27,77,-31
-48,121,-1
-59,127,1
-40,127,4
-8,95,-7
-12,76,-4
17,20,-10
20,6,-8
25,-4,-8
24,-11,-12
20,-12,-12
12,-10,-11
5,-8,-11
9,1,14
-128,127,46
-11,127,127
-4,43,-126
-35,59,48
-17,61,-21
-9,64,2
-16,64,-1
-14,63,0
-9,64,3
-10,67,-4
-9,67,-5
-4,65,-6
-4,64,-7
-3,66,-9
-5,70,-3
-5,74,-4
4,89,5
11,91,-3
17,89,-7
49,84,-8
40,72,-23
-32,103,-15
-69,122,-7
-53,127,4
-11,106,-3
-5,89,-4
-2,46,-4
7,30,-10
17,10,-12
18,-7,-22
17,-10,-27
9,-10,-34
3,-7,-35
2,0,-21
-97,13,-51
-128,127,-2
112,66,127
-7,65,-128
-8,66,63
-19,68,-29
-8,61,14
-18,63,-3
-19,63,-6
-10,64,-1
-9,64,-4
-5,65,-13
0,63,-10
1,64,-8
-4,66,-7
-4,68,-6
-4,71,-5
-3,80,-3
3,91,2
14,95,3
23,95,5
40,75,-21
14,79,-19
-25,102,-14
-69,123,3
-54,127,6
-12,97,-3
-13,83,1
1,36,-2
12,13,-4
12,8,-3
13,-5,-14
13,-7,-19
4,-5,-24
0,-5,-24
0,0,-23
8,2,-4
-128,45,-58
-17,79,127
10,28,-128
-58,68,40
-14,65,-23
-13,60,6
-13,65,-5
-16,63,-5
-8,65,-3
-8,64,-5
-9,65,-7
-4,65,-8
-1,64,-10
2,63,-11
1,63,-10
2,64,-11
-1,66,-8
2,65,-7
0,66,-3
6,65,-2
-9,68,-3
-5,79,-2
-5,87,-7
26,123,-4
55,87,-7
55,76,-19
16,79,-11
-30,100,-13
-76,116,5
-53,122,14
-9,88,3
-5,74,10
-5,36,6
3,20,-2
7,12,-8
14,-8,-24
14,-10,-29
15,-4,-27
3,7,-29
-2,14,-29
-9,35,-2
2,38,31
-128,127,127
70,127,127
-43,7,-99
-11,86,-2
-9,61,14
-16,65,-2
-21,64,-3
-7,64,-3
-9,63,-8
-6,66,-8
-3,60,-9
-5,64,-7
0,61,-6
2,64,-11
1,63,-9
2,65,-7
0,64,-9
4,67,-9
5,69,-8
8,70,-7
10,71,-24
5,62,-28
-35,52,-80
-14,45,-70
19,67,24
27,61,28
11,65,30
-11,71,-11
-22,75,-24
-24,74,-25
-16,68,-24
2,60,-20
37,46,-21
75,36,-20
127,61,30
-11,127,2
-4,47,-7
-5,68,-15
5,67,-3
11,63,-1
9,65,-8
9,64,-11
16,64,-7
15,62,-6
7,62,-8
3,63,-7
7,62,-9
9,62,-11
10,64,-10
5,66,-12
5,65,-13
7,63,-13
8,62,-11
8,62,-10
8,63,-8
9,63,-8
8,63,-10
8,64,-10
9,69,-8
6,60,-11
7,65,-8
9,62,-5
10,61,-6
8,60,-10
2,66,-12
3,65,-6
-17,66,9
-2,66,7
20,60,-5
21,59,-3
45,54,1
-9,74,10
0,69,8
8,63,1
9,63,-5
11,62,-5
11,63,-4
11,64,-1
10,63,-1
11,63,-1
10,63,0
6,64,3
12,64,-1
8,64,-1
7,64,0
8,64,0
10,63,-1
12,62,-3
11,62,-3
12,62,-4
12,62,-3
8,63,-2
6,65,0
6,65,1
10,63,0
11,63,-3
10,63,-2
10,63,-3
9,63,-2
8,63,-1
9,63,-2
9,63,-2
9,63,-1
8,63,-1
8,63,-1
9,64,-1
9,63,-1
8,63,-1
9,63,-1
8,64,-1
7,63,-1
7,64,-1
8,63,-1
8,63,-1
8,63,-1
8,63,-1
8,64,-1
8,63,-1
8,63,-1
8,63,-1
8,64,-1
8,64,0
8,63,0
8,63,-1
8,63,0
8,63,-1
8,64,-1
8,64,-1
8,63,-1
8,64,-1
8,63,-1
8,64,-1
9,63,-1
8,63,-1
9,63,-2
7,63,-1
7,63,0
8,63,-1
8,63,-2
8,63,-2
9,63,-2
9,64,-2
9,65,-2
10,64,-2
11,65,-1
11,65,-1
11,64,-1
12,64,0
12,65,-1
12,65,-2
13,65,-2
11,67,-1
-1,63,-19
1,65,-7
1,66,-3
18,69,6
23,66,4
20,59,-7
10,57,-10
12,58,-10
18,56,-10
21,58,-8
22,61,-1
20,62,-1
13,62,-2
7,62,-4
5,63,-2
-1,66,1
-5,66,2
-18,65,-6
-31,65,-4
-5,62,0
116,46,-2
33,105,-24
-1,63,0
-6,60,-15
9,57,-11
6,71,-6
0,69,-9
1,63,-13
2,64,-10
0,64,-11
3,63,-11
7,63,-11
0,65,-9
0,66,-7
-6,67,-4
2,67,-10
-1,59,-13
-8,66,-1
-8,58,-8
-10,68,0
-19,66,-3
-14,75,-1
7,127,25
17,127,18
19,35,-24
-3,-1,-38
44,-35,-3
59,-18,-16
35,22,-27
-27,75,-23
-37,91,17
-34,98,22
-42,100,23
-42,95,22
-45,73,1
-36,69,2
-18,66,4
-16,66,11
-9,72,11
-128,105,-8
99,116,-3
26,102,-31
20,86,-9
-19,99,34
-16,53,-5
-12,67,-3
-10,64,2
-9,65,-2
-1,64,-6
-4,64,-14
-5,63,-9
-5,64,-5
-12,66,-1
-14,61,1
-17,60,2
-14,70,3
-24,76,6
-17,99,10
40,127,26
46,127,14
9,23,-35
-108,-34,-14
24,-23,-9
70,-28,-16
46,7,-14
-8,60,-20
-16,65,-15
-26,89,6
-27,91,22
-44,97,13
-50,92,24
-53,86,33
-57,71,11
-38,76,15
-32,74,20
-128,127,10
127,74,-42
-3,113,3
37,95,-10
-31,67,7
-25,49,7
-18,67,6
-10,67,2
-13,64,-2
-9,67,-5
5,66,-11
-8,66,-10
-6,69,-4
-6,57,-14
-13,64,7
-13,91,14
-10,119,13
23,126,25
28,96,21
-25,0,-28
-26,-12,-41
-24,-4,-11
21,-32,-4
62,-2,-28
-6,54,-33
-22,70,-25
-18,72,10
-2,86,21
-20,107,31
-53,112,35
-63,100,18
-71,70,17
-47,74,29
-128,80,-4
127,54,-114
44,67,-111
15,127,66
-17,52,8
-34,52,19
-6,71,-2
-14,65,5
-8,66,0
-3,63,-10
1,65,-13
9,67,-16
2,70,-8
-13,65,-5
-19,57,2
-18,70,6
-15,75,-4
-6,125,16
24,127,16
34,82,5
9,-12,-47
-36,-34,-5
54,-70,26
54,13,-22
10,47,-39
-43,93,-22
-25,94,4
-37,127,16
-36,117,40
-42,98,34
-45,66,15
-46,61,9
-22,62,18
-13,64,16
-128,95,-16
127,64,-104
29,84,-113
13,98,48
8,117,40
-32,48,-2
-11,67,2
-7,66,0
-9,65,-4
-6,59,-11
-6,60,-10
-3,60,-14
-6,67,-7
-5,69,-5
-20,67,2
-19,61,-4
-20,70,2
-21,92,9
5,127,24
31,127,22
44,74,2
12,22,-12
-40,-26,-40
-11,-63,-16
56,-37,-29
5,31,-12
-3,52,-21
-17,81,-20
-17,101,-4
-64,127,33
-69,110,29
-74,95,45
-62,69,22
-43,68,28
-78,61,12
127,71,-44
27,52,-123
50,124,12
13,127,51
-34,32,-1
-21,57,7
-8,70,6
-10,64,-4
-4,65,-7
2,66,-8
3,66,-9
-4,66,-5
-23,66,4
-12,60,1
-26,78,6
-20,96,-3
23,127,23
47,97,6
8,20,-19
-15,-31,-50
-9,-46,-38
77,-50,-16
64,-7,-17
0,67,-36
-1,88,2
-12,113,25
-59,127,45
-73,127,43
-97,83,18
-59,66,32
-46,54,15
70,127,13
127,55,-80
37,121,-5
41,127,80
-37,19,-26
-21,69,11
-8,73,-3
-13,66,0
-11,62,-4
-8,59,-10
2,62,-15
6,67,-17
-7,77,-10
-15,59,-9
-14,59,10
-22,98,9
2,127,13
42,127,17
49,115,17
1,-3,-43
-43,-49,-33
26,-60,4
54,-15,-21
19,23,-24
-19,82,-31
-22,92,-13
-60,127,23
-71,125,34
-67,97,21
-56,70,12
-42,54,6
-7,54,14
1,58,7
-57,58,-7
127,92,-9
46,36,-128
57,127,81
20,125,62
-36,41,-11
-15,67,0
-3,67,6
-12,66,-5
-4,60,-13
-4,65,-10
1,63,-12
-3,70,-11
0,65,-12
-26,63,-1
-20,67,5
-19,75,5
0,127,16
52,127,14
48,92,1
-46,-4,-5
-77,-22,-12
77,-55,-36
67,-22,-12
41,18,-10
6,68,-28
-5,77,-26
-28,108,21
-27,127,40
-69,127,46
-93,85,24
-95,62,31
-85,50,12
-128,127,4
127,44,-113
2,111,47
45,127,31
-30,34,-10
-40,48,29
-3,67,-2
-15,71,-3
-15,63,-1
-13,55,0
-19,46,-3
-2,76,3
1,84,-16
-22,67,2
-3,111,9
6,127,7
19,106,2
35,69,-2
16,4,-36
36,-60,-23
85,-51,-11
23,54,-22
9,68,-32
-8,94,-20
6,108,-2
-20,127,27
-34,127,24
-29,108,42
-91,79,31
-73,67,33
-40,67,21
-128,127,29
127,82,-4
31,119,-23
18,127,23
-30,32,-16
-12,66,2
-8,70,7
-8,66,-5
-6,63,-11
0,62,-10
-3,64,-8
-6,67,-4
-4,70,-6
-5,74,-8
1,79,-5
3,97,-6
22,126,-28
52,127,-37
37,101,-27
-1,69,-12
-19,56,-17
31,15,-1
13,0,-12
7,4,-17
11,26,-12
11,38,-10
6,65,-11
0,88,-15
-20,127,-10
-93,127,28
-103,127,69
-111,100,57
-35,87,38
21,74,40
19,73,25
-5,47,3
5,68,-12
1,63,-15
5,66,-8
5,65,-6
3,62,-14
9,61,-14
8,62,-13
8,65,-13
9,65,-12
5,66,-11
-9,70,-10
-4,60,-10
-14,68,1
-6,60,-9
-21,75,2
-4,106,11
11,127,19
43,92,19
16,37,-6
-3,-25,-46
16,-46,-40
71,-51,-28
22,42,-23
-12,75,-26
-16,100,8
-24,127,38
-66,127,33
-84,104,25
-96,87,20
-63,68,32
-48,44,7
-53,127,-12
127,73,-22
9,115,-28
30,127,44
-35,40,-20
-31,58,23
-6,69,-1
-13,65,-2
-7,62,-4
2,63,-11
0,67,-15
-7,63,-11
-11,69,-2
-12,65,-9
-9,64,-6
-14,63,9
-23,68,16
3,123,14
4,119,6
19,90,19
-16,12,-15
-16,-5,-35
-30,-9,-3
24,-44,20
44,20,-17
-14,62,-12
-23,74,-9
-17,88,11
-21,99,11
-38,111,8
-39,107,11
-32,88,11
-35,71,3
-32,64,1
-28,58,7
-19,58,8
-9,62,7
4,60,12
-17,59,-9
127,85,-24
57,53,-107
29,80,-19
-10,127,44
-22,42,-21
-22,53,9
-6,67,4
-9,67,-4
-9,64,-4
-4,63,-5
2,66,-12
-3,64,-10
-9,64,-5
-6,73,-5
-9,62,-8
-23,63,8
-15,68,3
-17,72,0
-19,85,4
2,127,33
32,127,42
31,52,4
-20,-10,-39
-19,-18,-36
0,-42,10
28,-39,-25
15,29,-17
-16,66,-14
-12,80,-11
-27,109,4
-45,122,8
-42,110,12
-26,91,16
-31,84,18
-32,65,4
-28,62,11
-5,57,11
-6,63,7
3,65,9
-126,108,5
41,110,2
11,66,-92
23,84,-29
25,127,46
-34,37,-11
-21,54,6
-4,69,1
-8,66,-2
-3,64,-8
-2,61,-10
4,66,-7
1,66,-9
0,67,-9
-5,67,-2
-7,69,-4
-12,57,-2
-17,65,0
-19,67,1
-12,62,-1
-11,102,2
-5,127,18
46,122,30
30,80,7
19,-11,-40
-38,-23,-18
22,-36,-5
51,-19,-10
2,35,-23
-25,88,-16
-33,98,-6
-57,127,-4
-69,127,-16
-47,106,1
-29,82,9
-20,73,7
-10,63,5
-7,62,4
-2,62,1
0,58,1
12,50,2
8,64,-3
11,59,-1
15,61,-4
17,66,-4
-14,66,-17
69,76,-26
70,53,-53
-1,67,14
37,56,-36
-3,113,29
-21,51,-20
-24,67,-6
-3,65,-1
-10,64,-14
0,61,-9
-1,64,-7
1,63,-11
-3,67,-3
-3,66,-2
-9,67,-9
-10,61,-8
-20,64,7
-16,58,-3
-24,66,8
-15,72,3
-15,99,17
0,127,20
20,102,17
-10,24,-10
-51,-7,-22
-40,-13,-13
40,-20,1
34,8,-4
-10,58,-22
-37,82,1
-33,89,9
-24,98,6
-23,101,9
-31,99,9
-18,85,14
-17,77,8
-23,64,0
-21,60,4
-9,57,8
-7,59,8
2,63,5
7,61,6
2,60,5
-120,110,4
92,89,-32
14,76,-44
53,85,0
14,127,50
-22,57,-23
-25,45,-16
-8,60,4
-10,66,-7
-6,66,-8
-5,64,-9
-8,64,-7
-12,59,-3
-14,57,-3
-13,60,-4
-10,75,-5
-15,74,-3
-14,54,-4
-19,57,3
-17,74,4
-19,62,1
-19,72,4
-10,96,14
-16,110,18
14,100,23
2,71,13
-49,15,-5
-29,7,-21
-32,-4,-5
25,-16,5
22,28,-1
-1,42,-13
-28,68,-9
-34,76,-1
-22,93,5
-33,90,-5
-31,98,4
-14,92,17
-16,89,20
-26,75,3
-18,64,-2
-23,65,3
-21,66,1
0,59,4
4,63,1
4,65,1
2,75,-13
-93,118,-14
23,62,-56
15,64,-9
40,81,-36
1,89,20
-22,54,-22
-15,60,-6
-3,61,-1
-2,64,-9
4,63,-12
1,64,-10
2,65,-10
-1,64,-13
-3,64,-6
-6,66,-6
-4,66,-6
-8,65,-7
-11,65,-6
-4,66,-9
-21,60,7
-12,61,3
-15,69,1
-21,72,-1
-21,97,11
1,109,20
11,122,25
10,60,2
-21,20,-4
-23,-4,-25
-16,-6,-27
28,-32,3
34,18,0
6,35,-9
-27,73,-14
-40,84,-6
-28,105,2
-34,101,-6
-38,114,2
-16,99,20
-19,93,20
-25,69,1
-28,62,7
-18,57,5
-4,60,0
3,59,1
-7,61,2
-1,53,-6
-128,127,1
43,55,-85
-5,74,-33
36,79,-17
16,112,29
-14,75,-1
-26,54,-11
-3,63,-3
-7,65,-11
-9,62,-9
-5,60,-8
-5,60,-8
-8,68,-7
-8,62,-7
-9,69,-9
-18,62,-5
-19,55,-2
-25,61,3
-18,83,0
-12,105,4
10,110,19
14,108,21
13,57,18
-13,21,8
-42,-10,-20
-8,-22,-34
48,-26,-16
15,15,5
4,36,-3
-7,62,-10
-25,78,-4
-31,88,5
-34,88,11
-25,94,15
-32,96,17
-38,85,18
-37,75,1
-41,65,10
-30,66,12
-12,63,20
-60,64,-24
127,70,-36
27,81,4
30,83,8
-17,113,10
-24,44,-25
-12,52,3
-7,70,-3
-13,62,-3
-10,63,-1
-8,60,-2
-8,65,-3
-9,66,-5
-13,62,-1
-10,71,-2
-15,61,-1
-18,66,2
-18,63,1
-23,68,6
-23,75,4
-16,87,14
0,118,21
11,117,19
10,65,3
-19,28,-6
-49,-4,-23
26,-21,-5
41,-19,-4
18,30,-11
4,46,-16
-9,76,-13
-7,97,-3
-10,108,-4
-23,115,-7
-27,116,-4
-11,111,5
-12,113,9
-25,88,7
-34,75,14
-24,69,6
-16,68,5
16,65,-5
127,39,-47
-43,114,17
8,89,5
5,64,-17
6,55,-31
13,57,-18
17,59,-12
18,62,-15
9,64,-19
8,63,-18
10,64,-14
10,62,-15
8,60,-16
8,60,-13
8,61,-12
4,64,-12
4,63,-13
5,63,-13
5,63,-13
4,62,-14
0,65,-10
-3,65,-8
1,64,-11
-1,66,-11
-3,66,-12
-8,69,-10
-6,70,-10
-4,75,-8
2,76,-4
4,86,3
8,82,0
11,77,-7
8,77,-9
6,75,-10
-41,67,-6
-20,43,-26
11,35,-19
20,26,-6
18,29,-6
17,40,-6
13,44,-7
8,59,-8
4,78,-10
3,86,-10
3,97,-14
1,103,-7
-10,106,11
-37,96,23
-47,94,44
-37,79,14
-26,79,2
125,52,-29
-49,111,2
6,87,9
-2,53,-17
9,54,-19
13,56,-13
13,63,-3
12,66,-7
6,64,-21
8,65,-25
12,63,-18
11,62,-13
6,62,-8
5,61,-8
1,63,-7
-2,65,-6
0,67,-6
1,67,-11
-1,70,-10
-4,71,-12
-5,88,-20
7,94,-13
24,111,3
34,103,-20
23,85,-24
-43,60,-5
-21,49,-17
25,22,-2
24,15,-1
14,20,-9
15,34,-4
14,40,-1
12,59,2
10,72,2
12,101,2
10,113,6
-16,127,17
-83,116,51
-91,101,66
-40,81,9
113,52,-65
-68,90,2
12,87,25
1,48,0
12,64,-13
8,57,-13
15,58,-11
19,60,-8
12,64,-15
10,63,-16
13,65,-12
13,62,-13
13,60,-16
12,60,-15
9,63,-10
8,64,-7
8,63,-12
8,63,-11
7,65,-8
8,66,-10
6,66,-12
6,69,-10
6,71,-9
4,79,0
17,81,4
19,85,1
-4,62,-9
-17,50,-19
12,35,-21
34,18,-2
32,19,-11
20,45,-10
16,57,-6
-3,115,-19
-128,127,90
22,14,-14
-30,73,14
0,62,-7
14,65,-1
11,63,-3
10,64,-5
12,63,-11
10,66,-8
4,64,-3
5,63,-5
3,63,-4
3,63,-1
6,64,-3
4,65,-6
4,64,-7
5,64,-4
5,65,-2
5,64,-2
5,64,-3
3,64,-5
4,64,-5
4,64,-3
4,63,-3
3,63,-2
4,64,-3
4,64,-3
4,64,-3
4,64,-2
5,64,-2
5,64,-2
5,64,-3
5,64,-2
4,64,-2
4,63,-2
4,64,-2
4,64,-2
4,64,-2
4,64,-2
4,64,-2
5,64,-3
4,64,-3
4,64,-2
4,64,-2
4,64,-2
4,64,-2
4,64,-2
4,64,-2
4,64,-3
4,64,-2
4,64,-2
4,64,-2
4,64,-2
4,64,-2
4,63,-2
6,64,-2
5,64,-2
5,63,-3
5,64,-3
5,64,-3
5,64,-2
5,64,-3
5,64,-3
4,64,-3
5,64,-4
5,63,-4
5,64,-4
6,65,-5
6,64,-5
5,64,-4
4,64,-4
4,64,-4
4,64,-4
4,63,-4
4,64,-4
4,63,-4
4,64,-3
5,64,-4
5,64,-4
5,64,-4
5,64,-3
5,64,-4
5,64,-3
5,64,-3
5,64,-3
5,64,-4
5,64,-3
5,64,-3
5,64,-4
5,64,-3
5,64,-3
5,64,-4
5,64,-3
5,64,-3
5,64,-3
6,64,-3
5,64,-2
5,64,-3
5,63,-3
5,63,-3
5,64,-2
5,63,-3
5,63,-3
5,64,-3
5,64,-3
5,64,-3
5,64,-3
5,64,-3
5,64,-3
5,64,-3
5,64,-3
5,63,-2
6,64,-2
5,64,-2
5,64,-2
5,64,-2
5,64,-2
5,64,-3
6,64,-4
6,64,-4
6,64,-2
6,64,-3
6,63,-2
5,63,-3
6,64,-3
6,64,-2
5,64,-2
5,63,-2
5,64,-2
5,64,-2
6,63,-3
6,64,-3
6,64,-2
6,64,-2
6,64,-3
6,63,-2
6,64,-2
6,64,-2
7,64,-2
6,64,-2
7,64,-2
7,64,-2
7,63,-2
7,64,-2
7,64,-2
7,64,-2
7,64,-2
7,63,-2
7,64,-2
7,63,-2
7,64,-2
7,63,-2
7,64,-2
7,64,-2
7,63,-2
7,63,-2
7,64,-2
8,64,-2
7,63,-2
8,64,-2
8,63,-2
8,64,-1
7,63,-1
8,64,-1
7,64,-1
8,63,-2
7,64,-1
7,63,-1
7,64,-1
7,63,-1
7,63,-1
8,63,-1
7,63,-1
7,64,-1
8,63,-1
7,63,-1
7,64,-1
8,63,-1
8,63,-1
7,63,-1
8,64,-1
8,64,-1
7,64,-1
7,63,-1
7,63,-1
8,64,0
8,64,-1
7,63,-1
7,63,-1
8,64,-1
8,63,-1
8,64,-1
8,64,-1
8,64,0
7,64,-1
7,63,-1
6,64,0
6,63,1
6,63,0
7,64,0
7,63,0
7,63,0
7,64,0
7,64,0
7,64,0
7,63,0
7,64,0
6,63,0
6,63,1
6,63,0
6,64,0
6,64,0
6,64,1
5,64,0
6,64,-1
5,63,-1
6,64,0
6,64,-1
5,64,-1
4,64,-1
6,64,0
5,63,-1
6,63,-1
6,64,-1
8,64,-1
7,64,-2
7,64,-2
8,64,-2
7,63,-2
6,64,-2
6,63,-1
5,64,0
5,63,-1
6,63,-2
6,64,-2
6,64,-2
6,64,-1
6,64,-2
6,64,-3
6,64,-2
6,64,-2
6,64,-2
6,64,-3
6,64,-3
6,64,-3
6,63,-3
6,64,-2
6,63,-3
5,64,-3
6,64,-3
6,64,-2
6,64,-3
6,64,-3
6,64,-3
6,64,-3
7,64,-3
6,64,-3
6,64,-3
6,64,-3
6,64,-3
5,65,-3
6,64,-3
5,64,-2
5,63,-1
5,63,-1
6,64,-2
6,64,-2
7,65,-2
5,64,-3
6,64,-5
6,64,-2
9,63,-5
1,64,-1
-1,62,2
0,61,1
2,64,-1
3,64,-2
5,64,-2
6,63,-1
4,63,-3
2,62,-5
4,62,-7
4,66,-7
3,65,-6
1,67,-7
1,67,-7
1,64,-5
3,64,-6
5,63,-5
6,65,-5
6,65,-4
4,65,-4
2,68,0
3,68,1
-2,66,-2
-3,65,-4
-6,62,-26
-13,68,-12
-16,71,-2
-3,63,1
4,63,0
12,63,5
12,62,3
12,63,-2
10,63,-7
8,64,-10
4,63,-16
3,62,-18
-3,62,-27
-3,63,-29
-3,61,-38
6,61,-43
16,64,-28
15,66,-16
10,69,-8
28,62,-10
82,41,-5
30,58,-21
6,75,6
1,67,-11
8,65,-1
-1,65,1
0,62,-2
-4,57,-12
-10,56,-18
-8,54,-16
-6,57,-7
-8,59,-3
2,72,-13
11,72,-8
9,72,-12
7,69,-16
5,65,-14
1,64,-9
1,61,-11
2,62,-10
3,62,-9
1,63,-10
4,63,-10
2,65,-12
2,64,-11
6,63,-5
2,68,-7
0,67,-8
-2,68,-7
1,69,-10
-2,73,-8
7,73,6
0,70,-11
-8,61,-17
-7,47,-19
-2,42,-17
33,34,17
29,39,14
21,52,10
-14,74,5
-102,120,66
7,46,-2
-5,77,1
-8,59,-7
-2,62,0
3,65,2
-1,65,-2
-1,64,-1
-1,65,3
-1,65,2
0,65,-1
1,65,0
1,65,1
1,65,1
0,65,1
-1,63,2
-2,64,3
-2,63,3
-2,63,4
-1,63,4
-1,64,4
-1,65,4
-1,64,4
-1,64,5
-1,64,5
-2,65,6
-2,64,7
-1,63,6
-2,63,5
-2,63,6
-2,64,7
-2,63,7
-2,64,6
-2,63,6
-3,63,6
-3,63,5
-2,63,4
-2,63,4
0,63,4
1,64,6
3,65,11
3,65,11
0,64,7
-1,64,5
-1,64,4
-1,63,4
0,63,5
1,64,8
2,64,9
1,64,8
0,64,6
0,64,5
0,63,5
1,64,5
1,63,8
2,64,9
1,63,7
1,64,6
1,64,5
2,64,6
1,65,6
1,63,7
1,64,6
1,64,6
1,64,6
1,64,5
0,63,6
0,63,7
0,64,7
0,65,6
1,64,6
0,63,7
0,63,8
1,64,6
1,64,6
1,64,5
2,65,5
0,65,6
0,63,6
1,63,6
0,64,6
1,64,6
1,63,6
0,63,6
1,63,6
0,64,6
0,64,6
0,63,6
-1,65,7
-1,64,7
-1,64,7
0,64,7
-1,64,7
-1,63,7
-1,64,7
0,64,7
-1,64,7
-1,64,6
-1,64,7
-1,64,7
0,64,7
0,64,6
0,65,6
-1,65,6
-2,63,8
-2,64,8
-3,64,8
-1,63,10
-2,63,10
-3,62,11
-3,64,10
-3,63,11
-5,62,12
-6,63,14
-4,61,11
-5,61,9
-5,62,6
-3,64,7
-3,65,8
0,66,8
0,68,7
0,69,8
-4,70,7
-6,67,6
-8,63,5
-9,62,6
5,57,7
8,58,3
5,60,1
4,62,0
6,61,-1
6,63,-2
4,64,-1
4,65,-2
4,65,-2
5,65,-1
5,66,0
6,65,0
6,66,1
6,66,1
4,67,2
-1,67,3
-5,67,4
-7,68,1
-10,67,0
-13,67,-3
14,60,-9
62,50,-19
-1,80,-3
3,76,-5
0,66,-10
12,60,-11
12,59,-11
11,62,-9
10,63,-8
9,65,-10
5,64,-13
6,64,-12
7,64,-12
7,63,-14
6,62,-13
8,62,-12
6,63,-9
4,63,-10
5,63,-10
5,63,-9
4,64,-10
3,64,-9
2,64,-9
1,64,-8
0,64,-9
0,64,-9
-1,66,-7
0,66,-6
-2,68,-7
-2,73,-11
-5,81,-18
-4,91,-6
13,102,3
20,104,-9
7,78,-18
-14,64,-12
-4,44,-13
23,35,5
24,24,-3
15,32,-10
14,38,-6
15,47,0
14,54,0
13,71,-4
13,82,-5
11,101,-4
-4,114,2
-24,116,11
-62,103,27
-83,99,41
-66,88,-1
37,66,7
-35,124,11
6,56,-7
-10,46,-15
-1,68,-9
5,67,-7
8,64,-2
2,64,-8
0,63,-11
6,63,-6
7,63,-6
4,63,-11
6,61,-9
4,63,-8
1,66,-6
1,68,-4
4,67,-7
-3,74,-14
-6,79,-17
8,96,1
20,110,4
61,127,-36
87,127,-47
24,127,-12
4,80,-39
3,79,-25
-16,52,-45
-6,29,-45
8,-10,-32
-15,4,-23
-32,3,-12
-87,44,24
-119,70,59
-128,70,89
-128,127,79
110,30,-4
-20,36,7
-13,87,6
-8,60,4
-18,62,4
-27,74,2
-22,127,-19
61,127,6
127,43,-36
-128,127,6
-66,127,-20
34,127,-39
71,127,-57
95,-9,-64
114,-59,-52
69,-103,-58
36,-95,-54
-40,-19,7
-122,40,77
-119,44,103
-128,127,5
-78,115,101
-20,-7,-13
-47,68,27
-32,95,-2
44,127,14
90,127,-7
-28,88,8
-120,120,-3
-75,127,-27
62,127,-43
74,80,-38
108,-23,-50
88,-69,-52
44,-81,-53
-11,-36,0
-36,16,40
-117,49,74
-128,93,-13
127,92,11
-35,37,1
-5,83,28
-28,79,14
19,127,6
96,127,0
127,98,-15
-128,127,-3
-42,127,-32
31,127,-31
78,68,-38
86,3,-37
83,-64,-48
31,-89,-61
10,-76,-44
-48,18,28
-78,55,52
-128,127,16
52,95,127
-9,64,-57
-42,78,48
-34,68,5
7,127,36
61,127,30
84,66,-33
-128,120,-2
-101,127,-36
19,127,-48
72,127,-41
78,-4,-36
63,-76,-58
55,-91,-60
9,-60,-35
-15,-23,-2
-58,45,61
-84,29,82
-128,127,-9
108,127,-18
-103,-18,-19
-11,81,22
-39,72,0
-36,85,1
55,127,6
118,127,-16
-51,86,15
-120,127,-6
-46,127,-30
18,127,-46
55,57,-44
77,-28,-45
67,-72,-43
24,-70,-45
13,-54,-28
-29,5,44
-88,19,84
-103,3,55
51,127,87
127,127,2
-2,53,-2
-35,73,-1
-27,75,12
-23,127,3
49,127,8
127,52,-28
-95,108,16
-94,127,-38
31,127,-32
61,127,-36
73,-7,-40
77,-31,-45
56,-80,-51
9,-61,-42
-9,-32,-6
-66,42,51
-90,30,61
-128,127,127
4,127,-1
-23,87,-47
-23,61,4
-33,86,-2
38,127,15
127,82,-2
16,73,-3
-102,99,-11
-77,127,-25
4,127,-22
43,127,-34
46,41,-32
58,-38,-48
56,-83,-47
30,-59,-49
14,-48,-28
-8,14,39
-30,38,55
-70,41,80
54,127,127
111,50,-114
-20,53,28
10,72,-11
-30,70,7
-39,73,0
-33,98,0
71,127,14
127,26,-3
-62,82,10
-105,127,-14
-91,127,-29
39,127,-43
43,127,-40
71,17,-52
69,-18,-47
74,-75,-39
45,-40,-42
11,-22,-38
-12,26,45
-44,62,74
-108,66,100
-128,127,20
127,-8,-30
-88,82,33
3,78,14
-14,57,-7
-1,63,5
-15,65,-4
-9,68,-3
-7,73,-5
-3,82,-18
2,96,-29
20,91,0
39,81,-9
45,91,-14
58,97,-43
27,116,-28
-3,70,-35
55,28,-26
45,0,-26
25,11,-25
19,22,-20
16,44,-17
8,65,-15
-28,120,12
-95,127,64
-124,127,61
-128,90,39
31,111,-13
5,85,-23
-61,72,3
-19,83,20
-2,59,8
-16,62,6
-25,66,-1
-23,71,-6
-11,95,-21
59,127,10
71,127,14
71,47,-13
-22,67,-11
-48,112,-37
-64,127,-7
-7,127,-24
22,66,-22
37,14,-26
41,-69,-28
24,-48,-33
8,-41,-38
-7,-18,16
-29,6,61
-96,33,74
-106,32,71
-128,127,-34
25,127,23
-85,-33,25
-19,70,-3
-19,74,5
-34,74,0
28,127,5
69,127,2
113,40,-5
-76,93,-13
-65,127,-18
-24,127,-21
32,127,-34
40,59,-27
42,13,-35
44,-76,-47
47,-91,-50
7,-51,-45
-6,-5,14
-23,26,54
-82,38,81
-87,35,75
-35,127,97
-26,-2,-43
-79,61,31
-19,68,-8
-17,57,27
-23,65,3
-28,68,5
-37,80,-2
25,127,11
110,127,1
-2,47,5
-54,124,-18
-66,127,-31
26,127,-29
33,127,-29
56,16,-42
64,-24,-52
53,-75,-48
38,-64,-52
6,-37,-21
-44,27,72
-73,28,79
-128,127,72
120,75,111
11,127,-36
-16,46,33
-21,62,-13
-31,74,17
-34,78,5
31,127,8
103,83,2
81,46,-1
-89,70,-17
-82,127,-24
-32,127,-9
0,127,-16
33,99,-22
43,13,-44
43,-34,-44
47,-75,-42
25,-45,-42
3,-21,-23
-22,15,51
-47,29,67
-128,35,-9
-128,127,67
125,127,-59
-128,-21,-39
-10,74,2
-19,72,10
-35,67,6
-33,98,0
17,127,1
90,108,5
-47,74,1
-87,85,-23
-83,127,-22
-38,127,-15
45,127,-33
41,32,-41
50,-4,-45
45,-77,-44
35,-71,-44
9,-34,-34
-7,-18,-17
-33,28,57
-91,13,62
-128,127,-11
54,116,15
21,127,-34
-10,42,30
-22,70,-1
-26,73,14
-14,112,-4
25,127,4
90,85,4
85,56,-2
-95,63,-8
-87,127,-18
-35,127,-18
26,127,-38
30,127,-34
49,13,-46
49,-73,-41
46,-73,-40
22,-35,-33
8,-20,-17
-23,22,53
-67,8,73
-128,115,-10
91,98,47
127,127,-69
-12,30,16
-9,84,4
-15,70,14
-31,87,6
-2,127,2
62,127,4
99,78,9
-63,103,-9
-87,126,-18
-75,127,-24
34,127,-41
41,116,-34
40,18,-43
53,-24,-48
47,-77,-42
18,-41,-40
8,-24,-32
-19,21,30
-59,29,80
-128,106,2
83,56,79
2,100,-67
-5,77,34
-23,52,35
-27,75,8
-26,91,2
-3,127,1
67,127,5
96,67,5
-71,94,-6
-75,39,-19
-61,112,-11
-1,127,-13
17,127,-24
-4,88,-27
6,58,-36
26,-9,-35
35,-54,-29
27,-30,-30
-1,-14,-33
-7,2,7
-12,22,45
-25,30,78
-128,127,6
114,127,12
58,127,-74
-1,57,4
-15,75,-1
-7,65,-1
-13,62,-3
-16,65,-1
-12,67,-6
-14,71,-8
4,114,0
49,127,4
71,76,9
2,48,6
-60,49,-27
-58,101,-3
-58,127,-11
-3,127,-6
27,116,-6
-4,55,-16
-7,40,-20
-11,22,-24
-1,-17,-26
6,-17,-33
3,-18,-36
-4,4,-34
-15,17,-29
2,49,39
11,59,109
-128,122,79
32,64,93
44,63,-128
-80,24,55
11,46,-19
-18,68,0
-21,60,1
-15,64,-4
-15,61,-8
-12,62,-7
-7,67,-8
-4,63,-13
-2,61,-12
4,63,-11
6,62,-11
11,64,-8
11,66,-5
6,71,-7
-9,71,-9
-11,71,-14
-30,60,-64
-55,53,-108
-25,75,-22
20,73,-7
14,74,2
-1,72,-3
7,71,-14
9,52,-33
20,44,-34
26,48,-30
39,52,-17
44,56,-7
105,54,-13
-10,127,-12
0,33,-13
9,72,-6
7,62,-6
11,63,-9
14,70,-13
5,67,-13
8,65,-12
7,63,-11
4,62,-11
6,61,-9
6,62,-9
5,62,-9
5,63,-10
5,67,-8
4,64,-9
6,64,-11
5,64,-11
5,66,-6
4,65,-10
3,65,-9
1,65,-6
1,64,-6
1,63,-4
1,65,-4
1,66,-4
-1,69,0
0,70,-2
12,79,8
5,88,8
8,70,-11
-22,43,-21
-13,34,-22
23,18,-5
13,39,-21
3,55,-16
-30,127,102
-128,127,108
41,-8,-12
32,42,25
-26,89,-15
5,59,-3
-1,69,12
4,60,4
5,62,1
-9,66,-6
-9,65,-4
2,65,4
0,65,0
-3,65,-3
-1,63,-3
2,64,-1
1,65,-1
1,65,-3
1,65,-3
-2,64,0
-1,63,0
0,63,-1
1,64,-2
0,64,-2
1,64,-1
0,64,-1
-1,64,-1
0,64,-1
1,65,-2
0,65,-1
0,64,-1
2,65,-2
1,64,-2
2,64,0
-1,65,0
-1,63,0
0,64,0
0,64,1
0,64,0
0,64,0
1,64,0
1,65,0
2,64,0
1,65,1
1,64,1
0,64,0
0,64,1
0,64,1
0,64,1
1,64,1
1,64,1
1,64,1
0,64,1
0,64,2
0,64,2
0,65,1
0,64,1
-1,64,1
-1,64,2
-1,64,2
0,64,1
-1,64,1
-1,64,2
-2,64,2
-1,64,2
-1,65,2
-2,64,2
-2,64,2
-2,64,2
-1,64,2
-1,64,3
-1,65,2
-2,64,2
-1,64,2
-1,64,3
-2,65,3
-2,65,3
-2,67,4
1,67,1
3,67,-2
2,67,0
5,69,7
-2,75,6
-2,73,5
-5,66,-1
-10,63,-4
8,51,-3
14,47,-2
14,48,-4
10,54,0
7,59,3
-2,65,5
-4,67,7
-13,71,9
-21,71,6
-24,70,6
-25,64,5
-17,67,7
21,59,-1
1,74,-2
-10,64,4
-17,68,5
1,68,-4
-5,67,-7
-13,65,1
-3,65,-4
-15,63,1
-9,66,-1
-8,68,-6
-13,73,-7
7,95,-23
61,127,-20
66,127,-23
49,0,-21
63,-53,0
103,-52,-55
33,-14,-38
-2,21,-2
-67,94,25
-128,127,19
-128,127,32
-128,127,50
-128,127,32
103,30,-75
121,108,-128
-52,-73,13
-31,59,6
-11,64,-2
-4,79,-30
-14,95,-39
58,127,23
112,127,-4
50,-16,-38
60,-94,-19
102,-59,-30
48,-29,-14
2,-2,-15
-58,66,14
-96,122,35
-128,127,28
-98,127,55
-128,106,9
127,60,-39
79,23,-128
-16,65,76
-25,56,-33
-48,73,8
2,104,-45
31,127,-5
108,127,-32
49,-34,-41
104,-80,-5
127,-45,-54
46,-4,-35
-58,63,15
-85,91,34
-126,127,14
-128,127,32
-111,116,24
-69,51,26
-95,126,-3
66,44,-128
27,127,127
-35,0,-5
-14,69,-28
-33,82,-7
36,127,9
106,127,3
49,-3,-57
89,-109,-6
109,-79,-43
57,-35,-11
26,-4,-9
-62,63,25
-128,127,5
-128,127,-1
-128,127,27
-111,99,36
-21,127,-5
65,88,-128
-26,104,-43
26,127,85
-16,84,-54
-32,57,1
-28,90,-14
30,127,11
81,127,-25
54,23,-39
12,-37,-15
102,-119,-21
70,-24,-13
10,29,-34
-35,74,-4
-93,126,17
-89,127,18
-126,127,17
-104,109,13
-86,76,10
45,91,15
127,47,-54
43,127,42
30,127,75
-35,52,9
-29,60,-7
14,68,7
-12,78,-6
-11,88,-19
22,127,2
85,127,-19
57,74,-26
27,-36,-34
85,-100,-13
84,-23,-14
47,-6,-17
-28,51,-28
-77,100,-1
-95,127,-2
-128,127,15
-125,126,27
-101,84,15
68,78,5
126,79,-19
-50,63,-61
74,127,58
-33,-12,-30
-41,45,4
-4,92,-25
24,127,10
77,127,11
62,60,-23
71,-36,-35
95,-128,-13
56,-13,-48
32,16,-24
-40,125,34
-99,127,37
-128,127,18
-128,105,28
-118,65,31
127,106,-10
2,91,-63
11,127,54
52,127,42
-35,27,3
-24,88,-10
-7,106,-32
16,127,8
88,127,5
70,27,-31
68,-75,-48
112,-118,-57
52,-26,-26
45,-17,-22
-45,71,20
-95,120,42
-128,127,22
-128,127,19
-128,127,54
127,31,-76
63,102,-128
13,64,67
-53,51,6
-27,78,14
-16,70,-18
-23,78,-15
8,127,9
79,127,-16
86,101,-39
24,-29,-42
73,-64,-43
115,-28,-36
58,11,-30
20,66,-22
-28,127,-6
-47,127,-1
-115,127,27
-128,127,26
-99,98,46
-22,64,23
-128,127,-23
32,59,-84
4,83,-2
2,127,78
-32,25,-22
-25,63,11
-17,72,-3
-17,76,1
8,115,-7
15,122,-8
37,94,-12
46,93,-28
14,88,-25
4,112,-32
2,71,-39
49,19,-19
20,3,-17
25,8,-21
17,35,-19
16,54,-14
-9,99,3
-35,127,27
-122,127,43
-128,127,36
-128,105,20
127,40,-64
-85,127,63
-21,30,-12
-12,75,12
-3,67,-5
-8,58,-6
-13,68,2
-8,67,-1
-8,71,-6
-9,71,-11
-5,97,-30
16,127,6
80,127,-15
21,13,-36
-8,-6,-24
127,-114,-27
104,-56,-22
43,-2,-24
15,33,-19
-50,93,0
-119,127,16
-113,127,40
-128,127,23
-128,101,-6
104,90,3
127,73,-44
22,127,-12
-34,-7,13
-29,46,2
-9,76,5
-2,76,-21
-5,105,-14
69,127,-1
86,127,-34
36,-12,-31
84,-106,-19
118,-49,-43
52,-4,-35
-12,38,-13
-49,95,36
-96,127,31
-128,127,29
-128,127,45
-116,72,6
127,71,22
64,31,-103
28,127,88
-30,-18,28
-45,79,8
-4,89,-30
0,113,-20
66,127,-2
83,127,-16
70,-47,-39
68,-76,-27
127,-60,-56
15,29,-30
-41,70,1
-85,127,60
-128,127,25
-128,127,40
-66,79,37
-101,85,36
127,59,-36
41,40,-128
62,127,107
-27,-14,-7
-26,75,-6
-2,112,-34
16,127,-4
84,127,-4
100,108,-31
30,-58,-43
122,-85,-16
96,-20,-5
27,22,-34
-42,63,-14
-106,126,27
-128,127,8
-128,127,25
-128,83,2
-56,127,61
94,32,-103
-1,69,-128
10,73,41
-44,69,24
-33,81,-4
-11,90,-24
10,125,0
54,127,-4
60,48,-30
29,-29,-29
89,-114,11
127,-67,-29
39,39,-42
-13,84,-27
-61,127,31
-128,127,16
-128,127,34
-128,102,23
-71,71,27
107,80,7
10,46,-118
-7,61,-73
-28,41,-11
-33,-10,-13
-22,79,5
-2,101,-32
6,127,16
95,127,-12
115,99,-37
49,-82,-60
127,-80,-46
80,-25,-27
-1,31,13
-35,81,35
-128,127,12
-128,127,45
-128,127,21
37,127,25
127,70,-20
5,124,-85
-2,127,81
-24,41,-31
-36,47,3
-3,77,-6
12,126,-11
29,127,6
87,127,-18
79,46,-26
73,-64,-39
110,-62,-48
69,-2,-27
-6,55,-21
-59,127,44
-108,127,46
-128,127,35
-128,127,43
-76,57,51
127,122,-17
71,98,-81
-13,118,-52
-38,67,84
-6,94,-61
-13,73,-38
10,127,6
32,127,0
100,127,-3
47,-50,-38
42,-70,-53
127,-54,-23
59,-1,-19
-7,51,-15
-66,93,21
-128,127,39
-128,127,41
-126,67,46
84,127,-15
127,106,-9
-25,96,-28
-29,91,40
7,114,39
-35,60,-19
-33,78,4
-8,123,10
27,127,2
52,127,-11
29,89,-16
16,43,-33
9,-2,-56
65,9,-49
25,32,-35
31,54,-30
34,89,-22
11,127,-15
-29,127,25
-128,127,71
-128,114,82
-128,97,70
127,84,-95
-128,127,90
-36,60,11
-15,62,-5
-10,61,-7
-2,68,-4
-3,69,-3
-4,63,-14
-6,66,-12
16,68,-8
-4,68,-7
-2,67,-4
3,74,-5
4,81,-7
4,94,-3
40,127,-27
72,127,-26
-38,82,-20
-39,70,-17
25,28,-24
30,8,-8
20,7,-6
17,20,-9
15,26,-10
18,49,-4
14,67,-4
-4,109,1
-33,127,6
-62,127,50
-104,110,70
-103,91,55
127,42,-95
-102,127,1
9,96,18
11,44,-18
11,51,-22
11,59,-16
14,67,-10
10,63,-18
12,63,-17
13,62,-17
11,59,-15
10,59,-14
9,62,-12
9,63,-12
11,66,-10
11,64,-8
10,65,-9
5,67,-17
2,68,-14
1,66,-6
1,76,-2
12,81,5
21,90,3
23,76,-3
-4,56,-2
-22,35,-15
7,18,-15
25,3,-1
27,15,-5
22,45,-8
16,82,-15
-2,127,27
-22,77,46
52,8,-20
-10,80,-11
0,57,-6
5,63,3
11,63,1
13,63,2
7,64,-4
5,64,-2
7,64,-3
11,63,-5
10,63,-5
11,63,-3
10,63,-3
9,63,-3
8,63,-5
7,64,-4
9,63,-3
10,63,-3
9,63,-5
9,63,-5
7,63,-5
7,64,-4
8,63,-3
8,64,-3
8,63,-4
8,63,-4
7,63,-4
7,63,-3
7,63,-3
7,64,-3
6,63,-3
7,63,-3
7,64,-4
6,63,-3
7,63,-3
7,64,-3
7,64,-3
7,63,-3
7,64,-3
6,63,-3
7,64,-3
6,63,-3
6,64,-3
7,64,-3
6,63,-3
6,64,-3
6,64,-3
6,64,-3
7,64,-3
7,64,-3
7,63,-3
6,64,-4
7,63,-3
6,63,-3
7,64,-4
6,63,-4
6,63,-4
7,63,-3
7,63,-4
6,64,-4
7,64,-4
6,63,-3
6,64,-4
7,63,-4
7,63,-4
7,63,-4
6,64,-4
7,63,-4
7,64,-4
7,63,-4
7,64,-4
7,63,-4
6,63,-4
7,63,-4
7,63,-4
7,64,-4
7,63,-4
7,63,-4
7,63,-4
7,63,-4
7,63,-4
7,63,-4
7,63,-5
7,63,-5
7,64,-5
7,63,-5
8,63,-5
8,63,-5
7,64,-4
7,63,-5
8,63,-5
7,63,-5
7,64,-4
7,63,-4
7,63,-5
7,63,-5
7,63,-5
7,63,-5
7,63,-5
6,62,-5
6,61,-6
6,63,-5
4,65,-5
6,66,-4
8,65,-6
8,63,-7
7,63,-5
5,64,-3
4,63,-3
6,62,-2
6,64,-3
4,63,-4
4,64,-4
5,63,-4
6,63,-4
8,65,-2
8,64,-2
6,64,-2
5,64,-3
5,64,-3
5,63,-3
5,63,-3
5,64,-2
5,64,-2
5,64,-2
5,63,-3
5,64,-3
5,63,-2
5,63,-2
5,64,-3
5,63,-3
5,63,-3
5,63,-2
6,63,-3
6,64,-3
5,65,-2
5,63,-2
5,64,-2
5,64,-2
5,64,-2
4,64,-2
5,64,-2
5,64,-2
5,64,-2
6,64,-2
6,64,-3
5,64,-3
5,64,-2
6,64,-3
5,64,-3
5,64,-3
7,64,-3
6,63,-3
6,64,-2
5,64,-2
6,64,-3
6,64,-3
7,63,-3
6,64,-3
6,63,-3
7,63,-3
6,64,-2
6,64,-2
6,64,-2
6,63,-2
7,63,-3
7,64,-2
7,64,-2
6,64,-2
6,64,-3
7,63,-3
6,63,-3
6,64,-3
6,64,-2
7,64,-2
6,63,-3
7,64,-3
6,64,-2
6,64,-2
7,63,-3
6,64,-2
5,64,-2
6,64,-2
5,64,-2
5,64,-2
6,63,-2
5,64,-2
6,64,-2
6,63,-3
7,63,-4
4,64,-4
0,66,-2
5,64,-1
5,64,-2
3,64,-5
3,64,-3
4,64,-2
5,64,-5
4,63,-5
3,64,-5
3,64,-3
3,63,-5
2,63,-6
2,63,-4
2,63,-4
2,64,-4
1,63,-8
1,66,-4
2,65,-6
1,65,-7
1,64,-5
0,65,-6
1,64,-7
2,64,-6
2,65,-6
1,65,-6
1,65,-3
2,65,-3
0,65,-4
0,65,-2
1,66,-1
1,67,0
1,68,-2
4,71,-1
3,76,-2
9,78,-2
12,83,4
20,74,-19
-5,76,-22
-26,82,-10
-6,77,0
9,42,-34
3,37,-30
7,40,-20
9,41,-12
17,47,-6
19,55,-2
18,64,-1
13,86,3
10,95,4
-7,102,11
-34,93,8
-37,92,28
-52,89,41
-47,86,20
127,58,-38
-13,77,20
20,80,4
-7,51,-24
-7,61,-19
21,60,-3
21,63,1
7,63,-18
8,65,-16
13,65,-14
8,62,-19
7,62,-17
5,63,-10
5,65,-8
4,64,-9
1,67,-12
-2,70,-14
0,73,-16
0,76,-12
3,86,-10
22,107,-26
33,113,-33
42,111,-33
24,86,-30
-13,53,-21
31,18,-7
30,7,-2
23,14,-9
18,27,-8
20,46,-3
14,57,-4
13,89,-11
-8,127,-14
-29,127,-2
-79,127,56
-111,126,71
-92,108,50
127,40,-30
-56,107,30
5,79,5
1,56,-9
-6,69,-16
9,63,-7
9,65,-9
4,62,-17
5,63,-18
8,63,-17
4,65,-19
15,64,-11
-1,68,-10
-1,67,-12
-1,73,-7
3,81,-2
4,89,-7
18,110,-21
46,127,-37
62,114,-19
3,94,-24
16,70,-32
-30,18,-37
31,13,-21
21,-1,-9
20,7,-17
25,41,-13
17,68,-6
16,93,-5
-19,127,-12
-34,127,-14
-98,127,63
-128,127,80
-88,108,32
127,40,-33
-57,89,44
12,85,8
-4,45,-14
2,72,-11
6,64,-10
9,66,-8
6,63,-13
3,62,-14
8,64,-6
2,66,-7
10,64,-11
-3,67,-8
-3,67,-10
0,72,-9
2,83,-1
3,89,-3
7,97,-9
38,121,-30
58,112,-32
13,83,-31
5,76,-18
-25,26,-38
36,22,-12
19,6,-11
17,8,-17
16,36,-17
15,46,-14
13,73,-10
3,125,-9
-15,127,-12
-77,127,37
-117,127,75
-113,112,44
-15,96,14
-42,84,36
11,83,1
-4,52,-9
-4,73,-10
5,66,-10
8,65,-9
7,63,-13
6,61,-14
6,62,-11
4,67,-7
13,67,-7
0,65,-13
-5,69,-10
-2,72,-10
1,78,-4
3,88,-5
5,94,-15
37,119,-32
62,116,-29
19,89,-32
17,80,-26
-1,40,-40
13,24,-12
32,3,-12
16,10,-18
23,35,-21
17,50,-17
15,75,-9
16,103,-10
-26,127,-18
-88,127,35
-125,127,74
-112,111,51
-2,92,22
-64,91,47
12,83,6
-9,44,-14
-3,74,-11
4,65,-8
11,65,-9
10,64,-14
6,59,-21
9,61,-12
4,66,-10
11,66,-5
0,65,-10
-7,67,-11
-2,69,-13
-4,75,-10
3,85,-4
4,93,-11
27,119,-29
62,127,-29
44,98,-33
0,71,-17
2,65,-27
-5,25,-7
40,1,-3
20,6,-12
20,32,-23
17,49,-19
11,68,-14
7,88,-15
-16,127,-22
-44,127,-8
-77,127,56
-121,113,77
-99,110,68
127,46,-42
-79,108,43
-1,76,2
-11,58,-14
0,70,-10
8,63,-7
5,65,-11
6,62,-17
4,62,-14
5,64,-10
3,65,-15
-6,64,-11
0,65,-11
-4,69,-11
-5,71,-15
0,82,-3
0,88,-2
6,102,-17
25,119,-24
63,127,-37
-9,84,-24
-2,74,-20
-20,4,-40
12,22,-15
38,5,-4
24,8,-21
28,31,-20
22,65,-9
21,85,-7
9,127,-2
-15,127,-9
-84,127,43
-128,121,75
-72,106,45
127,68,-25
-19,64,16
6,90,-2
-9,53,-11
-1,74,-6
8,61,-6
6,66,-7
4,63,-13
5,62,-13
8,61,-14
7,66,-10
3,66,-12
0,68,-11
0,69,-13
0,76,-16
4,88,-2
6,93,-3
27,117,-25
50,120,-38
51,108,-33
12,89,-26
8,55,-40
15,25,-21
46,19,-12
21,5,-18
29,11,-21
27,45,-11
23,78,-7
26,113,-2
-25,127,-5
-67,127,-6
-128,127,89
-93,116,27
127,69,-46
-125,127,13
1,116,7
-21,45,-12
-3,73,-7
2,64,-5
12,65,-7
8,61,-11
2,61,-14
7,62,-9
-1,66,-10
-7,66,-9
0,67,-9
-4,71,-14
-4,75,-12
5,89,0
11,100,-13
24,119,-24
69,127,-35
62,111,-36
0,85,-15
-14,17,-40
15,32,-19
34,5,-6
17,6,-17
25,29,-21
22,44,-16
17,68,-11
12,127,-6
-16,127,-12
-86,127,20
-122,127,61
-128,119,54
127,53,-37
-60,85,46
2,102,11
-9,56,-1
-6,73,-7
4,65,-9
8,64,-6
5,60,-13
3,61,-13
6,62,-10
-2,63,-18
13,66,-8
-3,68,-10
-1,70,-11
1,79,-9
5,84,-6
6,90,-5
12,101,-18
54,121,-43
40,105,-32
2,92,-24
-11,46,-38
4,26,-27
47,16,-5
23,6,-16
24,16,-19
22,45,-14
16,56,-12
17,101,-12
-26,127,-19
-54,127,-12
-128,127,80
-113,112,47
127,89,-16
16,53,25
6,107,5
-17,47,-9
-10,69,-5
10,60,-4
11,60,-7
1,63,-14
6,61,-11
6,62,-10
-2,65,-10
14,66,-9
-3,67,-9
-4,70,-9
2,78,-4
5,89,-4
6,91,-9
25,117,-31
51,122,-43
44,101,-36
9,94,-18
3,56,-37
7,26,-9
38,19,-4
14,6,-17
19,26,-22
13,42,-21
15,62,-13
14,84,-15
-15,127,-21
-35,127,-18
-111,127,59
-128,115,68
-48,98,33
-87,88,50
-71,127,-26
-11,47,-13
-8,74,-3
4,68,-5
7,64,-8
0,65,-14
4,62,-13
8,63,-10
0,63,-17
21,63,-12
-4,63,-14
-5,69,-11
-6,71,-11
4,82,-2
3,92,-6
7,95,-17
45,122,-40
62,125,-41
18,94,-32
9,83,-34
-1,24,-46
50,18,-16
42,8,-5
27,12,-21
28,27,-22
20,59,-16
7,109,-15
-18,127,-11
-57,127,-7
-90,127,71
-128,118,61
127,94,-1
62,53,3
9,100,-17
-25,68,5
-7,71,-2
4,69,-5
9,63,-8
5,62,-15
4,60,-17
8,63,-12
-1,63,-14
20,61,-13
-3,69,-9
-6,71,-8
2,76,-12
4,82,-8
5,89,-8
14,104,-23
41,123,-34
65,112,-32
12,100,-33
15,87,-28
-4,30,-40
31,18,-19
23,1,-14
20,7,-19
22,35,-20
19,49,-16
17,81,-12
-15,127,-15
-28,127,-15
-108,127,55
-128,115,65
-97,108,52
127,82,-10
-107,127,-1
-14,60,-14
-12,43,-14
0,71,-2
8,65,-2
4,65,-9
3,62,-17
5,60,-15
7,64,-6
6,65,-6
-7,65,-12
0,69,-10
-2,71,-15
-3,79,-10
4,88,-2
9,99,-10
19,113,-21
61,127,-45
33,89,-34
12,92,-26
9,30,-21
43,13,-8
24,5,-12
25,18,-17
24,29,-16
18,53,-9
21,68,-4
18,127,-3
-9,127,-6
-79,127,21
-128,127,80
-128,121,49
127,45,-42
-106,115,50
-9,87,8
-14,59,-7
-10,73,-7
8,60,-5
7,64,-5
1,62,-12
6,62,-12
6,64,-11
6,67,-10
-3,63,-13
0,69,-10
-3,71,-10
2,82,-1
7,91,0
8,95,-11
44,124,-38
66,124,-46
14,100,-34
10,82,-31
-7,29,-38
43,19,-13
32,7,-9
21,8,-21
24,20,-21
15,48,-16
17,79,-12
20,108,-13
-22,127,-18
-51,127,-13
-128,127,80
-98,123,39
127,87,-9
-128,127,27
-7,105,-9
-23,47,-16
-4,73,-2
4,63,-3
10,63,-4
0,63,-13
3,61,-13
2,66,-7
-18,64,-16
-5,70,-9
1,70,-13
1,77,-8
4,85,-3
11,93,0
21,109,-23
53,123,-43
54,106,-52
11,96,-28
-13,54,-45
22,28,-32
42,12,-8
20,6,-25
28,18,-24
23,48,-15
18,61,-12
18,116,-7
-26,127,-5
-66,127,19
-128,127,83
-76,108,49
127,80,-40
-38,127,-32
-10,63,16
-14,63,-3
1,74,1
1,62,-3
3,66,-4
3,60,-16
7,62,-12
8,62,-8
-2,65,-14
0,68,-8
0,71,-12
-3,82,-10
5,89,-1
11,102,-9
26,119,-29
56,127,-60
57,106,-50
11,87,-19
4,32,-11
33,6,-4
16,2,-13
19,2,-18
23,28,-13
19,55,-8
16,75,-5
-8,127,-5
-25,127,-11
-103,127,96
-128,105,82
-3,102,39
-128,127,16
-32,127,13
-22,39,-15
5,61,-5
4,63,-7
3,63,-13
5,63,-11
5,62,-10
3,61,-12
3,61,-14
5,63,-9
4,63,-9
-4,65,-10
-2,66,-11
7,67,-8
4,73,-12
-4,85,-30
3,104,-14
27,109,-40
-2,75,-43
-7,46,-35
30,34,-17
31,21,-3
31,26,-4
10,49,-2
11,57,0
2,76,7
2,96,28
-1,98,46
19,85,71
24,78,66
63,65,61
-2,97,14
-5,67,-16
0,58,-16
4,65,-2
3,60,-22
9,55,-19
8,63,-12
-4,70,-16
2,68,-13
2,66,-8
-1,65,-11
2,62,-12
11,60,-9
11,61,-8
6,63,-13
3,64,-11
4,66,-7
1,66,-8
1,66,-7
2,67,-3
0,69,-3
1,68,-7
9,64,-11
-7,63,-22
-18,66,-30
-14,68,-25
-3,60,-33
2,65,-20
-1,63,-4
4,60,-2
8,62,5
14,60,9
17,57,8
24,52,6
58,46,4
38,60,29
16,93,-8
23,69,-10
-6,62,-17
3,62,-13
8,63,-3
8,64,-4
5,66,-7
7,66,-5
10,63,-4
7,64,-4
4,64,-6
3,63,-6
3,64,-3
7,63,-4
4,64,-5
3,65,-3
5,63,-3
3,64,-6
3,63,-6
11,62,-6
13,62,-6
9,63,-8
0,64,-9
-3,65,-5
3,64,1
5,64,-2
4,64,-5
4,64,-5
5,64,-4
3,64,-4
3,64,-4
4,64,-4
5,64,-5
4,64,-5
5,64,-5
4,64,-4
3,64,-4
4,63,-4
4,63,-5
4,63,-5
4,64,-5
5,63,-5
5,64,-5
4,64,-5
4,64,-4
4,63,-5
5,64,-5
5,64,-5
3,63,-5
4,63,-5
5,64,-4
4,65,-4
5,63,-5
5,64,-6
5,64,-5
4,64,-5
4,63,-5
4,64,-5
4,64,-5
4,64,-5
5,64,-6
4,64,-5
5,64,-5
4,64,-5
4,64,-5
4,64,-5
4,64,-5
4,64,-5
4,64,-5
4,64,-5
4,64,-5
4,64,-5
3,64,-5
4,64,-5
4,64,-5
4,64,-5
4,64,-5
4,64,-5
4,64,-5
4,64,-4
4,64,-4
4,64,-4
4,64,-5
4,64,-4
4,64,-5
4,64,-4
4,64,-5
4,64,-5
4,64,-4
3,63,-4
3,63,-4
4,64,-4
4,64,-4
4,64,-4
3,64,-4
3,64,-4
3,64,-4
3,64,-4
3,64,-4
3,64,-4
3,64,-4
3,64,-4
3,64,-4
3,64,-4
3,64,-4
3,64,-4
3,64,-4
3,64,-4
4,64,-4
3,64,-4
3,64,-4
3,64,-4
3,64,-4
3,64,-4
3,64,-4
3,64,-4
3,64,-4
3,64,-4
3,64,-4
3,64,-4
3,64,-4
3,64,-4
3,64,-4
3,64,-4
3,64,-4
3,64,-4
3,64,-3
3,64,-4
3,64,-4
3,64,-4
3,64,-4
3,64,-4
3,64,-4
3,64,-4
3,64,-4
3,64,-4
3,64,-4
3,64,-4
3,64,-4
3,64,-4
3,64,-4
3,64,-4
3,64,-4
3,64,-4
3,64,-4
3,64,-4
3,64,-4
3,64,-4
3,64,-4
3,64,-4
3,64,-4
3,64,-4
3,64,-3
3,64,-4
3,64,-4
3,64,-4
3,64,-4
3,64,-4
3,64,-4
3,64,-4
3,64,-4
3,64,-4
3,64,-4
3,64,-4
3,64,-4
3,64,-4
3,64,-4
3,64,-4
3,64,-4
3,64,-4
3,64,-4
4,64,-4
3,64,-4
3,64,-4
3,64,-4
3,64,-4
4,64,-4
4,64,-4
3,64,-4
3,64,-4
3,64,-4
3,64,-4
3,64,-4
3,64,-4
3,64,-4
3,64,-4
3,64,-4
3,64,-4
3,64,-4
3,64,-4
3,64,-4
3,64,-4
3,64,-4
3,64,-4
3,64,-4
3,64,-4
3,64,-4
3,64,-4
4,64,-4
3,64,-4
3,64,-4
3,64,-4
3,64,-4
3,64,-4
3,64,-4
3,64,-4
3,64,-4
3,64,-4
3,64,-4
3,64,-4
3,64,-4
3,64,-4
3,64,-4
3,64,-4
3,64,-4
3,64,-3
3,64,-4
5,65,-5
2,65,-3
1,64,-3
2,65,-2
3,66,-1
3,65,1
3,65,-1
0,65,1
-3,62,1
-7,61,-7
-9,59,-7
-8,59,-4
-5,63,-2
-5,65,-2
0,67,-1
3,67,-1
4,66,-3
4,64,-5
5,63,-5
4,65,-4
4,64,-4
3,64,-3
3,64,-4
3,64,-4
2,64,-4
3,64,-3
3,64,-4
3,64,-4
2,64,-4
2,64,-3
3,64,-4
2,64,-4
2,64,-3
2,64,-3
2,64,-4
2,64,-4
2,64,-4
3,64,-4
2,64,-4
2,64,-3
2,64,-3
2,64,-3
2,64,-3
3,64,-3
2,64,-4
2,64,-3
2,64,-3
2,64,-3
2,64,-3
3,64,-3
2,64,-3
2,64,-3
2,64,-3
2,64,-3
2,64,-3
2,64,-3
2,64,-3
2,64,-3
2,64,-3
2,64,-3
2,64,-3
2,64,-3
2,64,-3
2,64,-3
2,64,-3
2,64,-3
2,64,-3
2,64,-3
2,64,-3
2,64,-3
2,64,-3
2,64,-3
2,64,-3
2,64,-3
2,64,-3
2,64,-3
2,64,-3
2,64,-3
2,64,-3
2,64,-3
2,64,-3
2,64,-3
2,64,-3
2,64,-3
2,64,-3
2,64,-3
2,64,-3
2,64,-3
2,64,-3
2,64,-3
2,64,-3
2,64,-3
2,64,-3
2,64,-3
2,64,-3
3,64,-3
2,64,-3
2,64,-3
2,64,-3
2,64,-3
2,64,-3
2,64,-3
2,64,-3
2,64,-3
2,64,-3
2,64,-3
2,64,-3
2,64,-3
2,64,-3
2,64,-3
2,64,-3
2,64,-3
2,64,-2
3,64,-3
2,64,-3
2,64,-3
2,64,-3
2,64,-3
2,64,-3
2,64,-3
2,64,-2
2,64,-3
2,64,-3
2,64,-3
2,64,-3
2,64,-3
2,64,-3
2,64,-3
2,64,-3
2,64,-3
2,64,-3
2,64,-3
2,64,-3
2,64,-3
2,64,-3
3,64,-3
2,64,-3
2,64,-3
2,64,-3
2,64,-3
2,64,-3
2,64,-3
2,64,-3
2,64,-3
2,64,-3
2,64,-3
2,64,-3
2,64,-3
2,64,-3
2,64,-3
2,64,-3
2,64,-3
2,64,-3
2,64,-3
2,64,-3
2,64,-3
2,64,-3
2,64,-3
2,64,-3
2,64,-3
2,64,-3
2,64,-3
2,64,-3
2,64,-3
2,64,-3
2,64,-3
2,64,-3
2,64,-3
2,64,-3
2,64,-3
2,64,-3
2,64,-3
3,64,-3
2,64,-3
2,64,-3
2,64,-3
2,64,-3
2,64,-3
2,64,-3
2,64,-3
2,64,-3
2,64,-3
3,64,-3
2,64,-3
2,64,-3
2,64,-3
3,64,-3
3,64,-3
2,64,-3
2,64,-3
3,64,-3
2,64,-3
2,64,-3
3,64,-3
3,64,-3
2,64,-3
3,64,-3
2,64,-3
2,64,-3
3,64,-3
3,64,-3
3,64,-3
3,64,-3
3,64,-3
3,64,-3
2,64,-3
2,64,-3
3,64,-3
3,64,-3
3,64,-3
3,64,-3
2,64,-3
3,64,-3
3,64,-3
3,64,-3
3,64,-3
3,64,-3
3,64,-3
3,64,-3
3,64,-3
3,64,-3
2,64,-3
3,64,-4
2,64,-3
3,64,-3
3,64,-3
2,64,-3
3,64,-3
2,64,-3
3,64,-3
3,64,-3
3,64,-3
3,64,-4
3,64,-3
3,64,-3
3,64,-3
3,64,-3
3,64,-3
3,64,-3
3,64,-3
3,64,-3
3,64,-3
2,64,-3
2,64,-3
3,64,-4
3,64,-3
2,64,-3
3,64,-3
3,64,-3
3,64,-3
3,64,-3
3,64,-3
3,64,-4
3,64,-3
3,64,-3
3,64,-3
3,64,-3
3,64,-3
3,64,-4
3,64,-4
3,64,-4
3,64,-4
3,64,-4
3,64,-2
3,64,-2
2,64,-2
2,64,-1
2,65,0
2,64,-4
3,63,-5
3,64,-3
3,64,-3
3,64,-3
3,64,-4
3,64,-3
3,64,-3
2,64,-3
3,64,-3
3,64,-3
3,64,-3
2,64,-3
3,64,-3
3,64,-3
3,64,-3
2,64,-3
2,64,-3
3,64,-3
5,64,-1
6,65,3
1,65,-4
0,64,-7
-2,65,-9
-1,64,-7
2,63,-1
6,64,1
4,64,-4
4,64,-3
2,64,-5
2,64,-4
2,63,-3
4,64,-2
3,63,-2
3,65,-2
3,64,-3
3,64,-4
0,65,-1
3,64,-2
2,64,-4
5,63,-6
3,64,0
4,65,3
6,64,-2
1,64,-2
3,63,-3
7,63,-4
10,63,-3
10,62,-8
-6,64,-6
-7,66,0
2,66,5
1,64,-4
0,64,-5
0,65,-3
4,63,-3
2,65,-5
2,64,-5
3,64,-5
3,63,-5
3,64,-5
3,64,-5
3,64,-5
2,64,-5
2,64,-5
3,64,-5
3,64,-4
3,64,-5
3,64,-5
2,64,-4
3,64,-5
3,64,-4
2,64,-5
3,64,-5
2,64,-5
2,64,-4
2,64,-4
2,64,-4
2,64,-4
2,64,-4
3,64,-4
2,64,-4
3,64,-5
2,64,-4
2,64,-4
2,64,-4
3,64,-4
3,64,-4
3,64,-4
3,64,-4
4,64,-4
4,64,-4
4,64,-4
3,64,-4
4,64,-4
4,65,-2
4,64,-3
4,65,-2
4,65,-2
4,67,0
3,67,1
5,67,0
2,68,1
2,67,3
9,56,10
10,55,12
9,58,11
4,65,4
2,64,-1
-13,65,-6
1,61,-14
-11,63,-11
-5,60,-7
-1,62,0
11,67,5
12,69,-3
2,66,-2
4,63,-5
6,63,-5
5,64,-3
5,64,-5
4,64,-5
1,64,-6
3,66,-7
2,65,-9
2,65,-8
3,65,-9
2,65,-9
2,64,-9
3,64,-8
3,64,-9
2,63,-7
2,63,-7
1,64,-8
1,64,-8
1,65,-7
0,63,-8
0,63,-7
0,63,-6
0,63,-6
1,64,-6
1,64,-5
1,64,-6
1,64,-5
1,63,-5
1,64,-5
2,63,-5
2,64,-5
1,64,-5
1,64,-5
1,64,-4
1,64,-4
1,64,-4
1,64,-4
2,64,-4
2,64,-3
2,64,-4
2,64,-3
1,64,-3
1,64,-3
2,65,-3
1,65,-3
2,64,-3
1,64,-2
0,63,-2
0,63,-1
1,64,-1
3,66,-3
1,64,-1
-2,65,0
1,64,0
5,64,-5
1,62,-1
1,59,2
-5,60,4
-3,61,3
-1,64,1
-5,63,2
-4,61,-1
1,69,-11
-4,69,-12
-3,67,-5
-3,66,-6
-3,64,-8
4,62,-9
4,63,-7
0,64,-8
0,63,-11
4,64,-12
-15,70,-2
-13,70,-2
-7,73,-10
-3,77,-15
1,92,-7
7,94,-5
13,95,-4
36,86,-12
49,78,-27
-11,116,-15
-4,112,-20
-33,47,-35
22,30,-25
25,22,-7
13,4,-18
18,18,-16
18,51,-8
8,78,-9
8,94,-8
7,127,-6
-28,127,-3
-96,127,26
-128,124,66
-128,115,48
127,67,-66
-7,61,19
-1,88,10
-8,64,-5
-8,66,-15
8,60,-8
9,66,-4
6,63,-13
0,63,-18
3,65,-12
1,64,-14
7,61,-18
2,64,-12
-1,67,-9
-1,77,-11
4,89,-1
8,95,-6
13,102,-15
28,107,-19
89,104,-44
46,105,-32
5,123,-38
13,27,-34
32,26,-28
26,-1,-10
26,-1,-17
27,32,-14
14,60,-14
8,77,-14
8,125,-17
-15,127,-23
-81,127,-19
-108,127,39
-128,118,61
29,83,-9
127,37,-20
-12,114,-17
-26,58,-15
-13,61,-17
1,65,-1
8,64,1
1,65,-6
-2,62,-17
4,63,-12
7,66,-6
8,68,-11
2,68,-15
4,69,-19
-1,78,-17
6,85,-4
10,94,-2
20,110,-23
47,120,-39
62,112,-36
26,110,-22
15,64,-42
32,21,-21
42,11,-6
22,0,-17
25,33,-13
17,53,-12
9,68,-11
-5,114,-12
-23,127,-16
-46,127,-18
-97,127,55
-128,127,62
-103,106,47
127,46,-65
95,28,5
8,79,3
-10,58,-8
-9,67,-21
-7,62,-13
10,67,-4
2,64,-11
2,62,-21
7,61,-13
5,63,-9
2,65,-9
-1,70,-9
1,68,-14
-4,76,-16
-5,82,-12
8,91,-5
10,98,-17
29,111,-23
66,110,-33
35,96,-33
11,97,-23
12,48,-44
25,24,-18
27,10,-7
25,9,-16
21,42,-14
11,55,-14
7,80,-9
5,115,-11
-4,124,-13
-57,127,12
-86,127,49
-128,114,70
-123,110,59
127,43,-60
-15,123,-14
-8,73,2
-5,66,-8
-5,66,-13
9,62,-6
8,63,-10
8,60,-15
7,61,-16
2,64,-13
9,70,-2
9,65,-13
1,67,-11
2,70,-17
-1,74,-16
1,88,0
6,92,-2
16,108,-16
63,120,-40
67,116,-37
1,92,-17
15,83,-30
19,26,-16
34,10,-5
23,3,-16
25,27,-21
17,44,-16
6,67,-16
4,87,-17
-16,127,-25
-54,127,-18
-88,127,25
-128,120,66
-55,102,41
127,63,-30
-109,127,-13
13,96,12
-21,57,-13
-10,73,-9
9,58,-2
6,66,-10
1,64,-17
7,64,-14
7,64,-14
3,64,-18
11,64,-15
2,64,-14
-1,69,-8
0,73,-4
1,83,-6
2,90,-12
10,100,-18
65,127,-34
80,124,-32
-18,96,-2
34,50,-36
-11,16,-29
-20,6,-4
31,16,-8
17,15,-22
21,29,-23
11,62,-11
7,73,-16
2,111,-20
-27,127,-24
-56,127,-12
-116,127,72
-128,114,69
-10,92,30
-88,122,55
-24,119,-24
-20,50,-17
-14,64,-9
2,66,-5
9,62,-4
2,63,-12
3,61,-17
7,61,-15
4,65,-18
14,60,-18
10,63,-11
1,70,-8
-4,75,-12
3,82,-7
5,86,0
4,97,-14
13,104,-22
61,116,-40
21,93,-33
-12,93,-12
5,31,-44
4,23,-20
43,19,-3
24,9,-17
30,21,-21
18,55,-18
12,68,-16
7,122,-16
-32,127,-27
-61,127,-19
-128,127,71
-128,107,63
15,96,39
127,43,-23
-32,126,-28
-18,50,-18
-14,55,-15
3,64,-3
8,62,-2
5,66,-8
-1,61,-17
7,61,-11
3,65,-11
-6,66,-18
-1,68,-10
1,68,-13
0,70,-18
2,79,-8
4,85,-2
6,92,-8
12,100,-16
56,116,-41
39,103,-24
-1,101,-21
-7,48,-36
-1,29,-23
40,15,-5
20,2,-16
22,13,-19
22,41,-15
15,56,-15
16,96,-13
-13,127,-18
-35,127,-14
-117,127,55
-128,127,87
-90,117,40
102,81,-13
-105,127,40
-7,64,-5
-20,59,-18
-8,68,-12
-1,64,-7
10,66,-5
6,63,-9
3,61,-19
9,62,-14
5,65,-15
-2,64,-12
6,66,-12
-3,72,-11
-2,77,-13
7,83,-3
6,94,-5
27,112,-22
53,120,-43
49,101,-36
-7,95,-21
-2,75,-25
5,22,-38
43,18,-12
33,0,-6
27,13,-22
25,39,-19
21,54,-17
18,94,-12
12,127,-8
-31,127,-6
-94,127,53
-128,127,85
-105,118,43
-5,90,8
-25,74,57
-64,127,-14
-6,50,-8
-3,66,-21
7,63,-7
14,64,-5
12,63,-6
1,62,-19
4,63,-9
6,66,-2
9,66,-10
-3,66,-13
-1,70,-11
1,76,-15
1,84,-10
9,92,0
11,98,-9
42,123,-34
70,121,-37
18,93,-27
3,90,-34
-5,32,-37
44,25,-6
28,8,-5
26,8,-17
28,29,-11
23,43,-10
19,89,-5
5,123,-2
-32,127,0
-75,127,26
-128,127,88
-56,102,10
127,55,-69
-84,127,-14
2,50,0
-11,51,-12
2,64,-17
5,56,-15
13,65,-4
10,63,-6
0,63,-14
7,63,-6
3,67,-3
-3,66,-12
2,67,-12
0,70,-14
0,72,-17
-1,82,-11
6,90,-7
6,97,-15
43,118,-31
57,125,-29
16,83,-24
1,69,-26
-7,24,-24
43,15,-3
29,2,-4
23,9,-18
18,43,-14
11,58,-13
7,90,-11
5,113,-14
-24,127,-26
-45,127,-18
-104,127,66
-112,106,65
-46,107,32
28,39,18
-108,127,8
0,62,-2
-9,66,-12
-1,70,-10
14,60,-7
9,64,-9
4,62,-16
3,61,-17
5,60,-14
2,62,-13
7,63,-11
-1,67,-10
-4,70,-17
-4,72,-14
3,84,-4
3,88,-5
6,96,-18
23,111,-27
60,120,-27
50,104,-32
-4,85,-14
-15,24,-33
-4,26,-5
40,10,-3
21,4,-14
23,24,-20
12,54,-16
10,65,-12
2,112,-15
-17,125,-20
-56,127,-6
-116,127,89
-128,113,72
-5,90,18
-63,82,39
-48,127,-19
16,76,0
-10,58,-16
0,66,-8
9,61,-7
10,64,-9
9,61,-17
7,60,-17
11,61,-12
2,65,-7
3,66,-8
2,67,-6
-2,70,-14
0,72,-16
0,80,-20
9,94,-7
13,105,-8
48,127,-29
70,122,-31
7,76,-25
28,67,-24
0,25,-45
10,15,-5
19,20,-22
23,10,-21
20,40,-19
13,58,-17
11,87,-14
10,114,-16
-19,127,-18
-51,127,-9
-119,127,77
-106,111,46
96,86,2
-108,127,19
-2,115,-10
-12,42,-15
1,70,-10
7,62,-10
8,65,-8
4,67,-10
4,61,-13
7,60,-13
5,63,-10
17,68,-10
-8,60,-14
-1,70,-11
0,68,-16
0,77,-15
6,89,-8
8,96,-11
28,119,-26
50,120,-35
30,90,-29
14,85,-20
9,50,-36
29,30,-6
51,16,-2
20,10,-16
25,34,-14
15,46,-16
10,80,-4
17,105,-11
-19,127,-11
-52,127,-10
-128,127,61
-118,110,42
27,83,-22
-69,123,34
-21,106,-19
-4,49,-8
-11,62,-7
5,63,-10
7,65,-9
6,65,-10
4,62,-16
9,61,-15
9,61,-15
9,61,-17
11,61,-15
-4,67,-11
-6,70,-9
-2,75,-12
4,86,-2
6,91,-3
13,103,-23
36,117,-33
56,110,-37
22,93,-33
12,95,-27
-6,22,-18
18,22,-14
28,2,-7
20,6,-14
21,31,-16
13,58,-13
16,72,-10
7,127,-14
-41,127,-13
-74,127,9
-107,127,68
-128,109,49
90,70,-45
127,28,-17
-25,121,-11
4,70,7
-5,63,-12
0,63,-10
6,63,-7
14,63,-10
6,61,-17
6,60,-18
12,61,-12
1,64,-12
-3,68,-8
-5,71,-7
-2,70,-15
-1,73,-16
6,87,-4
7,92,-6
12,102,-17
54,119,-41
61,116,-37
-2,92,-11
-9,38,-30
2,28,-8
36,14,-3
20,3,-12
19,15,-22
16,31,-19
11,54,-13
13,87,-14
5,113,-15
-24,127,-11
-60,127,11
-128,127,68
-93,105,36
127,77,-43
-85,127,-19
5,103,9
-15,45,-15
5,68,-10
8,60,-11
7,65,-12
10,64,-14
8,62,-15
9,63,-16
8,62,-17
16,63,-13
5,62,-16
-4,68,-9
-5,70,-10
5,73,-5
-2,88,-7
1,92,-11
21,109,-19
53,122,-39
65,112,-30
1,105,-20
23,83,-36
-16,19,-14
23,12,-28
28,-7,-7
18,4,-14
23,33,-16
15,64,-15
13,82,-15
-17,127,-19
-35,127,-28
-96,127,53
-128,111,68
-90,108,30
64,44,15
-85,127,11
-2,62,-1
-6,70,-6
0,74,-7
9,61,-7
10,65,-9
3,62,-12
3,62,-15
8,63,-10
4,64,-13
15,64,-12
-1,68,-8
-2,67,-12
-4,72,-13
5,85,-2
5,90,-2
15,105,-15
37,118,-30
63,115,-41
31,88,-44
0,91,-22
1,23,-16
15,25,-15
28,4,-9
17,13,-23
18,26,-24
16,37,-21
10,66,-18
1,125,-18
-22,127,-22
-76,127,12
-99,127,57
-128,112,68
127,67,-17
-61,95,47
6,80,-17
-10,46,-28
-2,73,-4
9,66,0
10,63,-3
-1,64,-12
-1,61,-13
3,65,-3
0,66,-6
19,70,-9
5,64,-12
-3,72,-13
1,71,-15
-1,78,-17
3,87,-1
12,102,-15
30,116,-25
63,122,-33
52,97,-38
1,91,-18
-9,54,-39
20,28,-21
26,5,-9
16,8,-17
27,29,-15
24,45,-12
19,71,-5
1,127,-9
-15,127,-13
-81,127,9
-111,127,70
-127,108,55
127,65,-66
93,37,18
-7,111,-1
5,63,8
-4,70,-12
-2,69,-15
10,64,-9
9,63,-10
4,63,-17
10,61,-15
8,63,-14
9,61,-18
2,66,-11
-5,68,-9
-1,70,-13
0,75,-12
3,87,-3
5,92,-4
19,111,-19
61,125,-42
61,111,-46
-12,85,-13
15,79,-27
-10,26,-4
42,8,1
24,1,-10
20,22,-21
19,35,-19
11,61,-13
8,105,-14
-8,126,-19
-50,127,-17
-75,127,26
-128,121,83
9,95,16
127,45,-42
-44,118,-33
6,86,3
-11,59,-8
-2,73,-10
9,60,-7
9,63,-12
4,61,-13
6,60,-14
6,63,-10
-2,67,-12
14,64,-10
2,66,-13
-3,70,-15
-4,72,-14
5,83,-5
3,89,-1
8,97,-14
47,116,-38
64,118,-36
1,92,-17
8,60,-36
-4,26,-30
39,20,-7
32,5,-7
21,9,-18
24,25,-19
14,54,-12
12,66,-10
1,117,-13
-31,127,-17
-69,127,-3
-128,127,82
-128,111,66
127,73,-50
-98,127,15
10,96,-12
-11,45,-14
-13,70,-12
3,65,-7
12,66,-7
6,63,-12
6,62,-19
9,63,-12
6,65,-13
2,64,-17
4,65,-10
-1,67,-14
-2,68,-15
0,80,-7
2,86,-2
5,94,-8
38,116,-37
59,120,-36
24,93,-35
-11,93,-8
7,39,-41
-13,24,-23
24,19,-14
22,2,-15
13,10,-19
25,35,-17
16,51,-17
13,88,-16
-11,127,-16
-34,127,-21
-115,127,71
-128,127,88
-20,85,-10
127,60,-19
-72,121,-35
-3,47,-4
-9,55,-14
5,65,-12
8,60,-9
10,65,-10
2,62,-13
5,63,-12
7,64,-8
-3,65,-14
-14,59,-13
-2,67,-12
-3,69,-15
-2,76,-13
3,83,-6
7,93,-7
11,106,-18
47,123,-34
56,96,-36
15,79,-24
-9,49,-33
-11,15,-26
52,9,-1
18,3,-16
23,22,-19
15,52,-11
10,61,-8
-5,110,-4
-18,127,-10
-48,127,-8
-87,127,59
-101,111,54
-83,102,35
17,80,-14
-45,100,45
7,75,3
-2,56,-9
-5,68,-17
-3,66,-16
13,64,-4
9,63,-11
2,63,-17
9,60,-14
11,61,-12
1,62,-19
15,64,-10
0,72,-3
0,69,-13
-4,71,-17
2,80,-7
4,89,-2
4,95,-15
42,117,-34
60,121,-30
14,90,-29
-12,87,-12
-2,34,-39
-19,18,-10
38,13,-5
17,4,-17
19,14,-21
17,46,-19
12,61,-17
4,106,-16
-21,127,-21
-45,127,-16
-98,127,87
-128,120,87
38,78,-5
-128,127,46
-25,127,-21
-3,38,-25
-4,72,-7
3,68,-3
13,63,-1
8,64,-13
2,62,-17
8,60,-12
9,63,-9
7,62,-9
-1,64,-11
3,67,-13
-1,69,-14
0,76,-13
2,82,-10
8,90,-5
9,95,-16
40,120,-35
61,109,-28
22,86,-31
14,77,-25
-14,30,-38
38,19,-11
21,2,-12
18,4,-17
21,41,-17
11,52,-18
4,90,-16
-23,126,-25
-36,127,-26
-87,127,66
-117,127,85
-71,105,55
39,70,4
-121,115,48
5,65,8
-10,55,-8
-3,68,-16
6,60,-10
8,67,-4
2,62,-15
5,62,-13
6,63,-14
3,64,-13
12,64,-9
-8,64,-11
-1,67,-12
-2,70,-10
1,75,-6
0,82,-5
-1,85,-11
19,117,-29
58,127,-24
46,98,-29
0,73,-11
-8,60,-15
-1,20,-6
28,-1,3
10,1,-8
14,24,-20
9,38,-20
-14,62,-37
-33,81,-43
-21,113,-13
-34,127,80
-24,127,127
15,78,120
37,87,72
-52,127,5
19,49,-8
4,60,-16
2,59,-26
7,63,-19
4,63,-17
3,64,-17
3,63,-15
3,61,-18
6,61,-17
7,62,-16
7,63,-17
6,63,-16
8,64,-13
8,65,-12
2,67,-12
-1,69,-8
1,68,-14
1,60,-15
-5,61,-27
-5,57,-48
-14,63,-38
-5,63,-25
1,65,-15
-2,64,-9
10,62,-19
16,62,-19
21,59,-15
33,54,-11
27,56,-1
36,56,7
48,58,11
-3,80,5
22,67,-27
-9,65,-16
-13,64,-17
9,65,4
9,62,-10
4,62,-16
6,65,-10
11,66,-8
1,66,-8
1,65,-7
2,65,-7
4,63,-8
6,64,-9
7,62,-8
7,66,-6
7,63,-8
6,65,-6
6,65,-5
16,64,-8
15,65,-9
4,67,0
12,64,1
0,63,3
-7,63,-4
-5,65,-4
-10,60,-4
-14,55,-17
-12,55,-13
-9,56,0
-8,58,-3
-9,63,0
7,72,0
12,73,2
4,66,-4
10,66,-8
7,62,0
10,63,4
6,64,2
-11,68,-3
-2,66,-6
1,64,-3
0,65,-2
3,64,-1
5,64,-4
5,63,-5
4,64,-4
4,64,-4
5,63,-4
4,63,-5
3,64,-4
3,64,-4
2,65,-4
3,64,-4
3,64,-4
2,64,-4
2,64,-4
3,64,-4
3,64,-4
3,64,-4
3,65,-4
2,64,-4
2,64,-4
2,64,-4
2,64,-4
3,64,-4
3,64,-4
2,64,-4
3,64,-4
3,64,-4
3,64,-4
3,63,-4
3,64,-4
3,64,-4
3,64,-4
3,63,-4
3,64,-4
3,64,-4
3,64,-4
3,64,-4
3,64,-4
3,64,-4
3,64,-4
3,64,-4
3,64,-4
4,64,-4
4,64,-4
4,64,-4
3,64,-4
4,64,-4
4,64,-4
4,64,-4
4,64,-4
4,64,-4
3,64,-4
3,64,-4
4,64,-4
3,64,-4
3,64,-4
4,64,-4
4,64,-4
4,64,-4
4,64,-4
4,64,-3
3,64,-4
4,64,-4
4,64,-4
3,64,-4
4,64,-4
4,64,-4
3,64,-3
4,64,-4
3,64,-4
4,64,-3
3,64,-3
3,64,-4
4,64,-3
4,65,-4
3,64,-4
4,64,-4
4,64,-4
5,64,-4
4,64,-3
5,64,-3
4,64,-3
4,64,-3
3,64,-2
3,64,-2
4,64,-1
4,64,-2
3,64,-2
4,64,-2
3,63,-1
4,64,-1
4,64,-2
3,65,-1
3,64,-1
2,64,-1
2,64,0
3,64,-1
3,65,-1
4,64,-1
3,65,0
3,66,-1
4,66,-2
1,66,-4
2,65,-4
0,61,-1
-9,56,-4
-5,55,-4
-6,71,36
12,63,14
7,69,-4
-1,68,-6
5,63,-2
4,64,5
6,64,2
2,65,-3
4,64,-2
4,64,1
3,65,2
3,64,0
5,64,-1
4,64,0
5,64,-1
5,64,-2
4,64,-1
5,64,-1
4,63,-1
4,64,-2
4,64,-1
4,64,-1
4,64,-1
4,64,-1
4,64,-2
3,64,-2
4,64,-1
3,64,-2
3,64,-1
4,64,-1
4,64,-2
3,64,-1
3,64,-2
3,64,-2
3,64,-2
3,64,-2
3,64,-2
4,64,-2
3,64,-1
3,64,-2
4,63,-2
5,65,-2
6,66,-3
3,64,-2
2,65,0
2,66,0
4,63,-3
-2,64,1
4,64,0
-2,62,0
-11,66,5
0,62,3
1,62,2
-10,62,5
-12,65,5
4,60,4
-5,62,2
-2,61,-1
5,60,-5
5,73,-10
-14,70,-9
-15,66,-5
-2,64,-4
0,64,-5
-1,62,-2
-8,65,-5
-2,67,-8
-7,71,-5
-25,75,1
-2,75,-3
-14,106,-14
11,112,-4
34,107,0
63,87,2
55,70,-16
19,126,-51
37,123,-84
42,51,-45
45,60,-57
40,31,-16
40,36,-7
41,51,-6
15,76,-10
4,91,-12
-9,114,-27
-14,126,-29
-60,127,16
-124,127,51
-128,127,43
-128,127,21
127,127,-51
-22,117,25
-47,52,-13
-38,96,18
5,59,-4
11,61,-8
1,63,-18
7,62,-20
-1,74,-18
7,84,-11
12,92,1
27,115,-13
39,116,-25
96,105,-43
37,127,-22
44,127,-59
91,52,-33
84,52,-36
37,-1,-23
38,25,-19
32,33,-18
15,64,-30
7,79,-28
13,127,-9
-15,127,3
-116,127,16
-128,127,72
-128,127,48
127,65,-40
-55,121,30
2,30,-5
-35,73,10
-12,77,2
12,61,1
3,67,-3
-7,64,-18
21,71,-14
-5,72,-22
8,84,-2
8,89,6
17,103,-9
26,112,-18
70,109,-49
47,127,-62
33,127,-41
58,64,-52
67,51,-45
38,-6,-24
53,23,-8
49,40,3
34,76,0
29,94,0
26,127,-3
-12,127,-4
-128,127,8
-128,127,44
-128,127,33
127,73,-15
-75,127,-4
-35,18,-40
-27,68,8
-18,84,15
2,64,13
4,64,11
-6,61,-24
-2,62,-26
-34,60,-18
3,72,-16
1,87,-8
14,100,-12
21,105,-13
51,120,-29
87,114,-89
43,127,-35
28,96,-72
76,51,-47
52,9,-27
47,2,-18
49,28,-12
32,69,-10
22,110,-9
21,127,-11
-1,127,-14
-79,127,0
-128,127,79
-128,127,77
-82,126,13
127,24,-98
-50,127,15
-54,63,-3
-20,67,2
-6,68,-2
4,66,-2
11,63,-17
1,61,-28
10,62,-20
2,71,-28
4,77,-19
12,102,-8
23,107,-5
44,122,-21
102,107,-62
72,119,-54
-5,127,-73
12,50,-71
64,26,-26
31,-2,-22
40,20,-25
30,49,-18
26,68,-19
28,106,-21
26,127,-19
-56,127,4
-128,127,51
-128,127,74
-128,127,26
127,74,-26
-58,127,12
-54,43,-34
-33,68,4
-7,72,4
-1,67,6
11,63,-9
6,62,-28
18,58,-13
7,68,-8
-1,73,-17
-1,90,-20
10,106,-11
34,125,-8
81,126,-41
116,106,-62
53,127,-34
10,127,-88
107,35,-51
43,14,-35
49,17,-35
40,58,-15
29,78,-16
15,117,-16
18,127,-12
-47,127,11
-128,127,50
-128,127,84
-128,127,46
13,105,-10
-122,127,60
-55,39,-29
-57,83,4
-1,62,-3
-3,65,2
4,66,-7
0,65,-14
0,64,-16
1,71,-24
2,72,-23
4,93,1
20,103,-18
22,108,-15
74,118,-53
102,126,-79
22,127,-31
9,127,-69
60,41,-33
44,5,-23
40,-1,-23
42,33,-9
33,49,-10
27,84,-8
32,109,-10
-21,127,-8
-112,127,24
-128,127,76
-128,127,37
56,110,-39
-97,127,46
-53,87,15
-24,55,-1
-10,69,-2
1,68,-3
14,60,-5
8,64,-13
2,58,-29
17,66,-12
3,63,-18
2,70,-19
-5,82,-12
18,99,-8
25,123,-15
44,122,-27
108,115,-66
51,123,-50
9,127,-72
30,36,-61
58,23,-25
34,0,-21
37,17,-22
27,54,-19
18,69,-21
13,105,-23
-25,127,-30
-58,127,-26
-128,127,49
-128,127,80
-128,127,61
55,63,6
-110,127,17
-56,69,-9
-29,61,-4
-6,70,2
2,66,6
2,66,-8
8,58,-26
11,60,-14
12,68,-12
-5,71,-15
-2,76,-18
10,99,-12
17,113,-12
39,116,-9
60,115,-26
103,92,-71
19,127,-29
-13,111,-82
76,36,-39
53,19,-26
37,3,-23
37,18,-22
36,52,-17
24,93,-19
26,119,-17
-28,127,-20
-76,127,-6
-128,127,71
-128,127,54
-94,127,29
-113,127,53
-43,127,-2
-48,47,-25
-15,62,1
-8,71,2
1,67,6
9,64,-3
5,63,-24
10,59,-21
0,73,-16
-1,81,-14
8,93,-2
22,109,-7
30,114,-4
67,112,-34
97,104,-65
30,127,-26
23,62,-69
60,52,-45
34,5,-25
34,7,-25
37,22,-19
27,59,-14
22,73,-14
32,124,-10
9,127,-9
-87,127,16
-128,127,84
-128,127,62
127,103,-5
-59,109,33
-53,69,21
-48,66,-14
-9,70,3
1,67,2
7,64,1
-2,62,-25
3,59,-24
9,67,-3
4,67,-24
1,69,-21
2,90,-1
19,100,-16
19,109,-12
30,115,-25
95,127,-74
28,127,-29
-6,127,-32
73,46,-22
63,15,-14
36,9,-24
31,32,-15
27,50,-15
20,83,-9
25,103,-7
18,127,-11
-70,127,12
-128,127,23
-128,127,46
-128,127,41
127,57,-25
5,69,14
-19,52,-7
-36,64,-6
-11,72,0
2,66,2
9,66,3
-1,63,-17
10,60,-18
12,67,-2
2,66,-21
0,73,-18
2,95,-8
8,104,-12
27,121,-13
68,112,-39
101,90,-48
22,121,-14
-22,127,-73
75,59,-37
20,18,-16
18,9,-27
34,22,-17
31,32,-17
23,68,-17
32,112,-12
27,127,-6
-66,127,28
-113,127,28
-128,127,101
-128,127,61
127,13,-81
-12,117,23
-39,35,-10
-13,71,-11
-12,67,-10
4,67,4
12,62,-10
10,59,-23
18,61,-14
0,68,-9
-8,76,-15
-4,86,-14
17,115,-9
44,124,-9
72,118,-23
126,89,-73
15,127,-22
-9,95,-96
74,35,-46
41,20,-30
50,8,-29
44,23,-24
39,57,-19
28,100,-15
29,127,-11
-46,127,-4
-106,127,13
-128,127,101
-128,127,46
127,55,-63
-40,127,-1
-51,48,3
-16,66,0
-4,66,1
4,67,4
11,61,-19
2,60,-32
19,59,-16
8,69,-5
-3,73,-23
-1,87,-15
23,112,-11
44,127,-17
72,127,-38
97,109,-75
42,127,-28
30,49,-83
75,28,-36
40,11,-26
47,27,-29
31,64,-18
22,80,-20
18,127,-18
-1,127,-11
-68,127,27
-113,127,44
-128,127,94
-128,125,58
127,32,-92
-41,125,9
-33,7,-17
-19,76,-2
-9,71,-8
3,68,4
19,62,-13
10,62,-26
23,65,-17
-4,68,-11
-3,82,-15
2,93,-12
21,112,-14
48,124,-12
102,107,-78
76,113,-68
17,127,-26
67,55,-52
52,27,-31
29,7,-25
36,9,-22
41,22,-13
28,62,-13
27,81,-9
26,127,-2
-51,127,5
-111,127,4
-128,127,67
-128,127,40
127,31,-83
-38,127,-34
-59,72,9
-17,62,2
-8,69,1
0,67,-1
11,62,-9
2,63,-17
9,69,-8
3,70,-9
1,71,-20
1,84,-16
15,98,-13
28,111,-8
44,121,-32
100,127,-82
62,127,-55
32,73,-73
84,25,-42
53,5,-25
50,20,-23
45,40,-13
33,78,-10
28,106,-9
1,127,-11
-104,127,1
-128,127,23
-128,127,69
-128,127,48
127,42,-43
-35,110,-10
-42,70,13
-11,66,0
-4,67,-3
0,68,-1
11,61,-13
9,61,-23
3,62,-16
17,66,-12
0,67,-14
-1,86,0
6,92,-11
16,111,-12
26,120,-17
80,114,-43
122,108,-60
-1,127,-23
45,40,-63
94,47,-51
35,-2,-23
45,0,-35
46,39,-18
35,53,-16
35,101,-18
-6,127,-21
-57,127,-18
-128,127,43
-128,127,78
-128,127,39
19,62,3
-89,127,-17
-57,46,-35
-12,80,14
0,72,6
7,61,2
7,64,-10
2,63,-19
8,63,-13
-2,73,-23
2,71,-21
2,89,-3
21,93,-12
21,100,-9
54,112,-40
70,114,-87
28,127,-35
47,69,-51
66,50,-37
39,0,-25
36,-3,-28
34,20,-19
41,34,-15
28,81,-10
18,127,-16
-15,127,-17
-117,127,0
-128,127,59
-128,127,51
127,75,-61
-128,127,60
-56,83,23
-32,47,-23
0,67,0
1,63,2
1,65,-4
3,64,-15
3,63,-13
4,73,-8
-5,66,-19
-1,68,-15
0,83,-13
9,88,-11
14,97,-9
18,113,-31
67,127,-78
49,108,-32
2,57,-32
37,41,0
42,14,-5
14,-2,-15
22,7,-18
18,28,-14
17,56,-14
1,75,-20
-25,121,-45
-34,127,11
-71,127,127
-43,88,127
28,102,127
-128,127,100
40,73,4
-8,66,-22
-6,52,-23
7,64,-5
3,58,-24
2,57,-31
9,61,-18
7,63,-15
2,66,-13
4,63,-11
2,65,-7
-2,72,-3
-6,78,-3
15,64,-28
-25,42,-124
-7,44,-78
-21,62,-24
1,61,-9
2,68,4
7,62,-9
19,62,-12
37,58,-12
37,57,-10
44,56,0
53,59,5
45,64,18
-12,77,8
8,63,-10
-3,71,-15
3,71,-4
9,72,4
3,61,-15
-1,59,-16
-10,57,-5
-8,56,-1
-10,54,-4
-5,54,-10
1,70,-4
7,72,-3
7,69,-7
6,66,-14
6,63,-9
5,64,-9
4,63,-9
3,64,-7
6,65,-6
5,67,-6
1,66,-5
1,67,-4
1,64,-6
-2,65,-6
2,64,-7
6,60,-9
-2,63,-4
5,64,-2
31,61,0
7,69,2
1,64,4
1,66,2
-4,64,-2
-6,63,-1
-5,62,-4
-6,60,-7
-8,58,-5
-8,58,-4
-7,58,-3
-7,59,-5
-2,64,-5
7,75,4
11,70,5
11,66,1
16,62,-14
6,63,-8
7,63,-4
5,64,-2
4,63,-3
7,63,-3
7,63,-3
4,63,-7
5,64,-7
4,63,-5
5,64,-2
6,64,-4
5,64,-3
3,65,-4
0,64,-4
5,63,-3
11,62,-3
9,62,-4
3,64,-4
3,65,-4
4,64,-3
3,64,-3
5,65,-2
5,64,-2
4,63,-1
-4,67,-4
1,64,-4
7,62,-6
5,63,-5
3,64,-5
3,64,-5
4,63,-4
6,64,-5
5,63,-5
4,65,-5
2,66,-4
-2,64,-1
4,64,-2
5,63,-4
8,62,-4
11,62,-3
11,63,0
-10,68,0
-3,67,-2
6,64,-4
5,64,-6
4,63,-6
5,63,-5
5,63,-5
3,63,-4
1,62,-2
4,66,-3
2,65,-7
2,65,-9
3,64,-7
3,65,-5
3,64,-5
1,64,-6
0,63,-5
0,63,-4
0,64,-3
1,63,-3
2,63,-4
3,64,-3
3,64,-4
2,64,-2
1,64,-2
1,64,-2
2,64,-2
3,64,-2
5,64,-3
-3,66,2
1,65,3
-1,64,-2
2,61,-5
10,62,1
13,65,-1
9,62,-6
-9,67,-5
-5,66,0
3,65,1
2,64,-1
2,64,-5
4,64,-3
4,64,-3
2,64,-4
2,64,-4
3,64,-4
1,64,-4
2,64,-4
2,64,-4
3,65,-4
2,64,-5
2,64,-5
3,64,-5
3,64,-5
3,64,-5
3,64,-5
2,64,-5
3,64,-6
2,64,-6
2,64,-6
2,65,-5
2,63,-5
2,64,-6
3,64,-6
3,64,-6
2,64,-6
3,64,-6
2,64,-6
3,64,-6
3,64,-6
2,64,-5
2,64,-6
3,64,-6
1,63,-5
1,64,-5
2,64,-5
2,64,-6
3,63,-6
3,64,-6
4,64,-6
4,64,-6
3,63,-6
4,63,-6
3,64,-6
3,64,-6
3,64,-6
3,64,-6
3,64,-5
3,64,-6
4,64,-6
4,64,-6
4,64,-6
4,64,-6
5,64,-7
5,64,-7
5,63,-7
4,64,-7
4,64,-6
4,63,-6
4,64,-6
4,63,-6
3,63,-6
3,64,-6
3,63,-6
4,64,-6
4,64,-6
3,64,-6
4,64,-6
4,64,-6
4,64,-6
4,64,-6
4,64,-6
4,64,-6
4,64,-6
4,64,-6
5,64,-6
5,64,-6
4,64,-6
5,64,-6
4,64,-5
5,64,-6
4,64,-5
4,64,-5
4,64,-5
4,64,-6
4,64,-6
4,63,-6
5,63,-6
4,64,-6
4,63,-5
4,64,-6
4,64,-5
4,64,-5
4,64,-5
4,64,-6
3,64,-5
3,64,-5
4,64,-5
4,64,-5
4,64,-5
4,64,-5
4,64,-6
3,64,-5
3,63,-5
3,64,-5
3,64,-5
3,64,-4
3,64,-5
3,64,-4
4,64,-4
3,64,-4
3,64,-5
4,64,-4
3,64,-4
2,64,-4
3,64,-4
2,64,-4
2,64,-4
2,64,-4
2,64,-3
2,63,-3
2,64,-4
2,64,-4
3,64,-4
2,64,-4
2,64,-3
2,63,-3
1,64,-3
1,64,-3
1,64,-3
2,64,-3
2,64,-3
2,64,-3
3,64,-3
5,67,-2
6,66,0
5,66,0
5,65,-2
-4,64,-1
-5,62,-3
-7,62,-6
-7,61,-5
-6,61,-5
-2,62,-2
-2,63,0
-2,65,-4
-2,65,-2
-1,64,-1
-4,62,-3
-4,61,-4
-2,64,-4
3,68,1
5,67,1
5,65,-3
5,64,-4
5,64,-3
5,64,-2
4,64,-3
4,64,-3
3,64,-3
3,64,-3
3,64,-3
4,65,-3
3,64,-3
4,64,-4
4,64,-4
3,64,-4
4,64,-3
5,65,-3
2,64,-2
4,64,-3
4,64,-4
3,64,-3
3,63,-3
3,64,-4
2,64,-3
3,64,-3
3,64,-3
2,63,-4
3,64,-4
3,64,-4
3,64,-4
3,64,-3
3,64,-3
4,63,-4
3,64,-4
4,64,-4
4,64,-4
4,64,-4
4,64,-5
4,64,-5
4,64,-5
3,64,-4
3,64,-4
4,64,-5
3,64,-5
4,64,-4
3,64,-4
3,64,-4
3,64,-4
2,64,-4
2,64,-4
2,63,-5
3,64,-5
3,64,-4
3,64,-4
3,64,-4
5,64,-5
4,63,-4
0,63,-6
1,64,-5
13,64,-3
2,64,1
2,63,-2
2,64,-1
1,65,-4
1,64,-4
2,64,-4
3,64,-4
2,64,-4
1,64,-3
2,64,-3
1,64,-3
1,64,-4
2,64,-4
2,64,-4
2,64,-3
2,64,-4
2,64,-4
2,64,-4
2,64,-4
1,64,-4
2,64,-4
2,64,-4
2,64,-4
2,64,-4
2,64,-4
2,64,-4
2,64,-4
2,64,-4
2,64,-4
2,64,-4
2,64,-4
2,64,-4
2,64,-4
2,64,-4
2,64,-4
3,64,-4
2,64,-4
2,64,-4
2,64,-4
2,64,-4
2,64,-4
3,64,-4
2,64,-4
2,64,-4
2,64,-4
2,64,-4
3,64,-4
2,64,-4
2,64,-4
2,64,-4
3,64,-4
2,64,-4
2,64,-4
2,64,-5
2,63,-4
2,63,-4
3,63,-5
3,64,-4
3,64,-4
2,64,-4
2,64,-4
1,64,-4
1,64,-4
1,64,-4
2,64,-5
1,63,-5
2,64,-5
2,64,-5
1,64,-5
1,63,-7
2,63,-8
3,64,-9
3,64,-8
3,64,-8
3,64,-8
3,64,-8
3,64,-7
4,65,-8
3,64,-7
2,63,-7
3,63,-7
3,64,-6
3,63,-6
3,63,-7
4,64,-7
3,64,-6
3,64,-6
4,64,-6
3,64,-6
3,64,-6
3,64,-6
3,64,-5
3,63,-6
4,64,-6
4,63,-5
4,64,-5
3,64,-5
3,63,-5
3,64,-5
3,64,-5
4,64,-4
3,64,-4
3,64,-4
2,64,-4
3,64,-4
3,64,-4
3,64,-4
3,64,-4
3,64,-4
3,64,-4
3,64,-4
3,64,-5
3,64,-4
3,64,-4
3,64,-4
3,64,-5
3,64,-4
3,64,-4
2,64,-4
2,63,-4
4,65,-5
2,64,-4
0,68,-4
2,68,-2
-2,63,-7
2,64,-6
3,62,-3
2,60,0
-7,64,2
0,62,-2
-4,65,0
-2,62,0
-5,62,2
-2,61,-1
-11,63,2
-3,61,-5
-5,77,-13
-13,57,-10
-28,60,3
-10,58,-5
-31,59,10
-30,60,13
-32,62,15
-35,69,17
-37,112,21
-7,127,3
39,127,-35
63,97,-14
39,56,1
58,104,-50
21,127,-53
60,127,-40
82,127,-35
49,61,-37
34,12,-36
28,28,-31
2,80,-11
-29,110,-1
-128,127,60
-128,127,81
-128,127,67
-128,127,127
87,127,17
-128,127,98
-16,82,22
-41,83,-6
51,127,12
93,127,3
127,67,-28
35,107,-13
63,109,-74
89,94,-54
88,54,-54
108,61,-34
82,40,-34
23,17,-32
7,42,-43
-2,101,-41
-75,127,-11
-128,127,64
-128,127,121
-128,94,89
-71,61,33
-125,127,104
-128,-128,-64
-5,70,14
-40,71,-11
-16,127,-38
68,127,-7
127,119,-19
21,111,-17
61,127,-80
74,100,-54
79,50,-38
102,85,-37
64,33,-30
38,17,-34
25,60,-44
22,98,-38
-57,127,-8
-128,127,127
-128,127,127
-128,91,82
-95,66,22
-89,127,89
-128,-128,-59
-17,71,-14
-44,97,-54
56,127,27
107,127,-1
127,94,-16
11,120,-40
34,98,-61
95,104,-61
80,49,-41
98,60,-44
61,27,-21
42,22,-28
18,68,-35
-4,127,-37
-54,127,-14
-128,127,113
-128,127,127
-128,87,87
127,127,-20
-128,127,47
-53,127,41
-20,56,-23
-25,113,-14
80,127,-7
93,127,-17
60,79,-27
21,124,-61
109,109,-64
127,70,-67
107,47,-33
96,80,-32
46,44,-17
3,61,-36
12,92,-34
-25,127,-35
-128,127,89
-128,127,127
-128,96,99
-128,99,80
127,127,-46
-67,127,82
-128,127,109
-39,70,0
-28,103,1
89,127,9
91,127,5
121,68,-18
25,123,-112
67,110,-67
90,63,-65
92,59,-49
101,75,-40
50,28,-25
13,39,-41
16,97,-39
4,127,-34
-128,127,69
-128,127,123
-128,119,108
-85,88,25
78,127,73
-128,-81,-26
-54,127,100
-39,88,-12
127,127,-107
39,127,-13
127,55,-27
7,100,-15
35,102,-93
90,127,-71
111,56,-61
127,85,-61
74,38,-35
21,45,-43
21,71,-43
11,127,-36
-125,127,94
-128,127,127
-128,119,112
-128,103,82
95,127,6
-85,112,7
-46,127,40
-31,78,-16
-82,127,-56
50,127,-14
127,67,-44
28,93,-29
36,108,-93
108,127,-58
108,52,-46
106,75,-31
76,37,-21
28,28,-37
20,62,-44
18,127,-44
-27,127,-22
-128,127,123
-128,127,127
-128,97,105
127,127,-63
-128,127,109
-103,127,56
-15,71,-5
-28,111,-17
118,127,2
63,127,5
90,74,-21
41,127,-93
84,112,-61
99,113,-58
94,65,-45
100,66,-40
63,19,-20
26,39,-34
30,72,-33
6,127,-27
-128,127,83
-128,127,127
-128,112,99
-128,112,73
84,127,4
-128,-109,4
-51,127,39
-34,72,-18
-43,112,-19
86,127,-1
88,127,-13
55,85,-27
42,122,-105
88,124,-70
103,56,-54
108,80,-36
64,36,-31
25,22,-42
26,51,-44
10,122,-41
-17,127,-14
-128,127,127
-128,127,127
-128,89,97
127,127,-103
-128,127,122
-120,97,46
-25,92,7
-23,93,-16
127,127,37
51,127,-2
104,71,-33
30,97,-31
32,103,-85
101,92,-59
90,64,-49
96,65,-48
62,23,-17
33,17,-29
23,48,-30
31,110,-31
-77,127,40
-128,127,99
-128,127,101
-128,109,67
127,127,-74
-95,-128,-42
-105,87,46
-34,73,-12
-25,92,-12
127,127,59
39,127,4
109,74,-42
38,123,-68
35,108,-91
102,101,-62
96,75,-51
112,73,-48
55,15,-33
31,19,-39
32,76,-40
20,113,-44
-59,127,30
-128,127,127
-128,127,109
-128,106,47
127,127,-110
-116,-88,-11
-18,92,-7
-37,72,-10
-48,127,-48
127,127,50
118,121,-24
100,67,-41
42,127,-75
81,116,-66
110,79,-66
124,80,-47
92,58,-38
48,14,-37
27,33,-39
24,88,-37
-16,127,-14
-85,127,65
-128,127,127
-128,125,94
70,127,-56
-43,-53,-11
-109,17,-4
-22,76,-22
-14,104,-16
13,127,-3
69,127,-13
108,97,-35
42,106,-36
40,127,-73
93,81,-58
109,68,-45
106,63,-50
56,12,-41
30,18,-49
20,70,-46
17,103,-50
-73,127,36
-128,127,127
-128,123,122
-90,103,18
31,127,38
-128,-45,-30
-52,81,28
-22,70,-21
-10,101,-2
49,127,-13
56,127,-16
90,97,-33
43,120,-37
33,75,-82
87,88,-47
109,75,-43
75,51,-33
39,2,-41
18,33,-44
12,58,-48
-9,125,-2
-52,127,49
-128,127,127
-128,125,91
-128,89,53
-128,127,127
-21,0,25
-26,64,-1
-20,72,8
-13,83,0
7,111,-15
21,118,-23
41,89,-19
53,89,-29
5,93,-59
40,72,-75
125,75,-31
55,24,-70
55,8,-85
2,41,-86
-8,66,-80
9,127,-9
22,127,127
3,127,127
96,70,127
102,79,127
59,127,-128
-6,48,27
-29,71,-18
-14,63,-1
-14,72,-5
-9,65,-18
-7,68,-14
7,61,-38
3,63,-46
8,60,-37
6,45,-34
0,58,-5
-15,53,-14
8,67,17
13,72,23
11,73,8
12,73,9
26,73,11
24,64,6
21,61,3
12,55,-4
3,56,-5
-10,55,-3
-15,54,-4
-35,70,4
-54,74,19
-1,21,-4
36,120,-43
17,70,-9
-22,63,4
-21,62,7
-26,59,6
-34,64,11
-39,68,14
-42,118,-19
2,127,-24
61,117,-26
79,48,-19
39,93,11
27,112,-52
36,106,-34
59,111,-27
46,47,-27
31,21,-21
27,6,-20
18,25,-19
-15,67,-16
-47,88,-9
-128,127,47
-128,127,107
-128,127,84
-49,127,89
113,115,-22
-128,98,40
-10,65,-18
-47,79,-1
24,127,-40
38,127,-9
127,123,-21
66,92,-20
74,127,-67
67,112,-51
98,76,-42
95,66,-38
71,22,-26
41,0,-28
36,66,-31
24,93,-36
-59,127,4
-128,127,56
-128,127,127
-128,72,78
49,127,-40
-122,-105,-42
-69,85,58
-29,83,-8
-9,116,-28
68,127,-2
127,84,-36
49,92,-29
65,121,-77
80,112,-58
99,65,-53
117,75,-54
80,33,-34
36,10,-34
31,31,-39
39,110,-38
15,127,-32
-128,127,106
-128,127,127
-128,117,113
22,127,59
-53,63,1
-56,127,72
-31,74,-2
-25,103,-16
95,127,11
59,127,-4
83,72,-47
55,127,-88
81,109,-76
116,51,-67
98,56,-40
91,57,-35
60,27,-25
22,47,-41
18,118,-38
7,127,-12
-128,127,127
-128,127,127
-128,103,78
6,127,44
-65,96,28
-45,105,49
-31,79,-27
-16,112,-13
127,127,-26
25,127,0
58,75,-46
36,112,-37
43,104,-70
73,104,-57
91,64,-37
89,54,-42
67,24,-25
17,23,-40
22,46,-44
15,123,-38
-108,127,68
-128,127,127
-128,109,89
-128,95,72
88,127,26
-128,-72,-4
-45,104,30
-37,72,-11
-22,93,-6
91,127,10
80,117,-21
112,74,-31
36,126,-47
36,125,-90
88,87,-60
85,87,-45
77,48,-36
53,20,-29
24,14,-32
30,71,-28
27,93,-29
-63,127,33
-128,127,95
-128,127,127
-128,92,3
66,127,0
-117,-76,-10
-39,106,56
-31,66,-9
-16,125,-30
69,127,-4
47,127,-7
49,87,-32
39,112,-38
42,118,-86
77,92,-59
88,81,-45
106,69,-55
54,19,-24
33,15,-33
32,71,-30
8,127,-13
-51,127,34
-128,127,127
-128,127,127
-128,80,53
127,127,-121
-72,-95,-28
-17,92,-2
-37,71,-17
-11,115,-13
49,127,-6
46,127,-6
63,73,-31
30,106,-33
52,81,-84
71,76,-62
77,66,-45
86,58,-35
49,23,-25
20,39,-39
25,72,-32
6,127,-29
-50,127,12
-128,127,127
-128,99,102
-128,90,68
-8,127,75
-42,1,-42
-36,121,45
-33,73,-9
-38,97,-10
79,127,3
45,127,-6
111,55,-32
8,87,-17
13,92,-98
80,85,-54
77,87,-46
86,66,-43
65,32,-32
30,23,-37
37,76,-30
13,108,-40
-69,127,40
-128,127,115
-128,127,104
-36,127,16
-63,127,60
-128,-16,-12
-45,127,70
-29,76,1
-26,94,1
111,127,44
94,116,-22
111,71,-31
48,124,-62
28,98,-95
90,86,-65
100,88,-41
114,71,-53
57,18,-31
30,22,-37
19,85,-38
3,116,-45
-82,127,7
-128,127,127
-128,127,124
-128,87,63
-128,127,83
-81,-123,-39
-18,86,5
-31,75,-9
-13,112,-8
35,127,2
52,127,-14
63,71,-37
16,111,-31
69,90,-82
86,91,-54
93,80,-44
109,78,-51
50,16,-23
27,26,-35
27,60,-37
10,127,-41
-35,127,-6
-128,127,127
-128,116,94
-128,95,79
-128,127,112
-121,41,32
-29,127,34
-21,60,-35
-22,95,-3
96,127,10
48,127,-1
105,70,-40
26,91,-29
27,98,-96
90,84,-60
83,74,-47
84,47,-35
51,22,-31
30,7,-38
30,65,-38
23,102,-40
-68,127,36
-128,127,102
-128,127,124
-128,101,84
17,127,5
-118,-76,-19
-53,96,43
-28,69,-9
-26,84,-4
57,127,-10
48,127,-15
114,90,-33
36,98,-27
45,127,-77
74,104,-53
95,84,-48
99,55,-46
53,14,-30
43,4,-32
39,60,-33
29,96,-40
-51,127,13
-128,127,127
-128,127,127
-128,80,67
127,127,-98
-20,-52,-19
-107,39,16
-23,68,-29
-12,96,-14
-18,127,11
17,127,-7
101,107,-28
43,87,-29
44,101,-94
74,81,-67
106,85,-55
104,61,-46
58,22,-29
30,41,-34
28,69,-36
-4,127,-17
-54,127,29
-128,127,127
-128,127,127
-105,86,52
-128,127,53
-104,-47,-3
-26,82,-5
-24,68,-9
-7,102,-12
68,127,-3
31,127,-15
70,70,-51
42,92,-33
46,85,-78
68,72,-55
100,87,-42
55,32,-29
45,17,-36
28,28,-36
21,82,-42
-4,127,-34
-128,127,48
-128,127,127
-128,102,97
-128,98,87
-78,127,42
-128,7,13
-31,103,34
-30,68,-7
-26,75,-7
27,127,-15
60,127,-25
103,104,-31
30,91,-21
39,118,-60
27,67,-50
57,75,-44
75,73,-41
52,22,-28
39,5,-36
23,22,-40
26,89,-33
-1,127,-32
-43,127,15
-128,127,127
-128,86,90
-128,97,69
67,127,-1
-128,127,60
-53,54,-6
-36,72,-22
-14,87,-4
40,127,-6
47,127,-18
54,86,-28
34,73,-21
13,95,-27
0,67,-50
12,61,-47
75,91,-28
65,70,-29
30,8,-29
33,6,-39
24,29,-43
13,86,-56
2,119,-61
-49,127,38
-128,127,127
-105,95,127
127,107,-13
-33,127,-21
-4,24,11
-42,55,-39
-19,52,-3
-6,77,-9
-10,72,-14
0,64,-22
-3,62,-25
-8,54,-12
-9,56,-10
-14,52,-18
-2,72,-51
0,78,-64
-12,63,-60
-35,45,-40
-7,67,-3
11,67,33
8,58,21
14,62,21
18,62,18
19,62,1
3,66,-9
0,65,-16
2,63,-21
17,61,-13
106,34,-2
-45,122,17
20,76,-28
-10,62,1
-5,62,1
-6,67,-11
-7,64,-10
2,64,-9
-1,70,-8
0,69,-6
-2,62,-7
-1,61,-6
2,64,-5
7,64,-4
9,72,3
1,66,-3
3,69,-9
3,70,-14
8,64,-18
-1,58,-28
-4,51,-10
2,51,1
1,55,21
5,67,36
11,74,41
5,68,-6
-1,71,-11
1,63,-11
6,63,-1
7,64,5
3,64,-1
3,63,-1
3,65,0
4,65,1
5,64,-2
5,64,-4
6,63,-1
7,65,1
7,64,-1
4,63,-2
5,63,-3
6,64,-2
6,64,-1
5,64,-2
4,64,-2
5,64,-2
5,64,-2
5,64,-2
5,64,-2
5,64,-2
5,64,-2
5,64,-2
5,64,-2
5,64,-2
5,64,-2
5,63,-2
5,64,-2
5,64,-2
5,64,-2
5,64,-2
5,64,-2
6,64,-3
5,64,-3
5,64,-3
5,64,-2
5,63,-3
5,64,-3
5,64,-3
5,64,-3
5,64,-3
4,64,-3
4,64,-3
5,63,-3
5,64,-4
5,64,-3
5,64,-4
5,64,-4
5,63,-3
5,64,-3
5,64,-3
5,64,-3
5,64,-4
5,64,-4
4,64,-4
4,64,-4
5,64,-4
4,64,-3
4,64,-4
5,64,-4
5,64,-4
5,64,-4
5,64,-4
4,64,-4
5,64,-4
4,64,-4
5,64,-4
5,64,-4
5,63,-4
5,64,-4
5,64,-4
4,64,-4
5,64,-4
4,64,-3
4,64,-4
4,64,-4
5,64,-4
4,64,-4
4,64,-4
4,64,-4
4,64,-4
4,63,-4
4,64,-4
4,64,-3
5,64,-4
4,64,-4
4,64,-4
5,64,-4
4,64,-4
4,64,-4
4,64,-4
4,64,-4
4,64,-4
4,64,-4
4,64,-4
4,64,-4
4,64,-4
4,64,-4
4,64,-4
4,64,-4
4,64,-4
4,64,-5
4,64,-5
4,64,-4
4,64,-4
4,64,-4
4,64,-4
4,64,-4
4,64,-4
4,64,-5
4,64,-5
5,64,-5
4,64,-5
4,63,-5
5,64,-5
4,64,-5
4,64,-5
4,64,-5
4,64,-5
5,64,-5
4,64,-5
5,63,-4
4,64,-5
4,64,-4
4,64,-5
4,64,-5
4,64,-5
4,64,-5
5,64,-5
4,64,-5
4,64,-5
4,64,-5
4,64,-5
4,63,-5
4,63,-5
5,64,-5
4,64,-5
4,64,-5
4,63,-5
4,64,-5
4,63,-5
3,64,-5
3,64,-5
3,64,-5
3,64,-5
3,64,-5
3,64,-5
3,64,-5
3,63,-5
3,63,-6
3,64,-5
3,64,-5
4,64,-5
3,64,-5
3,64,-5
3,64,-5
3,64,-5
4,64,-5
3,64,-5
4,64,-5
3,64,-5
3,64,-5
3,63,-5
3,64,-4
3,64,-5
3,64,-5
3,64,-5
4,64,-6
4,64,-5
4,64,-5
4,64,-6
4,64,-6
4,64,-5
4,63,-5
4,64,-6
4,64,-6
4,63,-6
4,64,-6
4,64,-5
4,64,-6
4,64,-6
3,63,-5
4,64,-5
4,64,-5
4,64,-5
4,64,-5
4,64,-5
4,64,-5
3,64,-5
4,63,-5
4,64,-5
3,64,-5
4,64,-5
4,64,-6
4,64,-5
4,64,-6
4,64,-6
4,64,-5
4,64,-6
4,64,-6
4,64,-6
4,64,-6
4,64,-6
4,64,-6
4,63,-6
4,64,-6
4,64,-6
4,64,-6
4,64,-6
4,64,-6
3,64,-6
4,64,-6
4,64,-6
4,64,-6
4,64,-6
4,64,-6
4,64,-6
4,64,-6
5,64,-6
4,64,-6
4,64,-6
4,64,-6
4,63,-6
4,64,-6
4,64,-6
5,64,-6
4,64,-7
5,63,-6
4,63,-6
5,63,-6
4,63,-6
4,64,-6
4,64,-6
4,63,-6
4,64,-6
4,64,-6
4,63,-6
4,63,-6
4,64,-6
4,64,-6
4,64,-6
4,63,-6
4,64,-6
4,63,-6
4,63,-6
4,64,-6
4,64,-6
4,64,-6
4,64,-6
4,64,-6
4,63,-6
5,64,-6
5,64,-6
4,63,-6
4,64,-6
4,64,-6
5,64,-6
5,64,-6
4,63,-6
4,63,-6
5,63,-6
4,64,-6
5,64,-6
4,63,-6
4,63,-6
4,64,-6
4,64,-6
5,64,-6
5,63,-7
5,64,-6
5,64,-6
5,64,-6
5,64,-6
5,63,-6
5,64,-6
5,64,-6
5,64,-6
5,64,-6
5,64,-6
5,64,-6
5,63,-6
5,64,-6
5,63,-6
5,63,-6
5,64,-6
5,64,-6
4,64,-6
5,64,-6
5,63,-6
5,63,-6
5,64,-6
5,64,-6
5,64,-6
5,64,-6
5,63,-6
5,64,-6
5,64,-6
4,63,-6
5,63,-6
4,64,-6
4,64,-6
4,64,-6
4,63,-6
5,64,-6
4,63,-6
4,64,-6
4,64,-6
4,63,-6
4,64,-6
4,63,-6
4,63,-6
4,64,-6
4,63,-6
4,64,-6
4,63,-6
5,64,-6
5,64,-6
4,63,-6
5,63,-6
5,64,-6
5,64,-6
5,64,-6
5,64,-6
5,64,-6
5,63,-7
5,64,-6
5,63,-6
5,64,-6
5,63,-6
5,64,-6
5,63,-7
5,64,-6
5,64,-6
5,64,-7
5,63,-6
5,64,-7
5,64,-7
5,64,-6
5,64,-6
5,63,-7
5,64,-7
5,64,-7
5,63,-6
5,63,-7
4,63,-6
5,63,-6
5,63,-7
5,64,-6
5,64,-6
4,63,-6
5,63,-7
5,64,-7
5,64,-7
5,64,-7
5,63,-7
5,64,-7
5,63,-6
5,63,-7
5,64,-7
5,64,-7
5,64,-6
5,64,-7
5,63,-7
5,64,-7
5,64,-7
5,63,-7
5,63,-7
5,64,-7
5,63,-7
5,63,-7
5,64,-7
5,63,-7
5,64,-7
5,63,-7
5,63,-7
5,63,-7
5,63,-7
5,63,-7
5,63,-7
5,63,-7
5,64,-7
5,64,-7
5,63,-7
5,63,-7
5,63,-7
5,64,-7
5,63,-7
5,63,-7
5,63,-7
5,63,-7
5,63,-7
5,63,-8
5,63,-7
4,63,-7
5,63,-7
5,63,-7
5,63,-7
5,63,-7
5,63,-7
5,63,-7
5,63,-7
5,63,-7
5,64,-7
5,63,-7
6,63,-7
5,63,-7
5,63,-7
5,64,-7
6,63,-7
6,63,-7
6,63,-7
6,63,-7
6,63,-7
6,63,-7
6,63,-7
6,63,-7
6,63,-7
7,63,-7
6,63,-7
7,63,-7
7,63,-7
6,63,-7
6,63,-7
6,63,-7
6,64,-7
8,63,-7
6,63,-7
6,63,-7
7,63,-7
7,63,-7
7,63,-7
6,63,-7
7,63,-7
6,63,-7
7,63,-7
7,63,-7
7,63,-7
7,63,-7
7,63,-7
7,63,-7
6,63,-7
7,63,-7
7,63,-7
7,63,-7
7,63,-7
6,63,-7
7,63,-7
7,63,-7
7,63,-7
7,63,-7
7,63,-7
7,63,-7
6,63,-7
7,63,-7
7,63,-7
7,63,-7
6,63,-7
7,63,-7
6,63,-7
7,63,-7
7,63,-7
7,63,-7
7,63,-7
6,63,-7
7,64,-7
7,63,-7
6,63,-7
