1478991894.000000, 1478991894.000000, 1478991894.000000
32.000000, 32.000000, 32.000000
8,63,7
7,63,7
7,63,7
7,63,7
7,63,7
7,63,7
8,63,7
8,63,7
8,63,7
9,63,7
9,63,7
8,63,7
8,63,7
8,63,7
8,63,7
8,63,7
9,63,7
9,63,7
9,63,7
9,63,7
8,63,7
9,63,8
9,63,8
9,63,7
9,63,8
9,63,7
8,63,7
8,63,8
8,63,7
8,63,7
9,63,7
8,63,7
8,63,7
9,63,7
9,63,7
8,63,7
8,63,7
8,63,7
8,63,7
8,63,7
9,63,7
8,63,7
9,63,6
9,64,6
9,63,6
8,63,6
8,63,6
9,63,6
7,63,6
7,63,6
8,63,6
7,63,6
7,63,6
7,63,6
7,63,6
7,63,6
7,63,6
7,63,6
7,63,6
7,64,6
7,63,6
7,63,6
8,64,6
7,63,6
7,63,6
7,63,6
7,63,6
7,63,5
7,63,5
7,63,5
6,63,5
7,63,4
7,63,5
7,63,4
8,63,3
8,64,3
9,64,2
7,63,2
7,63,2
8,63,2
7,63,1
8,64,2
10,63,2
10,63,2
10,63,1
10,63,1
9,63,1
9,63,1
8,64,1
9,63,1
9,63,2
9,63,1
9,63,1
9,63,2
9,64,2
9,63,1
8,63,2
8,63,2
8,63,2
8,64,2
8,63,2
8,63,3
8,64,3
8,63,3
8,63,3
8,63,3
8,63,4
8,63,3
8,63,4
8,63,4
8,63,4
8,63,4
8,63,4
8,63,5
8,63,4
8,63,5
7,63,5
7,63,5
7,63,4
7,63,5
8,63,4
8,63,4
9,63,4
9,63,3
9,63,3
9,64,2
9,63,3
9,63,3
9,65,2
9,63,2
7,63,2
7,64,2
7,63,1
6,63,1
7,63,1
7,63,1
7,64,1
8,63,1
9,63,1
9,63,0
9,63,0
9,63,0
8,63,-1
8,63,0
8,64,-2
7,63,-2
7,63,-2
5,68,-4
6,63,-2
2,61,-3
-1,63,-1
3,65,-7
3,63,-11
2,64,-9
2,62,-8
2,64,-9
3,64,-10
3,64,-9
0,66,-9
2,64,-9
3,63,-7
3,64,-11
0,62,-12
-2,59,-10
-4,63,-10
-6,62,-10
-3,63,-11
-2,62,-12
-4,63,-13
-5,63,-13
0,63,-15
0,67,-15
0,66,-16
-3,63,-14
-3,62,-16
-5,62,-15
-2,63,-15
-1,63,-13
-3,65,-13
-1,67,-13
-6,72,-18
-3,74,-18
-2,83,-14
-2,96,-5
1,98,5
34,105,-2
-45,115,-17
-30,127,-38
-128,127,-55
-68,127,-38
-31,67,-7
6,28,6
35,-20,15
39,-23,15
38,-20,12
28,-14,3
15,-8,-2
-24,5,-15
-94,55,-50
-128,64,-67
-128,127,-92
69,46,59
-19,75,-40
-19,72,-18
-22,63,-26
-12,68,-21
-13,63,-16
-11,66,-18
-11,62,-16
-11,59,-14
-14,55,-10
-15,55,-15
-13,65,-10
-8,71,-8
-3,84,-12
1,92,-6
0,90,0
18,97,13
47,90,-34
-49,119,-37
-97,127,-52
-92,127,-39
-30,106,-23
7,73,-12
36,2,8
40,-14,9
38,-11,13
26,-6,17
22,0,14
1,12,1
-13,20,-4
-59,35,-29
-92,48,-42
-123,52,-46
-1,103,54
11,111,23
-32,28,-15
-21,65,-2
-18,62,-15
-12,67,-17
-10,62,-16
-6,62,-18
-3,61,-17
-5,60,-15
-6,64,-13
-1,63,-13
-3,67,-15
0,71,-15
-6,75,-21
0,84,-10
8,93,-10
6,87,7
24,92,19
13,79,-7
-40,106,-26
-77,127,-61
-53,127,-28
-32,118,-27
20,57,-10
31,17,2
41,-5,2
43,-9,3
31,-12,10
21,-5,5
12,1,2
-27,14,-18
-59,25,-33
-120,61,-40
-128,90,-97
40,54,43
-8,127,-35
-38,35,-6
-26,60,-22
-10,65,-17
-14,72,-18
-11,62,-16
-12,58,-17
-10,54,-17
-9,53,-18
-5,66,-12
-5,66,-11
-2,68,-8
0,71,-13
-2,74,-17
3,86,-11
1,84,3
10,88,11
40,83,1
-15,100,-23
-84,127,-53
-108,127,-59
-41,127,-26
8,60,-10
22,22,2
40,-10,1
40,-11,4
32,-12,11
23,-7,7
14,-1,3
-22,14,-16
-55,23,-27
-111,50,-44
-128,104,-94
40,53,53
5,127,-50
-34,46,-8
-23,63,-25
-19,57,-16
-13,67,-18
-12,59,-15
-12,58,-17
-8,62,-15
-5,61,-17
-3,63,-13
-2,66,-12
0,68,-12
-3,72,-15
-3,78,-16
5,91,-6
6,97,-5
13,91,11
47,82,12
0,90,-14
-81,127,-53
-82,127,-41
-56,127,-33
13,65,-7
31,25,5
38,-12,7
42,-14,6
33,-10,9
26,-7,8
10,-1,-2
-18,12,-19
-46,19,-27
-98,50,-45
-117,54,-54
-101,122,32
-9,104,-73
-30,24,-14
-20,62,-30
-14,64,-17
-10,68,-16
-9,61,-14
-11,64,-15
-2,60,-15
-5,61,-15
-1,66,-13
-2,67,-14
-4,71,-13
-5,72,-14
-4,75,-16
5,98,0
3,92,4
17,88,9
32,85,0
-30,115,-26
-82,127,-53
-114,127,-64
-40,113,-28
-9,78,-14
35,8,9
43,-14,12
39,-11,12
32,-10,16
24,-7,11
11,4,0
-28,20,-28
-60,35,-38
-124,55,-48
-128,72,-100
70,45,63
-13,127,-49
-23,45,4
-23,58,-18
-11,62,-21
-14,68,-16
-13,62,-15
-12,59,-17
-10,60,-16
-10,60,-15
-5,66,-16
-5,70,-14
-3,73,-11
1,83,-18
3,93,-9
7,89,6
8,80,5
35,82,15
17,85,0
-67,123,-50
-108,127,-57
-67,127,-39
-9,83,-13
14,51,-2
31,5,8
29,-3,7
27,-6,13
21,-1,15
15,-1,12
-2,5,0
-34,17,-13
-63,28,-21
-99,47,-46
-128,48,-51
78,97,33
-4,127,-10
-24,22,-9
-19,67,-17
-9,68,-18
-7,70,-18
-11,58,-14
-5,66,-14
-7,60,-14
-9,64,-15
-1,66,-10
1,69,-13
-7,70,-12
-4,74,-15
0,91,-7
5,90,5
7,82,3
32,89,14
-19,107,-20
-40,127,-46
-115,127,-60
-69,127,-41
-17,81,-22
11,46,-5
32,-3,8
34,-10,7
31,-11,14
25,-10,11
18,-4,10
-3,4,1
-26,9,-8
-78,34,-35
-128,45,-47
-128,72,-124
9,127,2
-9,119,-40
-16,58,-13
-25,60,-25
-13,69,-21
-13,62,-16
-10,63,-18
-7,62,-17
-5,59,-15
-6,63,-14
-1,66,-13
-4,66,-12
-6,68,-11
-8,69,-14
-4,82,-11
-3,93,-11
0,93,-8
13,93,17
34,92,26
-44,96,-20
-40,113,-39
-106,127,-58
-39,108,-26
-5,88,-17
33,34,-4
37,9,2
54,4,16
40,14,17
34,16,19
18,33,15
14,43,11
9,59,7
9,94,-10
-8,116,-21
-54,127,-38
-91,127,-42
-104,107,-47
-122,86,-52
23,87,-21
-86,127,-52
-25,96,11
-8,83,-40
-6,68,-21
9,65,-14
24,58,-7
20,58,-11
4,65,-18
7,63,-17
12,60,-6
13,61,-9
7,64,-16
11,62,-9
5,67,-9
1,73,-18
-2,75,-16
3,89,-14
7,105,-9
12,105,11
59,103,30
52,100,4
-3,127,-40
-116,127,-62
-58,127,-45
-34,62,-17
-19,27,-9
-2,-15,-2
3,-17,0
13,-14,-1
15,-2,-1
8,4,-6
-19,12,-17
-38,16,-21
-91,46,-39
-121,52,-52
-128,53,-50
4,101,-7
55,111,32
-19,36,-16
-5,54,-4
-6,68,-21
-10,69,-18
-7,62,-14
-3,65,-15
1,61,-15
-2,61,-14
1,62,-12
0,64,-10
0,68,-14
-4,67,-11
-4,79,-16
-5,85,-13
3,90,-6
14,95,11
34,96,23
32,76,-8
-25,105,-29
-75,127,-62
-63,127,-31
-35,111,-22
12,57,-10
34,16,4
48,-12,8
48,-13,12
41,-10,12
19,-1,4
-16,15,-14
-46,20,-24
-80,30,-33
-114,51,-40
-128,111,-45
53,42,52
9,127,-39
-43,40,4
-24,57,-11
-9,66,-19
-5,68,-19
-6,57,-17
-5,63,-13
-4,64,-16
-5,63,-13
-3,65,-11
-4,68,-10
-3,68,-10
4,76,-15
7,84,-14
8,89,-5
13,84,11
35,92,18
-27,98,-18
-65,126,-44
-107,127,-62
-43,120,-36
-20,94,-18
23,27,9
33,4,10
35,-9,7
34,-11,10
23,-7,12
9,3,4
-3,10,-3
-45,26,-18
-70,36,-31
-105,59,-49
-128,93,-76
74,48,50
-40,59,-21
-14,34,-3
-20,59,-18
-9,65,-20
-13,67,-16
-13,59,-12
-9,63,-16
-4,60,-15
-6,62,-12
0,66,-11
-4,67,-10
-3,71,-10
-3,78,-15
8,83,-7
1,93,-4
11,88,15
31,87,21
15,78,-13
-37,109,-27
-62,127,-55
-96,127,-49
-34,116,-30
19,51,-8
30,16,0
43,-12,4
43,-14,4
33,-12,10
20,-4,3
14,2,-5
-26,20,-20
-58,34,-27
-120,66,-43
-128,63,-63
19,93,59
-22,70,-42
-20,29,-10
-18,61,-23
-11,68,-19
-9,68,-16
-8,59,-17
-5,63,-17
-5,60,-15
-7,60,-14
-2,64,-13
-4,64,-12
-2,67,-13
-3,75,-12
-2,78,-16
0,83,-9
8,94,-1
7,86,10
39,80,12
28,72,-5
-57,127,-32
-72,127,-50
-55,127,-34
-24,94,-28
5,63,-15
34,3,3
35,-11,7
33,-13,10
32,-13,15
24,-2,14
9,7,8
-5,16,-2
-63,36,-33
-92,60,-41
-128,66,-70
74,53,32
14,127,-49
-8,40,-14
-19,66,-18
-8,63,-17
-10,66,-19
-7,61,-17
-4,62,-17
-4,63,-16
-5,63,-15
-3,64,-14
-2,63,-13
-1,68,-15
1,71,-15
-2,79,-14
2,80,-13
3,92,-5
15,101,15
36,99,20
-37,106,-26
-83,127,-43
-112,127,-65
-59,126,-43
-6,87,-21
28,29,2
34,9,7
38,-6,5
40,-8,7
25,-5,4
18,4,-1
2,11,-10
-44,24,-29
-75,39,-37
-128,52,-50
-128,68,-128
34,86,53
-41,28,-16
-11,53,-3
-13,60,-15
-11,67,-19
-8,65,-16
-7,60,-16
-5,64,-15
-3,61,-14
-3,63,-13
0,64,-12
-2,65,-14
-2,67,-11
2,75,-19
-4,82,-16
6,84,-8
6,93,-9
14,97,13
46,82,14
0,95,-12
-82,127,-55
-98,127,-67
-52,122,-29
24,63,-10
29,28,-3
41,-5,-5
38,-6,-5
31,-8,1
25,-6,2
13,0,-1
-10,18,-13
-32,23,-20
-106,51,-43
-128,60,-45
-128,63,-72
20,124,-41
-44,37,-23
-24,57,-13
-17,61,-23
-16,67,-20
-14,64,-17
-14,62,-18
-4,63,-17
-6,59,-16
-5,61,-15
-4,63,-14
-1,63,-13
4,67,-15
6,69,-16
-9,79,-11
4,75,-10
12,90,-9
11,95,11
25,96,19
19,80,-5
-85,127,-49
-85,127,-60
-100,127,-50
-49,112,-30
23,58,0
31,25,5
36,7,5
34,-1,6
35,-5,15
21,3,13
18,9,11
-21,21,-7
-54,28,-19
-96,59,-41
-128,61,-49
-89,94,-43
-4,127,-20
-27,86,-22
-17,62,-11
-20,62,-15
-10,69,-18
-6,62,-17
-7,60,-16
-5,63,-14
-3,60,-15
-5,64,-14
-2,63,-13
-3,66,-13
0,72,-11
-2,70,-15
2,77,-17
6,85,-9
3,87,1
15,84,9
30,83,9
-14,90,-15
-23,112,-15
-84,127,-47
-79,127,-47
-45,115,-36
6,58,-12
24,35,-8
49,16,-1
49,5,4
41,-7,3
22,-1,-5
14,6,-4
-15,19,-5
-42,27,-10
-110,62,-41
-128,60,-37
-128,53,-27
104,127,8
-44,37,-19
-12,52,-9
-6,67,-16
-6,70,-16
-5,55,-13
-4,63,-13
3,63,-12
4,60,-14
2,63,-14
4,63,-11
6,64,-11
-1,64,-13
0,62,-13
4,64,-12
2,63,-11
2,63,-11
2,63,-10
2,64,-9
5,64,-9
8,69,-9
-2,63,-7
2,62,-7
3,64,-9
0,61,-7
1,62,-3
4,64,-4
2,66,-6
0,64,-7
-1,63,-2
1,64,0
0,65,-3
-2,66,-5
1,66,-4
-1,63,-2
-2,63,0
-4,61,-2
-3,61,-3
-1,63,-3
0,65,-2
0,65,-2
-1,65,-1
-2,63,0
-1,63,-2
-3,63,-3
-1,65,-2
2,66,-2
-1,64,-2
-2,64,-2
-2,64,-2
-1,65,-2
-3,64,-2
-2,64,-2
-1,64,-2
-1,64,-2
-2,64,-2
-2,63,-2
-1,64,-3
-1,64,-3
-1,64,-3
-2,64,-3
0,65,-4
-3,64,-2
-2,63,-3
-2,63,-3
-1,64,-3
-2,64,-3
-1,65,-3
-2,64,-3
-2,64,-3
-2,64,-3
-2,64,-3
-4,65,-3
-3,63,-2
-3,64,-3
-2,64,-4
-2,65,-3
-3,63,-3
-3,64,-3
-2,64,-2
-1,64,0
-1,64,1
-3,64,-2
-2,65,-3
-3,64,-2
-4,64,-1
-3,64,-1
-3,64,-2
-4,65,-1
2,69,-2
-6,68,-5
-6,65,-8
-4,64,-16
-4,64,-17
-2,64,-15
1,60,-11
6,57,-9
8,58,-10
6,60,-10
3,63,-14
5,63,-15
14,64,-13
18,59,-1
18,61,3
15,58,8
13,59,2
54,70,-27
10,89,-6
14,53,-11
7,65,-10
2,66,-10
2,62,-18
9,63,-14
4,64,-12
8,63,-15
5,63,-14
8,64,-12
8,62,-15
-2,63,-12
2,64,-13
-2,63,-13
-2,65,-12
-1,64,-13
1,63,-13
2,63,-10
6,62,-11
3,65,-10
2,64,-8
-1,64,-2
0,64,-2
4,68,-8
-3,64,-19
-5,62,-28
-2,60,-24
0,59,-23
8,57,-12
11,57,-8
10,61,3
-1,68,12
-1,69,14
8,63,21
8,64,25
9,67,-23
4,66,-13
-1,67,-12
9,62,-3
10,62,-5
6,64,-8
4,65,-10
5,64,-6
8,62,-6
7,63,-7
6,63,-9
5,63,-8
7,63,-7
8,63,-7
9,63,-7
7,63,-9
7,63,-9
7,63,-8
6,63,-8
5,63,-9
5,63,-9
5,63,-9
5,63,-9
5,63,-9
5,63,-10
4,63,-10
4,63,-10
4,63,-10
4,63,-11
1,63,-11
-1,64,-12
-1,62,-11
-4,63,-12
-3,62,-12
-4,63,-13
-2,62,-13
-1,62,-14
-1,63,-15
-5,64,-14
-3,64,-17
-5,64,-16
-6,64,-15
-9,61,-17
-7,62,-15
-10,60,-15
-9,61,-16
-10,62,-17
-10,62,-17
-14,58,-17
-17,60,-17
-15,62,-18
-30,46,-15
-21,55,-22
-24,70,-24
-33,45,-22
-28,52,-24
-39,112,-26
-36,127,-21
9,127,3
48,53,-6
13,-14,11
-1,-55,-8
30,-10,13
15,13,13
7,17,3
6,35,-20
-40,68,-14
-66,79,-27
-82,96,-46
-92,96,-46
-112,78,-39
-73,68,-15
-113,77,-28
127,95,42
66,111,-9
6,88,6
18,119,-12
-30,57,-12
-26,44,-16
-10,69,-14
-14,70,-14
-16,52,-16
-14,61,-17
-16,61,-13
-9,62,-20
-26,68,-25
-27,62,-21
-31,62,-21
-27,127,-24
1,127,-9
3,92,-16
8,50,-18
25,-65,2
24,-48,-9
22,6,11
8,12,4
5,23,-4
-21,61,0
-50,76,-5
-75,107,-41
-106,99,-42
-104,81,-36
-77,71,-28
-59,56,-20
-128,112,-60
127,97,10
34,81,-2
49,127,-12
-29,99,-9
-26,43,-21
-26,55,-15
-8,71,-12
-11,59,-16
-19,55,-15
-12,60,-13
-6,62,-16
-21,60,-20
-20,65,-24
-18,76,-22
-38,48,-18
-35,82,-24
-19,127,-11
-1,127,3
15,75,-22
-7,-41,9
14,-74,-4
34,4,9
16,18,8
4,23,3
2,57,0
-26,68,1
-68,90,-25
-79,110,-40
-128,103,-43
-115,79,-44
-76,60,-18
-53,106,-45
127,107,38
29,95,-9
8,105,10
-28,97,-9
-26,37,-22
-27,47,-13
-11,76,-13
-16,66,-13
-19,54,-17
-15,63,-15
-15,63,-13
-21,58,-22
-26,71,-24
-31,58,-20
-33,70,-15
-23,127,-17
14,127,3
17,102,0
4,11,3
28,-47,13
40,-20,3
13,13,0
4,11,-6
0,29,-12
-8,47,-11
-46,72,-25
-59,79,-38
-95,103,-48
-124,97,-44
-101,87,-31
-111,93,-33
21,112,4
33,104,-5
17,92,-19
18,127,-13
-23,47,-19
-21,44,-20
-10,75,-13
-11,72,-16
-18,57,-15
-14,66,-16
-15,62,-17
-26,65,-19
-24,58,-26
-31,67,-21
-29,127,-14
-16,127,-14
17,127,-9
10,63,-12
-5,-31,17
7,-46,-14
17,-6,10
13,17,5
-4,20,-1
-11,33,-17
-17,54,-14
-55,94,-24
-74,110,-47
-93,102,-48
-100,72,-40
-83,65,-25
-57,58,0
17,110,-26
116,101,37
8,75,6
-3,127,-6
-23,84,-8
-11,55,-23
-25,33,-15
-10,83,-14
-16,72,-14
-19,56,-15
-14,59,-16
-17,61,-14
-20,58,-19
-25,65,-22
-31,57,-23
-32,56,-21
-33,127,-15
-6,127,-13
27,127,-9
14,40,-6
12,-20,16
17,-48,-14
21,-8,10
14,14,15
7,26,0
1,39,-6
-36,68,-8
-56,81,-16
-84,109,-47
-128,101,-51
-118,79,-45
-75,66,-9
-128,126,-47
78,114,-1
20,88,-6
13,122,-17
-25,66,-13
-24,35,-26
-10,58,-11
-8,95,-18
-18,63,-15
-20,52,-19
-16,60,-19
-17,65,-17
-20,55,-24
-27,72,-25
-21,69,-22
-36,94,-23
-20,127,-11
-1,127,0
37,61,-20
23,18,5
-11,-58,-1
29,5,19
16,21,10
5,23,3
15,33,-5
-12,72,-4
-52,98,-30
-75,115,-50
-128,103,-55
-128,69,-52
-90,57,-16
-100,71,-31
127,122,22
24,89,21
12,95,-15
-9,111,-19
-28,69,-9
-26,39,-18
-5,82,-16
-15,72,-13
-15,53,-16
-19,53,-15
-12,68,-13
-13,63,-16
-25,72,-26
-26,62,-21
-37,58,-16
-21,127,-23
15,127,-1
16,109,1
42,30,-1
-22,-30,13
8,-44,-13
40,-3,22
12,19,11
0,26,2
-2,39,0
-49,70,-15
-69,85,-31
-98,108,-56
-124,98,-50
-106,66,-39
-128,95,-65
127,116,-3
37,90,4
-4,103,36
-5,118,-29
-30,41,-21
-26,33,-22
-9,88,-17
-19,64,-14
-21,53,-16
-21,53,-17
-17,67,-15
-22,59,-17
-21,57,-21
-33,71,-21
-30,92,-16
-23,126,-18
6,127,-10
-5,116,-11
21,19,30
0,-55,2
37,-10,16
0,22,3
-2,20,3
9,39,-4
10,51,-2
-12,86,-11
-18,106,-16
-57,127,-48
-104,98,-39
-95,71,-38
-91,58,-17
-89,51,-18
-128,127,-97
38,94,-11
56,91,-46
-13,124,12
-21,67,-30
-28,54,-23
-8,71,-27
-9,72,-14
-11,65,-15
-10,66,-17
-9,64,-9
-11,62,-10
-8,59,-16
-7,69,-19
-9,72,-11
-4,80,-12
0,86,-16
34,115,-16
-13,117,-24
-11,127,-32
18,91,-29
-39,36,-39
10,4,15
11,-7,15
11,4,11
12,21,7
8,34,3
-5,69,-7
-15,95,-13
-74,127,-39
-128,124,-38
-125,107,-37
-113,77,-43
-72,63,-30
-85,58,-48
-20,127,-36
-1,51,-12
11,66,-14
9,68,-14
2,62,-12
1,65,-13
8,65,-15
-4,60,-12
-7,60,-12
-2,64,-10
-5,63,-13
-13,62,-13
-14,63,-16
-25,61,-22
-20,81,-20
-25,77,-25
-30,127,-13
23,127,0
20,95,-25
14,-43,25
10,-76,-5
39,0,12
10,21,5
6,15,-6
-30,49,-6
-44,60,-16
-85,94,-45
-101,103,-55
-119,89,-45
-111,82,-39
-56,69,-9
3,110,0
118,90,22
8,73,-10
7,112,-1
-16,95,-18
-32,35,-21
-21,38,-18
-23,78,-11
-17,59,-17
-16,56,-19
-18,63,-18
-21,58,-15
-15,66,-25
-27,66,-31
-30,85,-17
-27,102,-19
-30,127,-12
25,110,11
-23,48,-2
13,-8,7
6,-46,-6
23,-5,-6
5,12,-3
6,12,-3
11,38,-4
-13,62,3
-65,86,-14
-79,104,-39
-107,100,-38
-110,78,-24
-93,81,-21
-92,83,-31
-9,107,-30
51,99,-8
31,98,-16
13,127,-11
-19,48,-23
-26,35,-22
-8,79,-14
-11,75,-14
-17,55,-17
-15,61,-14
-10,63,-13
-20,61,-15
-25,65,-20
-33,66,-24
-27,64,-18
-26,87,-10
-27,127,-20
-4,127,-12
-20,77,-18
12,8,14
8,-62,4
39,-13,13
29,8,2
3,14,8
13,20,0
-7,56,-7
-55,80,-19
-77,95,-31
-111,112,-40
-128,100,-37
-96,64,-25
-128,115,-63
103,104,21
21,86,-2
4,80,-1
-7,127,-14
-30,69,-10
-30,32,-16
1,89,-17
-15,78,-14
-19,51,-17
-24,52,-15
-17,58,-15
-12,65,-18
-21,68,-19
-29,62,-22
-28,71,-22
-30,97,-22
-13,127,-14
11,127,1
74,56,-9
5,3,32
4,-67,-29
22,11,4
14,22,7
-6,29,-12
-10,42,-15
-47,74,-17
-63,86,-28
-76,92,-48
-111,85,-43
-90,73,-43
-63,65,-13
-89,80,-33
127,97,44
54,102,8
36,95,-5
-43,87,-9
-13,47,-21
-21,41,-16
-6,74,-12
-12,69,-13
-16,53,-18
-5,65,-16
-15,60,-14
-18,63,-17
-19,76,-23
-30,67,-20
-28,52,-22
-27,127,-14
-28,127,-19
12,127,2
7,93,-5
-36,11,4
31,-62,-7
14,-23,-7
15,7,10
13,13,8
5,26,-10
-17,53,-17
-32,60,-21
-66,77,-31
-77,89,-36
-112,96,-43
-116,83,-50
-76,66,-19
-76,121,-32
126,96,51
42,100,13
9,102,5
-22,92,-13
-21,48,-11
-16,63,-17
-14,73,-11
-10,68,-13
-17,55,-15
-15,61,-12
-9,62,-14
-27,61,-15
-25,65,-19
-29,57,-21
-29,69,-20
-34,127,-18
0,127,-10
12,127,-11
-34,30,1
3,-20,9
27,-44,-7
19,3,9
13,5,9
7,21,1
-2,37,1
-37,68,-4
-57,84,-14
-80,100,-36
-104,92,-55
-111,79,-53
-75,61,-37
-74,61,-28
127,112,31
30,99,17
15,100,3
-17,102,-19
-23,64,-14
-22,39,-18
0,67,-15
-19,71,-15
-17,49,-16
-14,54,-18
-17,67,-15
-17,59,-17
-25,75,-24
-33,57,-21
-30,74,-18
-25,126,-23
-21,127,-17
0,109,-2
38,43,2
-9,-21,18
19,-40,-12
37,-9,15
6,13,8
9,27,-6
2,44,-10
-42,79,-23
-62,92,-35
-88,115,-59
-113,110,-57
-101,66,-44
-70,64,-7
-126,122,-45
62,108,25
32,89,5
8,94,-21
-1,127,-20
-16,58,-20
-22,40,-16
-9,68,-17
-19,66,-14
-16,58,-16
-16,59,-18
-21,63,-15
-22,63,-16
-26,65,-25
-32,94,-13
-21,126,-14
-3,127,-14
17,127,-7
59,37,12
-6,-25,26
6,-37,-6
16,-3,8
-3,21,1
-10,20,-11
-12,35,-10
-46,75,-7
-51,89,-13
-70,113,-43
-104,74,-45
-99,68,-44
-68,57,-17
-55,62,-17
125,116,33
81,89,18
2,85,-5
-44,115,-16
-23,32,-30
-30,27,-22
-11,67,-16
-21,69,-18
-23,52,-19
-24,55,-19
-18,61,-16
-19,57,-16
-24,57,-17
-23,63,-18
-27,66,-18
-29,78,-28
-34,90,-23
-17,127,-28
6,127,-17
7,101,-9
-4,36,-11
19,6,-5
-15,-34,-41
20,-12,2
-9,12,1
-1,27,7
-5,40,5
-11,73,-8
-31,95,-21
-67,122,-32
-84,127,-43
-125,118,-59
-85,77,-44
-55,68,-33
-82,127,13
9,79,13
12,57,-23
7,62,-11
9,62,0
12,64,-9
8,64,-13
12,62,-9
13,64,-10
10,63,-12
11,62,-11
11,63,-8
11,61,-6
14,60,-7
13,64,-3
12,67,-2
18,62,-8
11,62,-1
13,60,2
11,64,1
10,63,3
9,69,4
10,58,7
5,61,2
6,61,2
12,62,7
11,62,10
11,62,8
13,62,8
12,61,8
11,63,8
13,62,8
15,63,8
12,63,9
10,61,9
14,62,8
15,61,8
15,62,8
7,62,10
9,62,9
9,63,8
9,64,8
8,62,10
8,64,7
10,62,8
10,62,8
7,63,7
10,62,8
10,63,8
8,63,9
9,62,9
11,62,7
11,62,7
12,62,8
14,62,7
15,61,8
16,62,7
15,61,7
14,62,7
14,61,7
14,61,7
14,62,5
14,62,5
15,61,5
15,61,5
16,61,4
18,61,3
18,62,3
18,61,1
20,61,0
16,63,6
13,60,2
17,59,-4
17,61,-4
19,61,-3
16,61,-5
15,61,-5
14,63,-7
14,61,-7
12,62,-8
12,62,-9
13,61,-9
12,63,-10
11,63,-10
13,62,-11
11,63,-11
7,64,-10
8,64,-8
9,64,-11
7,62,-14
7,62,-13
6,63,-11
7,62,-12
7,63,-11
7,60,-14
7,62,-15
13,62,-13
8,63,-10
10,62,-8
8,64,-5
11,63,-4
18,61,-5
11,64,-3
16,63,-8
10,65,-5
2,66,-6
-3,67,4
-1,69,0
7,75,-9
-27,79,0
-37,71,8
-25,66,0
-20,70,-2
-17,68,-20
3,57,-42
12,57,-43
39,56,-43
42,53,-42
37,46,-40
37,50,-20
63,57,1
1,89,-12
42,54,-26
-5,70,-11
12,72,-7
4,64,-21
10,60,-16
9,62,-15
7,63,-10
8,63,-11
14,60,-15
10,61,-12
7,64,-10
12,61,-13
10,63,-12
9,63,-11
8,63,-10
8,62,-10
7,63,-10
8,64,-10
6,64,-10
6,64,-9
12,62,-8
11,62,-6
13,63,-7
13,61,-5
5,63,-6
5,64,-5
10,63,-5
11,63,-5
5,63,-6
4,64,-6
6,64,-7
8,65,-7
9,67,-9
-1,66,-6
0,65,-10
12,58,-22
12,59,-13
16,59,1
15,57,6
8,59,11
-22,66,5
-17,69,-18
5,71,-3
2,70,-8
6,61,-6
7,63,-7
6,64,-6
5,64,-6
8,63,-7
6,63,-8
5,63,-8
7,62,-8
9,63,-7
8,63,-7
9,63,-8
7,63,-9
7,63,-9
6,63,-9
6,63,-9
8,63,-10
6,63,-9
6,63,-10
8,62,-10
8,64,-11
9,61,-9
11,62,-10
3,63,-11
2,63,-13
5,63,-14
1,63,-13
3,65,-13
2,62,-14
5,62,-14
4,62,-14
5,64,-14
6,62,-14
-1,63,-13
5,62,-11
2,64,-14
3,62,-15
-11,65,-7
-37,58,-24
-22,70,-20
-26,76,-22
-20,110,-23
0,127,-21
33,100,23
49,67,33
-23,77,-12
-38,100,-36
-108,127,-79
-28,127,-46
-17,110,-32
36,-7,10
55,-42,21
54,-44,28
33,-21,11
20,-16,5
-43,12,-18
-87,30,-40
-128,63,-50
-128,28,-49
-128,30,-67
94,114,-11
17,127,-37
-17,42,-8
-40,51,-25
-26,81,-28
3,127,-24
15,127,-20
92,88,42
3,82,17
-103,54,-37
-87,116,-43
-51,127,-38
34,127,-28
46,89,-7
65,-5,9
60,-22,10
37,-50,17
21,-13,0
1,-12,-11
-55,17,-23
-92,58,-50
-114,50,-54
-128,34,-118
-72,97,50
39,127,-47
-19,100,-21
-32,39,-29
-17,74,-20
-30,79,-20
-27,101,-19
-5,127,-18
55,114,24
85,79,42
-87,58,-38
-92,127,-59
-95,127,-48
40,127,-37
56,108,-19
63,-1,13
66,-29,10
53,-47,20
32,-20,7
-18,-3,-22
-46,16,-21
-83,41,-30
-128,52,-44
-128,48,-85
-67,111,44
33,127,-44
-42,18,-11
-22,69,-25
-25,68,-19
-21,77,-20
-32,72,-23
-24,99,-26
31,127,-13
65,126,36
-99,53,-30
-78,121,-56
-55,127,-48
-3,127,-44
44,127,-32
50,29,21
60,-33,21
55,-46,25
47,-33,17
28,-19,12
-33,9,-16
-74,33,-25
-123,51,-69
-115,43,-40
-128,64,-60
51,127,-35
-9,127,-25
-5,44,-33
-22,66,-21
-24,80,-25
-16,104,-18
-8,127,-14
65,122,27
-45,69,-14
-77,54,-40
-104,127,-61
-67,127,-51
15,127,-33
33,111,-23
43,13,16
68,-40,16
56,-48,23
41,-9,14
15,-5,-4
-53,17,-17
-104,60,-39
-128,54,-55
-128,75,-78
15,63,35
15,127,-36
-15,49,-8
-24,62,-26
-26,55,-19
-23,78,-20
-28,90,-17
-9,127,-21
41,127,16
11,73,-1
-102,56,-48
-74,127,-58
-76,127,-41
5,127,-42
50,56,6
60,10,18
64,-41,17
52,-49,20
26,-22,6
-3,-22,-9
-50,11,-4
-97,46,-36
-120,41,-55
-128,80,-92
36,71,16
9,127,-31
-25,41,-4
-33,56,-26
-26,71,-18
-27,77,-24
-22,98,-24
0,127,-20
62,127,30
-48,72,-20
-99,47,-60
-68,127,-31
-61,127,-36
16,127,-44
54,46,4
70,-2,20
68,-45,19
50,-47,21
33,-13,11
-37,1,-10
-75,30,-24
-118,57,-52
-112,46,-50
-128,39,-66
-57,73,15
46,127,-50
-33,39,-1
-19,35,-30
-22,70,-18
-28,66,-26
-30,93,-18
7,127,-14
32,127,6
59,79,28
-99,67,-35
-72,97,-51
-54,127,-39
-20,127,-45
33,89,-13
34,40,3
54,-17,7
39,-40,17
29,-39,8
0,-20,-16
-17,-16,-11
-57,24,-16
-80,48,-36
-125,48,-52
-111,35,-40
13,65,45
21,127,-37
-35,55,-6
-31,27,-28
-12,92,-20
-27,59,-26
-42,68,-18
-33,94,-23
-3,127,-25
26,127,0
54,74,37
-87,40,-42
-82,55,-49
-42,127,-43
-38,127,-21
37,127,-33
57,90,-9
60,12,18
50,-9,9
34,1,11
20,23,14
10,35,18
4,50,16
7,70,8
5,84,2
-14,127,-19
-47,127,-38
-128,127,-68
-128,89,-76
-128,77,-68
-19,65,8
-40,127,-35
10,54,-29
-3,66,-13
9,63,-16
4,62,-4
11,61,-8
16,54,-23
-52,63,-13
-15,75,-22
-9,90,-21
-22,108,-32
25,127,-5
53,112,27
-26,74,1
-50,66,-36
-64,127,-60
-39,127,-53
3,127,-56
26,57,1
55,-42,10
54,-62,12
44,-32,12
31,-21,2
1,-15,-8
-27,-4,-1
-86,40,-39
-127,59,-54
-128,70,-68
-128,65,-40
56,60,37
25,127,-22
-43,60,2
-32,61,-15
-20,69,-21
-25,74,-22
-22,100,-25
-6,127,-19
63,125,9
-44,61,-6
-88,60,-32
-60,127,-29
-60,127,-41
-11,127,-42
15,120,-21
51,23,9
60,-32,14
53,-51,17
37,-26,2
17,-15,-7
-22,11,-10
-76,60,-24
-104,62,-48
-128,47,-47
-128,31,-40
76,61,3
42,127,-49
-22,47,-4
-29,48,-12
-12,78,-24
-30,84,-18
-25,93,-24
6,127,-14
64,97,14
45,79,12
-114,84,-55
-77,124,-46
-49,127,-36
-5,127,-37
44,85,-4
56,2,17
57,-24,15
31,-65,13
30,-34,7
1,-10,-5
-34,15,-3
-61,41,-13
-110,58,-50
-119,53,-52
-128,78,-83
17,85,6
46,127,-32
-31,38,-15
-34,47,-18
-34,57,-18
-20,75,-30
-30,91,-22
13,127,-17
41,127,6
-7,77,12
-126,61,-50
-58,111,-29
-32,127,-21
1,127,-35
36,87,-10
46,37,1
60,-30,10
38,-47,9
34,-32,5
-6,-8,-11
-28,2,-9
-98,49,-25
-112,46,-41
-111,45,-42
-29,80,10
52,58,3
-38,38,-10
-6,26,-5
-8,71,-26
-29,74,-21
-22,72,-26
-28,93,-26
-11,127,-24
39,125,11
82,94,38
-113,58,-41
-68,111,-41
-62,127,-40
-5,127,-43
38,84,-9
41,36,2
53,-26,6
39,-49,10
31,-33,11
25,-14,5
-1,7,-2
-26,11,-3
-74,55,-20
-128,56,-51
-128,58,-82
43,46,22
34,83,10
-10,58,-15
-33,56,-23
-15,59,-26
-22,66,-26
-24,69,-24
-33,81,-28
-24,104,-20
33,127,-10
75,75,49
-99,73,-43
-66,108,-63
-67,127,-50
-8,127,-43
39,79,-6
39,26,7
58,-37,11
47,-49,8
41,-26,6
14,-6,-3
-11,10,-3
-64,48,-30
-89,55,-58
-128,60,-90
-128,97,-93
30,77,2
-13,70,-20
-40,49,-14
-18,63,-26
-26,65,-21
-24,94,-17
-3,127,-19
16,127,-5
73,84,24
-38,85,-3
-97,62,-43
-49,127,-33
-52,127,-34
20,127,-30
33,100,-8
49,19,12
50,-8,15
39,-50,23
23,-13,8
14,-4,0
-29,0,-8
-53,20,-9
-106,56,-49
-124,53,-41
-128,70,-102
33,71,2
46,127,-29
-23,34,-13
-39,46,-15
-26,65,-24
-23,77,-31
-34,76,-20
-19,127,-17
5,127,-7
82,98,26
-122,77,-34
-92,94,-55
-68,127,-31
-26,127,-43
38,98,-14
59,3,11
61,-28,11
48,-50,9
39,-33,7
16,-10,-10
-4,-6,-16
-57,27,-12
-112,44,-39
-120,35,-53
-128,69,-75
61,98,41
-22,88,-8
-32,29,-24
-21,67,-20
-24,64,-24
-22,72,-21
-27,79,-26
-29,90,-18
-3,127,-17
41,108,28
58,68,36
-73,54,-36
-66,115,-42
-53,127,-35
-28,127,-44
0,127,-30
20,41,-3
39,9,0
43,-34,11
28,-41,15
25,-13,14
12,11,6
3,18,1
-48,29,-6
-68,49,-10
-114,63,-26
-128,71,-68
-28,127,-9
-13,44,-32
-21,16,-20
-22,83,-16
-6,63,-17
-11,66,-21
-7,65,-23
-4,60,-18
-10,61,-19
-9,63,-20
-4,62,-19
1,64,-16
-2,60,-20
-8,59,-10
-4,63,-17
-7,63,-18
-4,64,-26
-1,65,-45
-4,64,-36
-2,61,-22
4,64,-12
-4,62,-12
-6,54,-15
-5,58,-19
-13,60,-23
4,56,-18
6,56,-22
13,60,-23
13,61,-17
17,63,-15
31,62,-9
33,61,0
35,61,15
31,68,6
43,63,10
10,74,-12
10,72,-9
10,62,-6
12,60,-5
10,62,-9
5,61,-11
1,61,-10
4,67,-7
13,64,-11
5,62,-14
5,65,-11
8,63,-11
7,63,-12
7,63,-12
7,62,-10
6,62,-9
4,64,-9
6,64,-10
7,64,-10
8,63,-12
8,63,-11
6,62,-10
6,64,-10
5,63,-9
6,62,-8
6,64,-8
8,63,-8
7,62,-9
7,63,-9
6,63,-9
5,63,-9
8,64,-8
6,63,-8
4,63,-8
5,65,-10
3,63,-7
6,63,-9
5,63,-9
6,63,-9
6,63,-8
6,64,-8
5,63,-8
5,63,-8
5,64,-9
5,63,-9
3,63,-8
4,64,-8
3,63,-8
4,64,-8
4,63,-9
4,63,-9
3,63,-9
3,63,-9
4,63,-9
4,64,-9
4,64,-8
4,63,-8
4,64,-8
4,64,-8
4,63,-8
4,63,-8
4,64,-8
4,63,-8
4,64,-8
3,64,-8
3,64,-7
3,64,-7
4,64,-7
2,63,-7
2,63,-7
2,64,-7
1,64,-7
0,63,-7
1,63,-7
2,64,-6
0,64,-7
-1,64,-7
-1,65,-7
0,67,-7
-3,65,-7
-6,63,-7
-7,62,-7
-5,65,-8
-5,64,-6
-5,67,-6
-6,68,-6
-4,66,-8
-7,63,-10
-5,62,-10
2,61,-6
6,60,-3
5,58,-1
5,59,0
5,60,-1
-5,63,-4
-8,64,-7
-11,64,-12
-17,64,-17
-15,64,-17
-8,66,-7
17,66,-3
1,71,-3
3,66,-6
6,61,-10
4,64,-8
4,63,-7
8,63,-8
6,62,-10
3,63,-12
4,63,-12
6,63,-12
1,64,-12
0,65,-13
5,61,-15
2,61,-15
-1,65,-13
-1,61,-14
-3,62,-14
-2,64,-14
-5,62,-15
-3,62,-15
-4,62,-16
-8,61,-16
-8,61,-16
-4,62,-17
-16,60,-17
-15,63,-17
-7,70,-19
-25,63,-20
-23,64,-18
-22,54,-24
-27,57,-27
-28,93,-20
-14,127,-26
-5,127,-27
0,127,6
-47,12,4
48,-31,12
31,-30,9
34,-24,9
18,4,1
9,13,-11
-20,46,-9
-48,57,-19
-99,106,-47
-102,103,-50
-128,98,-50
-96,64,-42
-75,118,-37
127,89,50
3,108,10
12,127,-11
-23,56,-24
-31,27,-24
-26,21,-13
-21,93,-22
-34,81,-17
-23,90,-26
-8,127,-20
13,127,-4
23,127,-10
42,30,17
57,-25,16
70,-12,15
36,-12,5
22,-4,-5
-30,28,-11
-81,75,-45
-91,99,-50
-112,111,-50
-117,89,-63
-89,53,-35
-107,44,-23
127,78,49
17,127,15
8,127,10
-30,38,-32
-36,27,-11
-13,73,-19
-25,69,-20
-25,58,-21
-24,83,-25
-20,119,-17
13,127,-8
29,127,-7
57,62,9
34,-54,13
80,-35,28
19,2,4
1,6,-4
-16,30,-13
-67,65,-21
-88,86,-40
-107,115,-62
-127,110,-51
-116,81,-56
-121,51,-38
46,116,10
20,71,-33
30,101,-21
-62,89,-16
-26,3,-23
-29,48,-26
-19,91,-25
-12,78,-24
-30,66,-19
-21,110,-14
6,127,-16
27,127,-6
-20,68,4
61,-15,24
74,-19,25
39,-19,20
34,-18,9
2,12,-19
-36,52,-24
-75,76,-35
-109,125,-60
-124,127,-69
-128,89,-49
-91,35,-38
-128,93,-75
50,96,0
-5,110,65
-49,86,-15
-35,34,-15
-24,46,-29
-24,90,-24
-20,74,-17
-31,59,-21
-25,83,-19
-11,127,-9
44,127,-12
21,94,-6
34,-28,30
32,-57,-8
56,-24,12
9,2,0
-6,20,-8
-39,47,-32
-64,67,-37
-113,97,-64
-114,117,-60
-126,101,-37
-75,67,-20
-128,56,-50
127,84,38
36,107,-30
13,127,8
-21,11,-22
-43,27,-17
-13,87,-21
-20,94,-27
-22,49,-24
-28,48,-23
-18,114,-18
3,127,-16
35,127,-8
33,83,-4
40,24,32
39,-48,2
39,-10,9
18,-3,-3
-11,8,-11
-23,20,-20
-74,79,-30
-93,110,-60
-91,125,-62
-113,103,-37
-80,62,-25
-95,39,-23
-44,88,-24
47,86,-18
75,127,-4
-31,127,-12
-17,33,-24
-36,66,-27
-19,77,-25
-25,51,-22
-27,64,-23
-16,127,-11
4,127,-10
25,120,-12
27,51,11
51,-11,29
61,-32,28
50,-28,11
12,-3,3
-3,13,-3
-31,40,-29
-80,85,-40
-101,99,-50
-117,127,-51
-128,113,-43
-86,55,-42
-126,57,-45
127,114,35
8,84,-29
27,93,-22
-62,96,-19
-31,28,-15
-33,29,-16
-26,91,-28
-25,85,-18
-21,90,-13
-16,112,-18
21,127,-22
18,92,-2
-8,61,15
46,-13,16
30,-31,23
40,-21,24
24,-12,8
7,13,-12
-25,43,-18
-45,54,-30
-81,96,-52
-88,114,-58
-106,116,-52
-112,65,-58
-82,32,-24
4,123,-3
127,90,43
5,117,8
-36,90,-26
-21,23,-28
-23,44,-27
-15,73,-18
-17,82,-20
-23,61,-22
-14,106,-19
0,127,-18
30,127,-6
73,82,21
31,12,41
31,-31,10
34,-14,12
15,-8,4
-9,26,-9
-21,39,-19
-30,76,-22
-55,103,-32
-61,122,-53
-90,113,-51
-82,86,-49
-76,41,-16
-128,110,-91
127,108,59
88,127,3
-23,127,29
-10,37,-37
-31,53,-13
-8,75,-10
-6,62,-16
-10,59,-17
-2,65,-12
-3,59,-8
0,57,-9
-1,61,-11
1,65,-6
-1,64,-14
5,73,-13
-7,65,-12
-13,56,-10
-8,59,-11
-4,63,-15
-5,64,-11
0,63,-6
-2,67,-10
-5,68,-12
-6,66,-12
-1,63,-10
-3,60,-12
-5,60,-13
-2,63,-10
-4,63,-7
-2,64,-9
-2,64,-11
-2,63,-10
1,63,-9
1,64,-10
0,64,-9
1,63,-9
2,65,-9
0,63,-9
0,63,-9
0,64,-10
-2,64,-9
-1,63,-9
1,64,-9
0,64,-9
0,63,-10
0,63,-10
-1,63,-9
0,63,-9
1,63,-9
0,64,-8
0,63,-9
1,63,-9
0,64,-9
0,64,-8
0,63,-9
0,63,-9
0,63,-9
0,64,-9
1,64,-9
1,64,-9
1,64,-9
1,64,-9
1,64,-9
1,63,-9
1,64,-9
1,64,-9
1,63,-9
1,63,-9
2,63,-9
2,64,-9
0,63,-8
0,64,-8
0,64,-7
0,66,-8
1,70,-8
1,72,-3
-3,87,-12
7,88,-11
-13,81,-9
-14,77,-11
-2,52,-6
8,46,-2
12,38,12
16,37,17
15,40,15
11,54,6
3,63,2
-4,76,-3
-15,87,-17
-27,89,-17
-38,85,-28
-39,73,-29
-36,63,-30
-22,66,-20
50,68,5
-5,70,0
9,72,-11
8,64,-13
16,60,-20
9,60,-15
11,62,-7
11,63,-6
13,63,-15
10,61,-17
11,62,-13
10,61,-14
8,62,-16
5,62,-14
6,62,-13
2,63,-13
1,63,-14
6,64,-15
1,62,-16
-2,64,-15
6,67,-17
-4,66,-17
-10,66,-15
-4,73,-17
-7,76,-14
0,91,-12
5,101,-11
2,96,-7
-9,85,-11
-8,68,-22
-25,40,-19
8,28,-9
24,20,11
17,18,8
7,29,5
10,45,-2
12,56,-8
-11,81,-11
-7,91,-15
-17,117,-28
-41,110,-30
-41,95,-34
-56,74,-22
-60,63,-17
-6,69,-16
111,55,-7
-1,72,-3
-1,76,0
11,70,-8
12,65,-19
9,58,-15
12,64,-8
16,63,-8
15,62,-12
14,61,-13
14,61,-11
8,66,-11
8,65,-11
11,61,-13
9,62,-11
8,61,-11
7,63,-12
6,64,-12
8,63,-11
4,63,-11
4,63,-11
6,62,-12
4,63,-12
-1,64,-13
1,64,-12
2,62,-12
-2,63,-13
-2,63,-13
0,63,-10
-1,63,-11
0,64,-12
-4,63,-11
-5,62,-11
-5,63,-11
-5,62,-12
-4,63,-12
-5,63,-12
-5,63,-12
-4,63,-12
-5,63,-11
-6,63,-12
-5,63,-11
-4,63,-11
-6,63,-11
-6,63,-11
-5,63,-12
-5,63,-12
-5,63,-12
-6,63,-12
-5,63,-12
-5,63,-12
-6,63,-11
-4,63,-12
-5,63,-12
-4,63,-11
-4,63,-12
-5,63,-12
-5,63,-12
-5,63,-11
-5,63,-11
-5,63,-11
-6,63,-11
-6,63,-12
-6,63,-12
-7,63,-11
-7,63,-11
-5,63,-11
-7,64,-11
-8,65,-11
-3,65,-10
-5,67,-9
-9,73,-10
-9,80,-9
-6,88,-5
-4,88,-6
-3,81,-10
-21,63,-13
3,45,-1
-2,40,-3
3,40,2
0,40,1
1,42,0
1,44,-1
5,54,-3
-9,61,-5
-15,62,-9
-18,61,-21
-26,60,-19
-43,53,-19
-40,64,-16
-31,65,-13
-24,67,-9
-21,68,-9
-13,64,-8
-24,58,-16
-87,109,-57
98,77,41
33,90,7
7,99,-24
7,127,-3
-13,30,-26
12,76,-25
-10,74,-21
-21,72,-25
-27,69,-26
-22,81,-17
-3,127,-13
37,127,-15
54,59,17
49,-11,32
68,-8,40
48,-16,26
13,-13,3
-17,19,-10
-28,40,-14
-69,83,-35
-74,91,-49
-94,123,-60
-128,76,-65
-122,45,-50
-92,127,-40
127,82,64
33,107,-3
-49,107,-19
-26,7,-26
-40,27,-16
4,107,-19
-21,74,-17
-23,56,-26
-23,96,-9
-10,127,-15
17,127,-9
67,90,4
26,16,36
39,-36,4
25,3,13
13,6,3
-15,31,-11
-28,38,-16
-68,65,-37
-85,87,-53
-100,100,-49
-119,101,-46
-100,82,-33
-128,73,-46
127,101,55
-16,81,-13
-25,127,-21
-43,53,-21
-22,61,-24
-12,78,-15
-20,68,-21
-24,59,-22
-25,71,-18
-22,113,-12
-12,127,-12
28,127,-9
-7,63,-3
16,38,-6
55,-49,14
70,-23,29
38,4,7
14,14,-1
-15,34,-21
-74,81,-28
-104,91,-41
-111,123,-60
-128,118,-54
-111,72,-54
-128,62,-56
127,88,75
1,69,-11
77,127,-20
-5,1,-28
-36,36,-13
-8,80,-19
-20,83,-23
-20,66,-23
-20,117,-5
17,127,-6
44,127,-2
22,56,1
48,0,18
61,-19,15
47,-29,19
14,-9,1
3,0,-5
-34,29,-23
-72,77,-35
-93,93,-48
-96,110,-57
-105,113,-47
-107,77,-36
-69,106,-16
127,78,56
38,124,7
44,127,-20
-7,-6,-28
-50,64,-16
-18,76,-18
-21,64,-22
-29,62,-25
-26,91,-18
-21,127,-6
34,127,-4
12,70,-4
33,29,11
60,-31,6
70,-24,18
19,2,3
4,4,-7
-22,24,-14
-70,65,-29
-90,89,-41
-104,109,-60
-111,116,-57
-115,81,-48
-128,59,-57
95,105,45
7,60,-1
124,127,-9
-24,-23,-37
-37,66,-28
-9,73,-16
-15,84,-26
-20,50,-20
-29,69,-19
-26,87,-17
-8,127,-11
50,127,-9
-8,78,-13
48,-20,15
48,-29,3
44,-8,16
23,2,-2
11,9,-9
-32,35,-23
-64,63,-34
-105,102,-63
-112,107,-69
-128,105,-49
-92,51,-33
-128,62,-57
119,123,31
-26,78,7
23,127,-40
-22,20,-12
-33,46,-27
-9,94,-35
-24,63,-19
-27,59,-26
-31,93,-13
-26,127,-10
25,127,-12
41,127,-9
47,34,16
45,-19,8
65,-20,25
25,-9,4
17,-8,-9
-9,15,-20
-29,29,-27
-94,93,-46
-102,124,-58
-120,115,-47
-112,69,-56
-94,45,-25
85,127,21
127,91,24
32,113,9
-59,99,-15
-29,24,-28
-23,22,-29
-10,82,-24
-23,89,-20
-12,119,-13
1,127,-17
20,114,-9
-7,63,-6
22,36,7
30,-3,2
33,-12,13
12,-19,1
9,-13,0
-2,14,-6
-7,28,-16
-21,66,-23
-31,103,-32
-37,120,-41
-80,120,-52
-96,95,-53
-102,54,-34
-111,45,-24
-108,127,-43
71,111,-33
31,127,-16
-30,51,-37
-14,32,-26
-8,56,-29
-14,75,-22
-15,65,-18
-15,63,-19
-12,63,-15
-5,51,-13
-8,50,-12
-11,51,-12
-5,58,-10
-3,62,-11
1,82,-16
-5,67,-11
0,68,-12
-1,61,-15
-6,55,-15
-5,52,-11
-2,53,-10
2,65,-9
0,72,-12
0,70,-13
5,62,-12
5,60,-12
1,63,-12
-1,61,-11
3,63,-10
2,65,-9
2,64,-9
6,65,-12
2,64,-12
3,63,-11
3,65,-10
3,63,-11
3,63,-12
4,64,-12
3,64,-10
3,62,-11
4,63,-12
1,63,-11
3,61,-10
3,64,-11
1,64,-11
3,62,-11
2,64,-11
1,63,-10
2,63,-11
3,63,-11
1,64,-10
2,63,-10
3,63,-11
3,64,-10
3,64,-10
3,63,-10
3,64,-10
2,63,-10
3,63,-10
2,63,-10
3,63,-9
5,63,-8
6,63,-8
5,63,-7
4,63,-8
6,64,-7
5,64,-7
5,63,-7
6,64,-6
6,64,-6
6,63,-6
6,63,-6
7,64,-5
7,63,-5
6,64,-6
6,63,-6
6,63,-6
6,63,-5
6,64,-4
9,64,-4
8,63,-4
8,63,-4
8,63,-4
8,63,-4
7,63,-4
8,63,-5
7,63,-5
7,63,-5
6,64,-6
7,64,-6
6,63,-5
7,63,-6
7,63,-5
8,63,-6
7,63,-6
7,63,-5
6,63,-6
6,64,-6
6,64,-6
6,64,-6
5,64,-6
5,64,-5
5,63,-6
8,64,-7
6,64,-6
4,64,-6
4,63,-6
4,63,-6
2,64,-6
1,68,-6
-3,69,-6
-8,72,-8
-8,76,-7
-6,80,-1
-8,79,-6
-12,72,-6
-16,71,-5
-19,64,-5
-14,61,-6
8,52,2
20,50,20
27,44,23
27,46,21
24,53,18
22,59,15
16,76,8
7,93,-4
2,102,-14
-37,99,-33
-52,88,-41
-68,64,-53
-80,64,-45
98,100,42
-19,91,-5
-1,58,1
-8,81,-15
-4,70,-18
7,60,3
3,64,-7
-2,65,-14
4,64,-10
9,66,-11
-4,68,-12
-2,68,-11
-3,68,-12
-7,71,-13
-8,76,-9
-6,76,1
-3,75,-1
1,80,-15
10,93,-11
33,116,-7
11,117,-3
-9,113,-19
11,106,-35
14,48,-4
22,27,5
16,10,5
18,11,8
15,29,6
14,54,2
17,70,-1
0,127,-21
-29,127,-39
-128,127,-75
-128,123,-71
-128,77,-72
127,95,13
-23,61,39
-10,71,-3
-8,76,-57
0,61,-19
0,70,-15
14,59,3
6,63,-23
5,62,-19
11,62,-7
10,61,-12
3,65,-13
2,66,-12
-2,68,-14
-4,70,-16
-5,78,-5
-5,81,-6
0,84,-21
0,87,-21
26,106,-12
30,103,-6
-12,104,-22
1,123,-39
14,58,-14
29,23,9
19,12,10
16,12,11
17,19,12
14,41,6
13,66,1
16,88,-6
-22,127,-21
-44,127,-40
-101,127,-54
-122,103,-68
-128,66,-38
127,99,19
12,102,-36
-7,72,6
15,73,-20
5,65,-29
16,66,-9
19,62,-6
12,66,-9
12,63,-13
14,60,-10
12,62,-9
13,63,-13
7,66,-13
2,67,-11
5,71,-15
-8,73,-13
-6,79,0
-2,86,-4
5,90,-15
38,127,0
60,125,10
27,118,-37
14,79,-36
15,39,-12
25,19,15
20,15,12
24,21,17
23,31,16
14,54,9
15,90,-3
3,127,-9
-83,127,-48
-128,127,-64
-128,85,-72
61,94,-42
68,82,65
-30,84,9
7,64,-44
-4,63,-29
-1,75,-1
15,58,-1
3,64,-25
3,64,-21
6,65,-10
7,65,-14
-4,69,-16
-3,71,-15
-3,77,-11
0,79,-6
4,81,-13
11,95,-12
49,127,5
20,123,6
25,127,-30
18,102,-27
12,36,-13
19,13,7
16,12,9
19,22,10
20,34,8
18,60,2
20,77,-4
-2,127,-31
-124,127,-58
-128,127,-72
-128,77,-65
-128,80,-46
-94,83,16
-14,60,-18
-23,76,-56
1,69,-20
8,59,-7
12,66,-6
6,63,-18
1,68,-14
5,65,-14
0,66,-16
-4,69,-13
-4,74,-7
-5,76,-6
0,81,-6
3,84,-9
15,96,-13
38,123,-9
5,118,-4
1,124,-31
26,97,-26
23,39,-3
22,19,2
15,6,2
16,9,5
21,30,5
16,56,0
17,73,-2
-4,127,-16
-42,127,-43
-128,127,-58
-128,106,-68
-128,76,-47
127,82,62
-5,98,-10
-9,68,-44
-16,88,-25
4,71,-20
10,57,-6
12,65,-10
4,65,-25
10,62,-13
10,66,-14
-3,68,-17
-3,68,-16
-2,79,-7
-4,80,-3
0,82,-13
2,87,-14
22,104,-15
37,115,0
-3,110,-5
0,120,-35
27,79,-27
36,33,5
18,10,10
16,12,12
19,29,15
19,42,12
17,69,3
13,95,-11
-48,127,-26
-128,127,-55
-128,113,-60
-128,85,-64
44,87,-43
-73,124,-37
-2,56,-39
-11,82,-23
-1,73,-18
9,56,-7
15,64,-9
4,62,-23
7,64,-13
10,65,-12
2,68,-16
-2,69,-16
-2,71,-17
-5,81,-5
1,81,-9
1,84,-11
19,100,-14
48,127,-11
8,115,6
6,118,-38
12,85,-35
34,36,9
24,18,12
18,14,16
15,31,19
19,44,15
14,75,5
7,103,-6
-42,127,-33
-100,127,-57
-128,100,-83
-128,78,-48
-41,72,-58
-94,107,-31
-6,99,-11
-17,88,-33
-4,63,-19
7,65,-11
15,62,-9
8,62,-14
5,64,-18
9,62,-10
4,68,-15
-3,69,-17
-4,69,-15
-2,80,-8
-1,83,-5
0,85,-5
16,103,-17
38,123,-14
18,109,2
-5,119,-27
22,101,-29
-4,48,-27
25,21,1
18,3,4
22,7,7
22,30,6
17,42,3
18,71,-3
-3,127,-21
-35,127,-42
-128,127,-48
-128,116,-62
-128,77,-42
-52,73,32
-13,127,-34
-19,70,-69
-1,63,-20
5,71,-15
13,56,-7
10,62,-17
4,66,-22
13,61,-14
10,63,-16
4,69,-18
-1,70,-14
-3,75,-16
-4,83,-7
-1,87,-5
2,91,-9
29,119,-10
51,127,-4
4,106,-17
11,116,-39
8,58,-27
35,24,5
22,12,10
15,12,13
20,30,10
19,42,7
22,74,-3
14,106,-19
-41,127,-50
-113,127,-67
-128,94,-100
-128,82,-49
127,102,13
-31,119,-24
-21,57,-19
-8,87,-8
2,65,-10
6,52,0
8,65,-12
3,62,-23
6,64,-11
6,66,-14
-5,70,-18
-5,69,-20
-6,74,-12
-6,86,0
-3,85,-2
11,96,-13
50,127,1
37,122,16
20,127,-37
7,110,-35
13,35,-12
18,15,12
13,14,15
15,24,19
19,34,17
18,63,6
11,110,-13
-5,127,-20
-106,127,-71
-128,127,-85
-128,78,-73
-128,82,-47
-51,81,40
-22,57,-11
-11,62,-49
-1,72,-25
5,65,-8
3,65,4
8,61,-27
7,61,-19
12,65,-5
6,67,-11
-3,68,-12
-2,69,-15
-5,81,-7
-5,84,3
0,85,0
16,101,-18
54,127,2
14,113,-4
4,119,-31
13,86,-33
32,28,9
23,14,13
12,13,13
18,20,18
22,43,13
16,76,3
13,108,-9
-50,127,-37
-99,127,-54
-128,103,-93
-128,83,-49
127,100,-23
-26,127,-21
-37,70,5
-13,97,-30
6,60,-16
13,61,-1
15,63,-4
4,64,-19
15,64,-8
7,65,-3
0,69,-14
-6,69,-14
-5,68,-8
0,83,-1
-2,86,-1
4,91,-3
30,118,2
53,127,4
19,114,-27
26,124,-30
10,50,-22
28,34,-4
23,11,2
11,14,9
19,21,9
21,50,-1
18,66,-4
10,121,-25
-62,127,-46
-111,127,-60
-128,93,-80
-128,80,-50
127,98,33
-15,127,-11
-16,62,-21
-1,81,-20
2,67,-25
9,52,-1
8,62,-6
-2,63,-19
5,67,-9
6,67,-12
-4,70,-17
-5,71,-16
0,76,-12
-3,83,-5
0,84,-4
11,94,-15
22,107,-9
38,117,3
5,109,-14
10,112,-34
5,40,-20
31,29,6
14,10,11
16,12,12
20,35,16
17,63,10
12,81,0
-14,127,-15
-57,127,-36
-119,127,-63
-128,85,-78
-128,76,-51
127,78,53
-97,116,-30
2,62,-21
-19,72,-35
-1,61,-20
10,65,-9
19,59,-7
6,63,-18
1,63,-22
11,61,-8
5,69,-16
-3,71,-18
-5,69,-13
0,75,-12
-2,85,-4
1,87,-3
12,95,-18
52,127,-2
32,111,8
7,126,-33
17,62,-22
8,44,-11
19,13,8
18,9,11
20,22,13
19,33,10
17,57,1
18,72,-3
-3,127,-18
-89,127,-54
-128,127,-55
-128,84,-86
-128,77,-52
127,89,64
-5,85,-2
6,59,-36
-6,80,-17
2,67,-17
17,54,-7
5,65,-18
0,65,-22
12,61,-9
6,68,-15
0,72,-18
-3,70,-17
-2,74,-13
-2,83,-3
0,81,-6
8,89,-15
22,111,-8
49,119,8
24,127,-38
16,116,-32
7,46,-21
42,31,2
20,13,6
20,12,7
21,31,4
17,60,-2
19,75,-5
-2,127,-29
-30,127,-48
-128,127,-70
-128,83,-76
-128,77,-54
96,82,70
-80,127,-43
-3,58,-48
-29,68,-19
2,71,-17
17,55,-4
17,63,-10
-1,64,-24
6,63,-15
11,65,-11
-4,72,-16
-4,71,-16
-2,77,-12
-4,84,-4
-1,87,-3
13,94,-20
30,115,-13
34,111,5
3,112,-15
6,107,-39
17,64,-24
34,24,8
15,11,13
14,14,15
21,33,12
17,45,8
18,77,0
-2,127,-13
-38,127,-36
-128,127,-74
-128,97,-94
-128,76,-47
-3,73,53
-39,127,-36
-9,55,-48
-21,92,-23
-3,72,-17
8,61,-9
22,61,-9
2,64,-23
7,62,-13
11,65,-11
2,69,-14
-2,70,-16
-2,74,-14
-3,83,-3
0,89,0
5,93,-7
33,127,-3
54,127,9
17,112,-28
8,98,-33
0,47,-24
34,23,1
19,10,5
21,13,6
20,35,0
17,47,-5
16,85,-19
7,125,-29
-74,127,-66
-128,127,-76
-128,87,-85
-36,78,-27
127,94,50
1,77,-3
-11,51,-71
-8,72,-15
5,57,-2
12,59,-1
6,62,-15
2,65,-20
5,65,-7
4,65,-13
-1,69,-14
-6,67,-11
-1,73,-13
-3,82,-6
-2,86,1
0,91,-8
24,125,6
40,127,18
7,101,-16
5,120,-32
15,50,-18
36,22,-4
23,21,-4
14,22,-9
23,33,-14
14,67,-31
16,82,-39
2,115,-44
-4,127,-71
-20,118,-90
-47,89,-102
-47,78,-96
-33,58,-65
-12,45,-90
-1,72,-33
-2,71,-30
-12,72,-7
-9,72,37
-12,64,10
-10,66,-1
-11,66,0
-8,66,1
-3,64,-16
-2,59,-27
-4,56,-37
-3,53,-30
0,54,-33
-14,74,-5
-10,78,9
10,70,-11
6,67,-8
3,66,-3
-5,65,10
-1,65,3
4,59,-18
7,58,-31
12,61,-27
1,66,-2
4,65,3
4,66,-6
0,67,-8
2,67,-7
9,67,-8
8,63,-10
7,60,-8
9,60,-12
-2,56,-8
4,55,-4
2,55,-4
1,65,-4
19,84,-8
6,63,-3
13,58,-9
5,63,-10
2,63,-9
4,62,-8
6,65,-8
4,65,-8
6,64,-8
5,63,-9
4,63,-10
4,63,-9
5,63,-9
6,64,-8
5,63,-8
5,63,-8
5,63,-9
4,63,-9
5,63,-9
5,64,-9
5,63,-9
4,63,-9
5,63,-9
6,63,-9
5,63,-9
5,63,-9
5,64,-9
4,63,-9
5,63,-9
5,63,-9
5,64,-9
5,64,-9
4,63,-10
4,63,-10
5,63,-9
5,64,-8
5,64,-8
4,63,-9
4,63,-10
3,63,-9
4,63,-10
4,63,-10
4,63,-10
5,63,-9
6,63,-8
7,63,-9
7,63,-9
6,63,-9
6,63,-9
5,63,-9
5,63,-9
6,63,-9
6,63,-9
5,63,-9
5,63,-9
5,63,-9
5,63,-9
6,63,-9
5,63,-9
5,63,-9
5,63,-9
5,63,-9
4,63,-10
5,63,-10
5,63,-9
4,63,-10
5,63,-10
5,63,-10
5,63,-9
5,63,-10
5,63,-9
6,63,-9
6,63,-9
7,63,-9
7,63,-9
7,63,-10
6,63,-9
6,63,-10
6,63,-10
6,63,-9
6,63,-9
6,63,-9
6,63,-10
7,63,-10
6,63,-10
7,63,-9
7,63,-10
7,63,-10
7,63,-10
7,63,-10
6,63,-10
6,63,-10
6,63,-10
6,63,-10
6,63,-10
6,63,-10
6,63,-10
6,63,-10
6,63,-10
6,63,-10
6,63,-10
6,63,-10
6,63,-10
5,63,-10
5,63,-10
6,63,-10
5,63,-10
5,63,-10
5,63,-10
6,63,-10
6,63,-10
5,63,-10
6,63,-10
6,63,-10
6,63,-10
6,63,-10
6,63,-10
6,63,-10
6,63,-10
6,63,-10
6,63,-10
7,63,-10
7,63,-10
8,63,-10
7,63,-10
8,63,-10
7,63,-10
7,63,-11
7,63,-11
8,63,-10
9,63,-8
9,62,-10
7,63,-10
8,63,-10
9,63,-9
10,63,-9
11,63,-9
9,62,-8
9,63,-8
10,63,-9
9,63,-9
9,63,-9
9,63,-9
9,63,-8
8,63,-10
8,63,-10
8,63,-9
8,63,-9
7,63,-9
7,63,-9
7,63,-9
7,63,-9
7,63,-9
8,63,-9
7,63,-8
7,63,-8
8,63,-8
7,63,-8
7,63,-8
7,63,-8
7,63,-8
7,63,-8
7,63,-8
7,63,-8
7,63,-8
7,63,-8
8,63,-8
7,63,-8
7,63,-8
8,63,-8
7,63,-9
7,63,-9
7,63,-9
6,63,-9
7,63,-9
7,63,-8
7,63,-8
7,63,-8
7,63,-8
7,63,-8
7,63,-8
7,63,-8
7,63,-8
7,63,-8
7,63,-9
7,63,-8
7,63,-8
6,63,-9
6,63,-8
6,63,-8
6,63,-8
7,63,-8
7,64,-8
7,63,-8
7,63,-9
7,63,-9
6,63,-8
6,63,-8
6,63,-8
6,63,-8
6,63,-8
7,63,-9
7,63,-8
7,63,-8
7,63,-9
7,63,-9
7,63,-8
7,63,-9
7,63,-9
7,63,-9
8,63,-9
8,63,-8
8,63,-9
7,63,-10
7,63,-9
7,63,-9
8,63,-10
8,63,-10
8,63,-9
8,63,-9
8,62,-9
7,63,-10
7,63,-9
7,63,-9
7,63,-9
7,63,-10
7,63,-9
7,63,-9
7,63,-9
6,63,-10
5,63,-10
6,63,-10
6,63,-10
7,63,-10
7,63,-10
7,63,-11
9,62,-11
9,62,-11
10,63,-11
8,61,-10
8,63,-11
8,63,-11
8,62,-12
7,63,-11
8,63,-11
7,60,-14
3,62,-13
1,62,-14
8,60,-14
4,61,-15
5,63,-16
3,64,-17
3,63,-18
4,62,-18
1,62,-17
3,61,-17
1,63,-17
-2,63,-17
-5,63,-17
-3,66,-19
-8,68,-21
-6,69,-22
-4,74,-23
-4,80,-20
-2,82,-15
1,84,-3
13,94,-8
21,100,3
6,109,-8
16,110,-19
5,109,-26
-28,59,-33
23,33,2
18,20,8
8,22,8
11,29,8
11,44,9
13,67,4
14,83,-4
-10,127,-37
-46,127,-48
-128,127,-84
-128,80,-69
-127,76,-61
38,63,35
-34,123,-27
-15,65,-27
-24,94,-26
0,65,-18
11,58,-7
13,63,-8
4,63,-23
9,62,-19
13,64,-11
-2,68,-18
-1,68,-14
-6,71,-16
-5,77,-9
-4,83,-6
-1,82,-11
7,89,-16
32,118,-4
41,118,11
4,125,-18
25,127,-42
-32,60,-30
18,27,-2
11,11,7
12,5,14
15,13,13
15,35,11
13,46,9
14,80,1
-3,127,-28
-36,127,-50
-112,127,-83
-128,85,-64
-128,70,-45
52,74,63
-49,127,-25
-27,68,-44
-17,92,-35
0,66,-21
14,60,-8
19,60,-10
9,62,-24
10,62,-19
13,61,-11
9,64,-16
1,69,-14
-1,69,-16
2,73,-19
-4,84,-6
1,83,-1
4,85,-12
27,125,-5
48,125,4
6,127,-23
33,117,-33
-17,62,-26
0,54,-15
11,17,0
11,1,5
17,12,5
13,37,4
13,48,4
11,80,-2
-11,127,-31
-35,127,-45
-128,127,-68
-128,110,-87
-128,74,-45
127,68,17
-128,102,-8
-23,82,-15
-38,84,-47
9,60,-28
6,63,-12
13,60,-6
-2,67,-21
4,64,-18
9,62,-12
8,64,-17
1,67,-16
0,69,-14
-2,71,-18
-5,80,-6
-4,81,-5
2,85,-11
7,88,-19
37,122,-8
16,110,-8
-3,123,-25
23,111,-30
-16,52,-26
18,25,-1
12,5,6
14,6,7
19,28,4
16,41,4
18,67,6
15,118,-16
-9,127,-30
-114,127,-72
-128,127,-84
-128,80,-74
-128,81,-52
64,68,75
-18,72,4
-37,75,-64
-1,59,-24
1,69,-18
13,61,-7
1,63,-21
-2,66,-21
7,65,-12
8,63,-15
-3,67,-16
0,68,-15
-4,75,-14
-5,79,-4
-2,79,-6
1,86,-10
7,89,-16
41,125,-4
-4,113,-3
10,127,-33
21,104,-24
-31,51,-29
19,23,3
11,4,11
13,7,11
21,26,8
19,39,8
16,69,1
0,127,-19
-21,127,-35
-128,127,-64
-128,125,-82
-128,80,-60
-102,89,-45
-123,99,8
-19,61,-13
-33,77,-50
4,60,-24
4,64,-11
9,62,-7
5,65,-16
4,66,-18
11,65,-14
7,65,-17
2,68,-16
-1,69,-16
-5,80,-8
0,77,-4
1,79,-9
5,85,-9
27,123,1
54,123,13
13,120,-1
23,127,-46
-31,54,-32
14,49,-8
8,11,-1
10,-1,9
17,10,9
16,33,11
16,46,9
17,86,-1
5,124,-13
-54,127,-54
-128,127,-95
-128,90,-104
-92,63,-56
127,91,24
-6,126,-10
-33,72,-38
-10,56,-20
13,62,-11
13,55,-4
9,65,-22
6,65,-23
12,63,-11
3,65,-16
5,67,-15
-4,71,-15
-5,74,-15
-2,80,-7
0,79,-7
3,86,-11
22,101,-12
39,125,-4
0,117,-7
10,127,-33
26,101,-19
21,42,1
13,24,6
10,4,13
12,7,14
17,30,15
17,54,9
13,71,4
-5,127,-17
-40,127,-37
-125,127,-84
-128,112,-123
-128,82,-54
-22,66,41
-31,127,-43
-16,63,-61
-6,97,-15
3,71,-18
14,58,-5
15,66,-11
5,64,-23
12,61,-14
11,64,-14
3,67,-14
4,68,-12
-2,74,-16
1,81,-9
1,81,-4
3,82,-7
12,91,-13
39,127,4
47,111,1
21,127,-38
22,127,-42
-5,54,-14
24,31,-3
14,4,4
15,6,4
17,16,4
15,39,1
16,69,-3
12,100,-17
-33,127,-40
-103,127,-56
-128,107,-82
-128,83,-76
113,93,-54
-45,127,-39
-23,73,7
-11,119,-10
2,56,-20
8,65,-10
16,57,-8
7,64,-16
5,65,-20
11,62,-11
7,65,-16
-2,69,-16
0,69,-17
-3,81,-9
-3,80,-4
1,84,-6
9,89,-10
25,115,-15
50,119,2
0,120,-13
8,127,-38
14,77,-20
26,31,1
16,16,7
17,6,11
19,21,9
16,33,8
18,60,2
19,78,-4
-4,127,-25
-102,127,-63
-128,127,-73
-128,79,-70
-128,72,-47
127,83,54
-94,127,-31
-9,64,-36
-3,68,-14
6,64,-18
15,55,-8
12,63,-9
4,63,-20
10,63,-13
8,65,-13
1,70,-15
-2,69,-14
-3,74,-16
-6,81,-9
-1,80,-5
3,85,-10
11,88,-14
50,127,-13
40,122,3
10,127,-35
12,75,-18
-1,50,-14
16,15,13
15,7,11
18,12,12
15,33,8
13,44,6
14,79,-2
4,116,-18
-47,127,-43
-114,127,-59
-128,99,-95
-128,79,-56
127,98,-51
1,127,-28
-23,67,1
-10,94,-4
4,68,-22
14,63,-12
13,63,-10
4,65,-16
7,63,-17
13,61,-12
7,67,-15
-1,69,-15
-2,69,-17
-3,84,-9
-4,82,-3
3,85,-8
15,96,-19
31,127,-13
20,115,4
-1,126,-23
30,114,-30
7,43,-7
11,24,1
13,3,6
15,2,6
15,22,2
16,45,0
16,60,-3
6,127,-20
-19,127,-42
-118,127,-52
-115,127,-75
-128,80,-47
127,91,7
-117,92,-3
-16,69,-17
-37,77,-65
5,64,-26
5,66,-13
17,61,-10
1,65,-25
6,64,-21
13,61,-13
9,63,-16
3,69,-16
-3,69,-14
0,73,-16
-3,79,-5
1,83,-8
3,86,-8
9,89,-14
46,125,-4
0,120,-13
6,127,-37
18,77,-23
-10,44,-24
15,17,3
16,3,9
17,10,9
18,32,6
19,45,4
19,78,-2
-2,127,-27
-31,127,-49
-128,127,-98
-128,102,-113
-128,80,-53
127,103,-21
-15,127,-16
-17,62,-60
-12,74,-5
13,69,-16
16,51,-4
11,63,-17
2,65,-17
8,65,-13
7,65,-15
2,67,-16
-1,70,-15
-4,79,-11
-6,81,-6
2,79,-12
3,83,-12
12,91,-16
27,119,-6
14,113,7
11,127,-40
23,116,-34
7,50,-5
15,28,6
11,6,10
16,12,9
16,23,11
14,48,10
17,63,10
-2,122,-9
-10,127,-22
-104,127,-60
-128,93,-117
-128,85,-84
127,87,25
-100,114,-40
-14,58,-23
-9,63,-16
-5,69,-18
15,56,-6
17,59,-7
3,64,-25
8,61,-21
14,62,-11
8,66,-15
5,68,-14
-1,71,-16
-3,74,-16
-1,82,-3
1,85,-8
3,87,-9
32,127,-1
54,125,7
-7,123,-23
29,116,-32
-10,54,-32
15,25,-5
16,15,8
20,5,9
22,28,7
18,40,6
17,65,-1
13,87,-15
-14,127,-34
-62,127,-62
-128,126,-85
-128,86,-59
-108,75,-46
-117,97,-9
8,111,-25
-15,93,-30
-6,61,-12
7,71,-17
12,60,-7
9,64,-11
6,65,-21
12,61,-13
10,65,-12
-1,71,-14
-2,70,-14
-4,78,-12
-1,81,-1
2,82,-7
7,89,-8
18,100,-14
58,119,2
20,111,2
22,127,-43
29,107,-27
16,45,-3
12,12,2
16,4,11
22,16,10
20,29,7
20,54,6
10,94,-22
-2,127,-29
-83,127,-58
-128,127,-59
-128,89,-85
-128,73,-53
127,70,43
-20,111,-1
-15,85,-22
-10,63,-14
2,69,-18
18,56,-9
11,60,-16
2,64,-22
11,62,-10
9,63,-10
1,69,-16
-1,70,-15
-3,70,-16
-2,83,-9
-3,83,-4
1,87,-4
7,90,-11
39,126,-16
9,111,-11
1,127,-29
23,96,-23
-15,47,-30
23,19,8
12,5,8
15,8,9
19,30,6
17,42,2
16,72,-6
10,92,-20
-35,127,-48
-128,127,-81
-128,123,-100
-128,82,-42
127,97,-58
-35,127,-20
-13,79,-67
-8,67,-10
9,70,-12
15,55,0
11,63,-19
-2,66,-18
4,66,-11
4,65,-16
-5,68,-17
-3,70,-14
-3,75,-10
-3,77,-8
0,80,-12
3,86,-8
12,92,-17
33,117,-2
5,111,-2
10,127,-42
22,110,-31
21,48,-5
20,27,4
12,7,15
24,21,15
20,33,13
16,55,9
18,73,6
-2,127,-12
-35,127,-39
-122,127,-77
-128,88,-82
-128,73,-54
127,70,36
-128,101,-5
-20,69,-14
-28,78,-54
7,58,-19
9,65,-11
16,60,-7
7,62,-16
2,65,-23
11,63,-9
7,66,-15
4,68,-17
-1,71,-17
-2,79,-10
-3,81,-3
2,82,-5
3,87,-10
29,127,-11
59,123,-14
-8,119,-19
10,127,-40
2,62,-26
29,23,7
21,9,9
14,7,7
17,15,8
17,37,-1
14,63,-2
16,79,-9
-3,127,-39
-48,127,-68
-128,127,-106
-128,97,-91
-104,68,-47
-123,103,1
-9,121,-11
2,89,-11
-8,55,-22
11,64,-10
24,60,-15
10,58,-28
12,64,-16
17,61,-13
7,67,-16
4,68,-12
4,72,-16
0,79,-10
-2,76,-7
5,80,-15
5,86,-9
21,111,11
33,109,4
4,126,-19
20,123,-43
-7,71,-36
27,31,-4
11,5,12
12,8,15
21,29,12
18,38,9
14,64,3
13,86,-9
-12,127,-29
-111,127,-84
-128,125,-111
-128,80,-71
-126,76,-49
-92,72,14
-42,71,-30
-4,89,-34
-5,65,-17
8,75,-17
19,58,-5
16,62,-12
8,62,-19
12,62,-9
12,64,-12
1,69,-15
-1,70,-12
-3,73,-16
-2,82,-1
2,83,-4
4,89,-6
15,102,-10
61,126,7
-5,127,-27
9,127,-44
-26,41,-40
26,42,-3
20,6,7
19,8,9
19,17,7
15,38,-1
18,49,-2
18,88,-12
7,127,-27
-73,127,-57
-128,111,-94
-128,89,-67
-44,87,-52
127,80,39
-1,99,-11
-24,120,-35
-6,65,-13
10,64,-15
17,58,-6
8,63,-17
3,63,-21
10,63,-10
6,66,-15
0,69,-16
-4,69,-15
-3,76,-12
-6,82,-6
-2,84,-7
1,89,-5
14,97,-14
36,122,-5
12,109,4
3,125,-24
19,106,-30
28,43,-4
27,23,4
13,8,15
18,10,16
17,30,12
17,52,6
22,68,1
17,127,-21
-17,127,-46
-128,127,-87
-128,104,-99
-128,71,-50
127,82,45
8,106,-17
-8,50,-22
-32,72,-52
0,65,-19
15,57,-7
18,57,-7
0,63,-17
-1,66,-23
12,62,-10
4,68,-16
-2,71,-16
-4,69,-17
-5,75,-14
-3,84,-4
-1,84,-7
5,88,-14
39,125,-11
53,121,5
2,127,-23
8,127,-44
-17,51,-31
22,21,7
14,9,10
17,9,15
21,17,14
17,40,10
17,53,5
14,99,-18
-26,127,-50
-86,127,-73
-128,109,-106
-128,86,-93
-6,77,-33
-104,127,-35
-18,102,-3
-6,77,-24
-9,63,-23
10,58,-5
15,56,-2
7,61,-22
5,66,-14
8,65,-11
3,67,-17
-1,68,-17
-2,71,-16
-6,79,-11
-4,78,-4
2,81,-12
1,85,-9
23,119,-13
37,115,11
-7,116,-15
12,125,-39
14,73,-23
25,29,-1
10,6,8
13,4,12
21,21,12
19,34,9
19,62,4
19,82,-6
-11,127,-25
-109,127,-73
-128,127,-84
-128,82,-67
-128,74,-50
119,90,80
-93,127,-34
-26,66,-82
1,61,-19
4,71,-19
10,58,-5
11,63,-13
0,64,-22
7,65,-14
9,63,-17
-2,67,-19
-2,69,-17
-2,75,-13
-4,81,-1
-2,82,-7
1,85,-11
10,92,-23
42,125,4
25,109,7
-3,127,-38
5,58,-29
3,43,-10
14,14,2
10,4,5
19,13,5
16,36,-3
17,48,-3
20,85,-11
13,127,-21
-25,127,-60
-128,127,-75
-128,90,-67
-119,70,-44
115,96,-38
-56,127,-31
-14,93,5
-3,83,-12
-10,75,-22
6,69,-13
23,58,-7
13,61,-17
1,64,-19
14,62,-11
8,61,-16
1,66,-16
4,66,-14
-7,64,-15
-5,64,-15
-4,72,-12
-9,77,-9
-7,76,-16
-1,93,-17
12,107,-15
18,104,-7
-9,100,-28
-1,97,-22
-1,24,-14
-15,8,-16
0,12,0
-4,2,2
-10,8,-5
-23,29,1
-30,40,2
-66,66,-20
-76,75,-33
-87,93,-47
-128,115,-107
-47,124,0
-17,73,-15
-7,66,-6
-6,64,-12
2,64,-10
6,62,-6
4,65,-10
3,64,-11
6,63,-10
9,63,-8
9,62,-8
8,64,-10
7,64,-9
4,62,-10
5,62,-11
6,63,-10
5,62,-10
7,63,-11
5,63,-10
5,63,-10
7,63,-11
5,63,-10
6,63,-10
6,63,-10
5,63,-10
5,63,-11
6,63,-11
5,63,-10
7,63,-10
7,63,-10
6,63,-10
5,63,-10
5,63,-11
5,63,-11
5,63,-11
6,63,-10
5,63,-10
6,63,-10
6,63,-10
6,63,-11
5,63,-10
6,63,-10
6,63,-11
6,62,-10
7,62,-10
8,63,-10
8,62,-10
7,63,-10
8,62,-10
7,65,-10
10,63,-9
6,61,-12
3,65,-11
-1,65,-13
-5,66,-8
-5,65,-6
7,62,-13
16,59,-19
19,58,-20
23,58,-15
23,58,-13
24,59,-12
20,60,-6
16,61,-10
4,64,-15
2,65,-13
11,63,-13
10,63,-15
9,63,-14
10,62,-14
13,61,-12
8,63,-13
9,63,-14
9,62,-12
10,63,-12
11,63,-11
9,63,-12
7,63,-11
4,65,-10
7,64,-11
9,62,-9
6,64,-8
7,63,-7
2,65,-9
2,65,-8
-1,64,-12
-6,65,-17
-1,64,-14
1,65,0
4,62,3
6,58,-19
14,59,-28
22,60,-13
13,59,-15
20,61,1
46,60,15
58,56,14
25,60,-12
18,63,-6
14,63,-5
14,60,-3
15,61,-5
14,63,-7
10,65,-8
17,60,-10
13,61,-12
12,61,-12
16,61,-13
15,61,-12
15,63,-13
11,62,-15
11,63,-14
12,61,-13
13,61,-14
14,60,-13
13,60,-14
12,62,-14
13,60,-12
13,61,-13
10,60,-13
13,63,-14
11,62,-13
14,61,-13
13,60,-14
12,62,-15
13,60,-15
10,61,-15
14,61,-15
11,61,-15
10,62,-15
11,62,-14
12,61,-14
10,61,-14
9,61,-14
10,62,-14
10,61,-14
10,61,-14
10,61,-14
9,62,-14
9,62,-14
9,62,-14
10,63,-14
11,61,-15
12,61,-15
8,62,-13
10,61,-14
11,62,-14
10,62,-13
12,62,-13
11,60,-14
10,61,-15
8,63,-12
6,65,-12
10,61,-15
11,61,-14
8,62,-14
11,60,-14
9,61,-14
10,61,-14
12,61,-14
13,62,-14
12,61,-14
10,62,-14
11,62,-16
11,61,-15
9,62,-15
10,61,-15
10,62,-16
9,63,-15
9,62,-14
9,61,-15
10,60,-15
7,61,-17
9,60,-14
9,61,-15
7,61,-15
9,61,-15
7,62,-16
9,61,-15
8,62,-15
10,61,-16
8,61,-15
9,61,-15
8,61,-15
9,61,-16
9,61,-16
10,61,-16
9,61,-15
9,61,-15
9,61,-15
9,61,-15
9,61,-15
10,62,-15
11,61,-15
10,60,-15
9,62,-14
7,63,-14
10,61,-15
9,62,-14
9,61,-15
9,61,-16
9,62,-14
8,61,-15
9,61,-15
9,61,-14
9,61,-15
10,61,-15
10,61,-14
9,62,-15
10,61,-15
11,62,-16
9,61,-16
9,62,-16
10,61,-15
9,61,-16
9,61,-16
11,61,-15
10,61,-15
10,62,-15
11,61,-15
10,61,-15
10,61,-15
10,61,-15
11,61,-15
11,61,-15
10,61,-14
11,61,-14
11,61,-14
11,61,-14
10,61,-14
11,61,-14
9,62,-15
10,61,-15
11,61,-15
11,61,-15
10,61,-14
10,61,-14
10,61,-15
10,61,-15
11,61,-14
11,61,-14
11,61,-15
11,61,-15
12,61,-16
9,61,-15
10,62,-16
11,62,-16
11,61,-16
11,62,-17
10,61,-14
10,61,-16
9,61,-16
10,61,-14
9,61,-15
9,61,-14
9,61,-15
8,61,-15
9,61,-15
9,61,-15
9,61,-16
11,60,-16
9,61,-14
4,63,-16
7,62,-16
8,62,-16
6,63,-17
6,61,-17
6,61,-18
6,61,-17
5,63,-17
8,61,-17
4,62,-18
5,61,-18
6,61,-17
4,62,-18
2,61,-19
4,62,-17
3,61,-18
-2,64,-19
0,70,-23
-8,71,-21
-5,69,-22
-5,76,-26
-4,90,-20
5,94,-12
10,89,-10
21,91,0
2,104,13
28,107,-10
5,121,-36
-23,90,-43
14,44,-3
20,26,-2
20,17,2
19,20,1
15,32,-2
16,54,0
18,71,-3
4,127,-36
-24,127,-53
-128,127,-81
-128,87,-96
-128,84,-75
23,75,55
-56,127,-48
-13,65,-65
-9,89,-13
16,65,-15
5,65,-7
7,66,-16
5,68,-23
10,67,-15
4,65,-14
3,73,-16
-2,77,-10
1,86,-6
4,87,-8
16,92,-7
38,103,-8
53,125,26
37,127,-14
26,127,-46
-4,89,-56
45,63,-6
18,12,14
26,16,21
26,29,17
19,53,0
14,66,-3
3,119,-10
-58,127,-52
-119,127,-68
-128,99,-95
-128,86,-89
-23,106,-52
127,86,69
-34,103,-23
-15,77,-23
-14,69,-35
8,66,-19
16,62,-8
12,63,-14
4,65,-22
8,66,-13
1,70,-14
-3,73,-15
-4,81,-12
3,94,-4
9,91,-7
22,101,-4
35,105,-9
31,127,6
40,127,-10
14,127,-52
44,61,-3
25,35,9
16,10,18
17,15,19
16,34,11
15,45,4
14,73,4
4,127,-21
-20,127,-66
-128,127,-85
-128,127,-103
-128,85,-89
127,97,22
-128,101,21
-30,76,-23
-14,82,-22
8,73,-18
3,60,-3
8,68,-12
4,64,-22
1,69,-21
6,64,-14
-1,66,-16
-1,79,-9
3,78,-11
3,82,-16
10,94,-6
18,96,2
47,121,7
40,127,-10
14,127,-34
-10,92,-46
49,74,-5
23,13,15
19,10,18
24,26,11
17,48,-4
16,63,-5
17,104,-15
3,127,-31
-92,127,-73
-128,122,-78
-128,88,-98
4,92,-54
125,116,72
-50,82,-4
-7,89,-30
-17,71,-25
-3,53,-5
2,63,-6
12,65,-19
6,63,-26
6,67,-14
0,68,-16
0,71,-19
-1,87,-8
-2,88,-1
12,95,-10
26,101,-4
48,115,4
25,127,1
41,127,-24
-18,94,-40
39,46,6
29,17,3
23,7,11
22,18,11
17,40,-3
17,52,-4
12,83,-4
-6,127,-31
-59,127,-60
-128,127,-93
-128,99,-103
-128,88,-72
-128,127,-38
-25,109,-8
-16,88,-38
-9,73,-24
0,56,-10
1,61,-3
14,66,-18
6,65,-25
12,62,-17
5,65,-14
-1,76,-16
-2,83,-11
7,87,-1
10,93,-4
19,99,-1
36,102,-7
38,127,0
23,127,-11
9,127,-67
40,62,-8
38,36,5
16,8,7
20,12,7
19,33,-2
16,57,-3
16,74,0
7,127,-14
-34,127,-41
-128,127,-77
-128,81,-112
-128,90,-75
127,105,65
-35,93,-3
-4,59,-50
-9,78,-28
0,76,-23
-1,56,-3
4,66,-10
3,63,-23
-3,67,-25
9,66,-13
-1,72,-18
0,74,-18
-2,85,-6
-1,88,4
8,97,-8
36,108,-10
68,127,3
11,127,-14
28,127,-51
-31,73,-42
44,62,-11
22,2,4
20,8,11
25,18,11
17,43,1
14,54,-3
20,88,-10
22,127,-19
-94,127,-53
-128,127,-86
-128,89,-101
-26,84,-82
127,122,80
-36,71,-4
-19,88,-21
-6,80,-25
2,65,-14
18,56,-10
16,60,-19
7,62,-23
10,62,-13
8,69,-15
0,73,-17
2,80,-14
5,90,-8
13,93,-9
23,100,-3
42,117,4
22,127,0
34,127,-28
4,100,-30
51,47,-1
38,24,10
14,11,9
18,15,9
15,38,4
12,63,3
14,78,1
6,127,-27
-40,127,-56
-128,127,-96
-128,103,-99
-128,93,-76
-128,115,5
-9,127,-25
-13,85,-42
-3,77,-23
3,66,-17
6,64,-7
13,66,-11
8,63,-23
7,64,-16
7,66,-13
3,70,-15
-4,78,-22
0,90,4
5,92,4
13,101,-1
53,127,4
56,127,9
34,127,-38
19,127,-49
26,68,-13
39,37,3
14,9,7
16,11,9
18,31,9
17,50,-1
16,62,-2
17,111,-11
5,127,-32
-128,127,-79
-128,93,-105
-128,88,-83
114,127,51
-109,127,-53
7,52,-51
-9,63,-18
5,75,-17
2,62,-8
9,65,-22
7,66,-21
8,67,-17
2,65,-16
4,70,-16
0,78,-15
2,87,-7
2,85,-2
16,98,-5
43,121,7
53,127,22
42,127,-27
30,127,-58
6,78,-28
50,44,-1
15,8,4
17,13,5
21,24,3
18,45,-5
18,58,-7
19,105,-17
-39,127,-62
-111,127,-77
-128,108,-109
-128,84,-92
127,107,41
-128,127,-33
-3,49,-32
-10,84,-21
-6,74,-23
7,53,-5
14,61,-8
3,65,-23
2,66,-13
5,66,-11
-5,71,-16
-2,73,-19
-4,89,-8
7,92,2
12,96,-7
30,106,-14
61,127,1
0,127,-7
23,127,-45
-23,81,-35
38,35,3
21,13,-2
12,9,8
18,16,12
14,37,8
11,57,4
15,74,2
-5,127,-26
-62,127,-54
-128,127,-117
-128,96,-85
42,101,-52
-84,127,-37
-40,74,-16
-6,79,-10
-7,68,-21
13,55,-5
16,63,-17
8,63,-24
4,69,-13
7,66,-12
-1,70,-18
-3,81,-9
-3,83,-7
2,85,-5
10,90,-11
25,99,-4
45,115,2
21,127,-6
15,127,-67
-14,93,-38
44,44,5
16,7,11
20,7,11
21,31,2
18,43,-3
11,71,1
7,91,0
-21,127,-24
-83,127,-53
-128,127,-106
-128,85,-82
-119,93,-67
-128,127,-18
-21,103,-26
-18,92,-29
5,63,-25
4,67,-19
13,62,-7
14,63,-13
4,66,-25
12,64,-11
8,68,-11
-7,77,-22
0,90,-13
1,93,1
7,94,4
18,101,-1
61,127,7
59,127,6
42,127,-47
25,127,-45
33,69,-5
27,11,6
16,8,9
16,21,16
18,31,10
13,51,1
14,63,-1
10,118,-26
-84,127,-68
-128,127,-89
-128,82,-113
-128,89,-79
-44,102,55
-32,56,-13
5,46,-70
-11,75,-26
3,71,-14
10,62,-9
15,62,-15
3,63,-24
9,64,-15
8,65,-17
1,74,-17
-4,81,-15
0,91,6
13,97,-10
15,103,-2
63,127,5
47,127,7
20,127,-33
-26,72,-46
39,57,-6
19,10,11
17,11,15
20,26,18
17,34,11
14,55,2
10,91,-9
2,127,-22
-106,127,-64
-128,127,-87
-128,83,-118
127,121,-32
-99,100,37
-38,53,-19
-10,70,-50
-3,68,-19
5,62,-11
21,58,-7
12,60,-18
6,64,-25
13,62,-12
11,64,-10
-1,74,-18
-2,83,-19
0,95,-5
9,98,6
11,104,3
56,127,-2
19,127,-5
23,127,-41
-12,75,-38
31,61,-12
22,12,3
15,9,3
16,15,0
16,36,-6
19,48,-7
18,80,-8
1,127,-24
-61,127,-44
-128,127,-98
-128,95,-101
-128,96,-58
127,107,-16
-12,127,-25
-31,56,-47
-5,60,-18
-1,70,-17
1,57,-7
18,65,-14
9,63,-22
8,64,-18
6,67,-12
0,70,-13
-2,79,-14
-1,86,-10
5,88,-4
11,98,-2
29,102,-12
51,127,5
47,127,-41
25,127,-55
-24,89,-31
48,39,6
12,9,7
10,11,11
19,30,10
17,41,7
12,65,2
13,107,-6
-3,127,-30
-108,127,-89
-128,127,-127
-128,88,-91
-128,100,-58
-128,99,39
-43,60,-26
-21,77,-56
5,70,-27
10,67,-14
16,59,-6
4,64,-24
6,65,-21
11,65,-13
7,66,-14
-2,74,-20
1,88,-7
1,88,2
8,94,-7
14,102,-4
58,127,11
54,126,13
36,127,-52
-35,75,-42
38,59,-14
25,11,6
7,8,9
21,18,15
20,43,9
19,55,7
14,83,-1
18,123,-12
-58,127,-61
-125,127,-75
-128,95,-116
-128,102,-41
127,98,31
-9,124,-11
-13,53,-47
-11,78,-27
-1,68,-16
4,57,-8
18,63,-15
11,61,-23
12,62,-16
7,66,-13
3,71,-15
-2,75,-18
3,82,-15
5,89,1
10,91,-6
21,99,-10
66,127,8
34,117,-6
29,127,-55
22,113,-33
46,56,-6
18,9,7
13,6,10
18,23,7
17,33,5
14,54,0
17,69,-2
10,127,-25
-64,127,-72
-128,127,-92
-128,87,-101
12,89,-53
123,106,48
-32,77,-12
-19,52,-76
-7,68,-23
1,69,-18
13,60,-5
16,63,-14
3,64,-20
7,67,-12
6,64,-15
4,68,-20
0,76,-16
-4,86,-4
5,87,-7
6,94,-9
29,106,-19
55,127,11
15,127,-9
13,125,-46
-17,75,-34
36,32,6
14,11,16
14,15,19
18,34,11
16,43,4
15,69,3
15,90,-3
-24,127,-39
-74,127,-60
-128,124,-126
-128,91,-69
41,91,-68
-95,127,-37
-36,94,0
1,89,-12
1,68,-25
3,57,-10
10,64,-8
12,64,-15
3,65,-20
9,63,-14
9,65,-13
0,73,-17
-1,76,-19
-3,91,-4
3,91,2
9,97,3
45,127,-4
64,127,5
21,127,-31
25,127,-51
-12,62,-33
45,42,-2
15,6,11
17,15,12
22,27,9
16,48,2
15,59,-1
8,100,-27
-44,127,-55
-114,127,-73
-128,106,-96
-128,81,-90
127,110,7
-128,115,8
-28,47,-33
-8,65,-20
-5,66,-18
2,55,-5
13,63,-9
4,66,-25
10,65,-14
12,64,-14
-1,69,-14
-1,70,-15
-3,79,-11
0,82,0
6,86,-6
12,93,-7
28,109,-8
51,123,1
7,127,-17
17,127,-44
35,57,-6
39,26,3
15,4,11
15,8,13
21,27,5
17,50,-1
15,65,-2
1,123,-25
-7,127,-35
-114,127,-74
-128,127,-113
-128,72,-71
127,79,34
-128,97,-1
-15,56,-25
3,75,-14
11,49,-19
9,63,-3
11,66,-9
4,63,-19
6,65,-15
10,60,-15
5,61,-16
3,65,-13
0,63,-13
0,63,-13
-2,71,-15
-4,75,-11
-6,81,-16
1,109,-17
16,121,-12
-9,108,-21
-6,94,-33
8,41,-21
21,3,8
22,-7,10
6,0,13
5,21,1
-8,35,-3
-32,47,-7
-74,90,-30
-85,105,-49
-82,103,-44
-128,102,-54
-28,94,-32
8,56,0
-3,65,-7
2,60,-9
7,64,-12
7,62,-12
5,64,-9
5,65,-8
3,63,-10
5,62,-11
7,63,-10
4,63,-9
4,63,-10
9,64,-11
7,63,-9
7,62,-8
9,63,-9
9,63,-11
6,62,-10
10,63,-9
8,64,-9
6,62,-10
7,62,-10
7,63,-11
7,63,-11
6,63,-10
11,62,-11
11,62,-10
8,63,-10
9,63,-11
8,62,-12
8,62,-11
8,62,-11
8,63,-11
6,63,-11
8,64,-9
8,61,-10
8,63,-13
9,62,-12
8,63,-14
9,61,-16
9,61,-17
6,64,-18
3,63,-14
7,63,-18
-4,65,-12
-10,67,-11
-3,62,-14
18,60,-24
18,59,-26
13,61,-21
10,62,-20
7,62,-15
11,60,-15
18,57,-19
20,57,-21
18,58,-22
15,61,-19
21,58,-15
27,56,-16
23,57,-20
19,59,-20
25,56,-12
27,56,-15
22,59,-15
13,62,-12
12,61,-15
17,62,-13
10,61,-16
16,60,-12
18,61,-9
19,58,-11
6,64,-16
-6,69,-16
9,65,-7
12,61,-4
7,68,-6
6,62,-9
8,60,-7
10,63,-4
9,61,-4
6,60,-2
5,61,-2
10,61,-3
12,62,-6
11,62,-7
14,64,-5
12,64,-5
15,63,-1
13,62,-2
15,62,-4
13,64,-6
12,61,-3
13,62,-1
13,63,-2
16,62,-2
16,62,-3
16,63,-3
13,62,-4
14,62,-4
14,61,-5
13,63,-4
13,63,-4
15,62,-4
15,62,-4
17,61,-4
17,63,-4
15,61,-3
15,62,-4
15,62,-5
15,62,-4
15,61,-4
15,62,-5
14,62,-6
13,62,-5
14,63,-5
14,63,-6
12,62,-6
12,62,-6
11,63,-7
11,62,-8
11,62,-8
10,63,-8
11,63,-9
8,63,-9
7,63,-10
7,63,-10
7,63,-9
7,63,-10
8,63,-9
8,63,-9
6,63,-9
7,63,-10
6,63,-11
5,62,-11
5,62,-11
5,64,-11
5,63,-11
6,63,-10
7,63,-10
7,63,-10
7,63,-10
7,63,-10
6,63,-10
7,63,-10
7,63,-10
6,63,-10
7,63,-11
6,63,-11
7,63,-11
7,63,-10
8,63,-10
7,63,-10
7,63,-11
7,63,-10
7,63,-10
7,63,-10
7,63,-10
6,63,-11
7,63,-10
6,63,-11
7,63,-10
7,63,-10
7,63,-10
7,63,-11
7,63,-11
6,63,-11
6,63,-11
6,63,-11
6,63,-11
6,63,-11
6,63,-11
6,63,-11
6,63,-11
5,63,-11
6,63,-11
6,63,-11
5,63,-12
6,63,-12
6,63,-11
5,63,-11
5,63,-12
4,62,-12
6,63,-12
5,63,-12
5,63,-13
5,63,-12
6,63,-12
5,62,-12
5,63,-12
5,63,-13
6,62,-13
7,63,-14
4,63,-14
-2,63,-16
6,62,-15
7,61,-14
6,62,-16
4,60,-18
-2,62,-18
-3,64,-18
0,61,-18
1,60,-15
-2,60,-19
-9,61,-19
-16,64,-20
-17,64,-24
-23,65,-26
-23,69,-26
-16,91,-29
-10,107,-28
1,101,-13
23,80,1
13,63,7
16,65,17
14,71,-2
18,114,-29
-8,127,-37
15,116,-23
11,62,-17
8,41,-2
5,16,16
6,32,14
7,61,7
-26,66,-24
-55,77,-42
-128,98,-63
-128,99,-72
-128,62,-63
-76,34,-128
-72,127,71
-28,19,-42
-38,64,-8
-30,75,-23
-22,84,-40
-1,127,-19
48,113,14
60,81,20
3,68,5
29,74,8
-6,87,-28
32,104,-25
38,115,-22
48,91,-18
27,46,-10
7,13,-3
14,23,-8
23,48,-3
-3,90,-13
-36,105,-23
-112,127,-56
-128,127,-58
-128,68,-64
-127,16,-72
-128,127,-128
-48,-66,-25
-47,33,-15
-26,83,-33
-15,104,-42
-5,127,-27
44,127,16
62,88,8
-9,72,9
7,71,3
36,66,3
22,98,-25
31,97,-34
55,127,-23
36,48,-2
7,26,2
11,13,-6
25,32,-8
12,84,-15
-24,100,-31
-92,115,-56
-128,127,-64
-128,92,-69
-128,34,-50
-92,28,-59
-88,127,-64
-47,30,-6
-32,91,-36
-24,87,-43
-23,107,-35
12,127,-2
54,122,13
18,73,21
20,69,8
37,58,18
22,103,-15
40,103,-14
42,127,-14
51,127,-28
15,47,-3
5,3,-2
11,14,-7
26,59,-5
14,83,-13
-60,106,-38
-128,127,-57
-128,127,-67
-128,58,-70
-128,28,-60
-93,127,-103
-128,-65,-8
-44,37,-17
-30,96,-21
-26,92,-44
-1,127,-18
18,127,-1
64,80,18
5,70,5
27,54,9
-4,91,-15
33,97,-15
40,105,-23
40,121,-23
31,75,-12
-4,14,0
-2,1,-2
15,45,-10
18,71,-7
-24,100,-17
-83,122,-59
-128,125,-70
-128,86,-76
-128,59,-70
-128,66,-128
-21,13,-41
-57,4,-38
-26,91,-36
-33,83,-30
-20,123,-35
2,127,-18
51,98,10
5,74,17
1,68,-1
36,56,14
6,90,-19
39,98,-21
34,127,-19
47,119,-26
15,36,0
1,8,3
19,10,-4
28,66,-2
17,92,-13
-42,127,-39
-69,127,-61
-128,127,-84
-128,84,-85
-128,19,-61
-100,127,-30
-23,33,-29
-31,48,-13
-17,96,-34
-18,97,-47
9,127,-20
27,127,5
57,73,24
4,71,16
30,73,11
41,66,3
39,120,-19
32,127,-19
50,127,-28
27,32,-1
12,-6,-2
16,10,-7
27,59,-11
12,85,-21
-47,118,-39
-88,127,-51
-128,127,-65
-128,52,-63
-128,33,-47
-63,127,-117
-70,127,-33
-48,36,-6
-22,85,-28
-28,86,-38
-2,127,-21
11,127,-8
49,78,17
17,72,23
20,71,5
7,74,-16
8,113,-23
34,127,-10
52,118,-21
26,63,0
18,33,6
2,0,0
13,38,-7
24,66,-3
-28,102,-19
-58,107,-36
-124,127,-70
-128,94,-89
-128,52,-88
-50,60,-128
-128,127,-12
-34,2,-35
-36,37,-7
-36,91,-16
-21,99,-30
-18,127,-28
40,124,7
23,74,21
-6,69,15
51,77,34
30,82,-2
18,118,-25
30,114,-34
56,109,-26
23,21,-5
13,-2,-3
12,16,-8
18,33,-9
3,73,-7
-26,86,-16
-91,117,-55
-128,126,-88
-128,87,-103
-128,28,-69
-128,127,-119
-74,-12,-25
-33,63,-14
-24,92,-38
-23,86,-41
-20,114,-32
19,127,-1
46,104,8
2,73,16
24,75,9
49,56,22
7,111,-12
19,94,-19
39,127,-24
31,76,-13
22,39,-1
2,5,1
11,16,0
19,57,9
-31,96,-5
-61,100,-31
-128,127,-87
-128,127,-104
-128,43,-107
-113,26,-117
-25,109,-32
-40,47,-11
-26,84,-28
-28,86,-34
-18,96,-38
4,127,-11
54,91,10
32,74,19
-8,68,-8
21,69,22
2,101,-22
17,117,-20
32,127,-18
41,83,-14
30,47,-2
0,-2,-3
16,26,-7
24,50,-4
4,89,-8
-24,109,-17
-105,127,-53
-128,127,-75
-128,70,-98
-128,49,-128
-128,127,-79
-30,7,-33
-45,48,-5
-31,86,-16
-21,85,-42
-11,127,-19
44,113,13
56,87,12
-8,70,1
17,72,-4
13,74,-15
20,109,-18
27,116,-18
59,122,-25
25,27,3
10,6,4
4,2,-2
22,34,-7
19,84,-8
-2,102,-21
-68,127,-49
-105,127,-65
-128,88,-112
-128,28,-77
-128,57,-128
5,7,-16
-28,7,-41
-27,98,-43
-13,91,-38
-15,113,-32
23,127,-2
52,103,19
1,71,13
4,69,1
26,61,-9
29,127,-20
50,127,-18
52,127,-24
39,83,-13
20,11,2
5,-1,-9
11,15,-9
22,65,-6
15,81,-10
-54,118,-31
-77,127,-58
-128,127,-80
-128,39,-72
-128,11,-56
-94,127,-69
-25,3,-23
-29,56,-21
-30,82,-22
-22,85,-40
-6,127,-14
16,127,4
50,80,-2
15,78,13
29,78,18
3,102,-31
23,121,-26
33,127,-16
32,78,-17
25,43,-4
7,-10,5
9,5,-3
29,45,1
24,74,3
-26,110,-16
-106,127,-67
-128,127,-84
-128,65,-95
-128,42,-56
8,121,-111
-128,127,-44
-62,34,-21
-28,91,-36
-28,91,-18
-23,104,-32
-2,127,-23
41,109,10
13,76,15
4,68,5
39,63,17
8,95,-16
36,113,-31
35,127,-18
52,100,-17
16,26,1
3,1,2
15,16,-11
21,67,-9
6,84,-14
-61,118,-35
-97,127,-59
-128,127,-73
-128,80,-71
-128,20,-56
-65,127,-48
-18,-51,-30
-30,85,-12
-27,78,-35
-21,76,-41
-24,93,-34
11,127,-10
53,92,10
39,79,24
8,80,6
38,77,13
10,121,-27
30,127,-21
40,127,-24
35,47,-4
4,-3,-1
4,-6,-6
12,9,-7
23,60,0
-22,99,-10
-51,113,-23
-126,127,-68
-128,127,-85
-128,49,-74
-35,25,-128
-118,127,-37
-42,-4,-55
-47,46,-13
-34,76,-20
-16,100,-39
-16,127,-21
32,126,8
51,88,6
-1,74,13
-4,77,1
23,75,2
23,112,-22
32,117,-28
52,119,-28
41,64,-15
3,8,-1
13,5,-10
22,24,-9
8,70,-10
-25,86,-23
-90,107,-56
-128,125,-73
-128,101,-86
-127,41,-65
-105,25,-47
-24,127,-33
-64,-25,-35
-33,90,-19
-32,76,-31
-19,87,-38
-12,127,-12
18,127,0
30,77,9
1,64,11
6,72,12
-6,92,-28
23,109,-19
37,115,-14
38,127,-18
28,54,-6
0,4,-3
5,2,-7
11,39,-10
19,59,-8
-9,108,-20
-71,127,-59
-127,127,-69
-128,84,-97
-128,48,-83
-45,45,-103
-47,127,26
-71,10,5
-27,74,-26
-21,84,-30
-23,78,-37
-22,94,-30
5,127,-7
40,85,11
29,70,17
-4,69,13
22,70,5
1,97,-25
25,91,-22
32,127,-24
30,54,-20
15,29,-12
9,2,-16
13,34,-13
12,58,-12
11,100,-14
-14,127,-21
-78,127,-35
-128,127,-23
-128,68,-48
-128,38,-25
-7,127,-59
-41,3,-5
-55,40,-50
-21,81,-16
-21,73,-26
-21,64,-23
-10,71,-36
-7,65,-30
-5,70,-32
-3,59,-32
3,44,-40
7,38,-54
4,42,-57
13,90,-56
-5,79,-43
10,70,-31
6,67,-24
-13,33,-24
-14,60,29
-10,61,38
1,65,45
2,67,43
-6,68,22
-6,87,6
-9,99,1
-22,82,-8
-26,67,5
-69,56,29
40,28,-3
66,98,-97
-15,59,3
-22,45,-29
-18,69,-26
-16,64,-29
-24,65,-27
-29,55,-34
-21,60,-44
-8,127,-42
-2,127,-36
24,91,12
-14,64,24
-4,55,24
-7,63,-3
16,57,-22
-9,92,-26
4,119,-24
15,91,-27
2,43,-12
4,24,-5
-1,8,-5
0,19,-5
5,47,-6
-14,72,-8
-44,84,-21
-104,120,-64
-128,120,-75
-128,63,-86
-128,25,-106
-29,127,-24
-19,32,-34
-34,54,-7
-32,75,-21
-25,83,-35
-18,127,-22
19,127,9
42,99,19
4,68,18
5,61,-3
16,64,3
7,124,-18
30,122,-21
47,125,-30
29,84,-18
17,21,3
11,5,5
11,27,-2
17,62,2
6,84,-2
-68,118,-37
-112,127,-59
-128,112,-93
-128,30,-75
-128,30,-51
-128,127,-75
-31,-21,-12
-33,74,-15
-21,92,-38
-21,80,-38
-22,127,-17
8,127,-4
55,88,5
-10,69,16
8,74,7
27,66,-10
-2,103,-17
18,106,-31
28,127,-21
35,67,-13
9,8,3
7,-4,-1
21,26,-6
23,53,-4
-1,99,-14
-40,122,-20
-117,127,-57
-128,101,-93
-128,58,-82
-128,34,-36
107,122,-62
-11,23,12
-34,63,-18
-14,92,-35
-20,80,-38
-16,127,-25
9,127,-9
37,117,9
26,74,14
6,72,9
36,64,23
4,108,-22
24,101,-29
29,127,-12
40,79,-17
27,41,0
0,-5,-1
8,4,-9
20,48,-9
-4,93,-10
-38,116,-18
-119,127,-62
-128,127,-75
-128,56,-82
-128,38,-74
-29,127,-36
-67,-25,-21
-39,47,-9
-24,83,-27
-30,79,-36
-20,124,-34
24,127,13
49,98,23
4,72,15
4,68,-11
35,60,20
-6,94,-18
29,109,-27
42,127,-31
40,98,-25
29,19,2
9,-9,0
10,14,-9
24,66,-4
7,89,-8
-52,118,-26
-93,127,-49
-128,127,-83
-128,40,-89
-128,20,-64
-124,127,-77
-21,-27,-18
-33,74,-19
-20,82,-36
-20,86,-37
-4,127,-22
16,127,3
46,73,18
7,73,15
1,73,5
8,85,-16
18,122,-11
32,125,-27
34,127,-28
46,65,-16
38,25,-4
6,-5,-9
21,33,-11
25,62,-8
3,111,-14
-42,127,-24
-128,127,-61
-128,89,-94
-128,64,-77
-67,39,-121
-128,127,-25
-82,22,-15
-36,49,-8
-36,85,-12
-25,102,-29
-15,127,-21
31,123,5
32,76,12
-2,74,12
36,70,21
49,66,6
17,106,-26
12,102,-29
55,127,-28
25,39,5
17,9,5
3,3,-7
10,24,-6
25,80,4
1,104,-4
-71,127,-32
-128,127,-87
-128,95,-109
-128,34,-70
-107,22,-63
-34,127,-74
-44,53,-14
-21,79,-24
-29,77,-34
-19,122,-36
5,127,-22
24,127,1
43,76,12
2,66,0
23,71,10
6,93,-19
20,121,-18
33,127,-13
45,82,-20
26,42,-8
0,-7,-1
10,4,-5
20,45,-4
9,99,-2
-20,125,-6
-111,127,-49
-128,127,-62
-128,56,-85
-128,26,-57
-18,46,-128
20,17,-32
-60,17,-15
-20,87,-28
-32,80,-32
-14,103,-38
17,127,-5
38,114,19
17,71,24
-9,68,1
38,53,24
19,74,-21
17,117,-24
35,127,-30
60,127,-23
32,29,3
1,-3,4
9,10,-1
24,59,-6
19,84,-6
-51,121,-22
-90,127,-44
-128,127,-87
-128,66,-91
-128,22,-67
-108,127,4
-22,39,-13
-49,61,-3
-14,77,-40
-21,87,-42
-9,127,-22
15,127,-2
64,86,18
19,76,16
20,67,-1
14,83,-24
7,116,-21
32,125,-19
53,127,-16
30,60,2
19,31,7
8,0,-8
21,38,-15
22,65,-12
-6,106,-22
-47,127,-32
-128,127,-73
-128,92,-85
-128,53,-70
8,40,-128
-128,127,20
-33,-8,-26
-34,53,-16
-35,89,-21
-24,96,-36
-19,127,-24
42,126,7
25,78,19
-6,69,2
52,60,26
32,75,-14
15,118,-20
38,127,-23
61,111,-18
22,34,-5
7,-2,0
8,10,-12
14,33,-12
8,82,-2
-14,101,-13
-77,127,-58
-128,127,-93
-128,90,-104
-128,24,-76
-128,116,-128
-29,-29,-36
-35,66,-18
-23,83,-39
-17,82,-41
-9,127,-17
13,127,-3
37,112,10
19,74,14
7,77,4
48,66,22
14,124,-14
27,116,-30
39,127,-20
39,52,2
23,22,7
1,-8,-2
13,10,-5
28,68,0
-8,116,-15
-58,127,-28
-128,127,-74
-128,127,-94
-128,54,-88
-128,15,-71
-77,127,-47
-65,27,-26
-41,66,-11
-34,87,-21
-21,80,-45
-19,127,-21
33,127,9
55,91,8
-18,69,7
-10,71,-2
42,67,2
7,111,-16
27,109,-27
58,127,-21
46,73,-5
6,8,2
-1,-3,1
12,32,-8
13,79,-9
-17,101,-12
-75,127,-48
-120,127,-70
-128,89,-108
-128,26,-71
-55,32,-97
-13,127,-68
-69,-13,-13
-19,81,-30
-34,88,-18
-20,97,-30
9,127,-18
27,127,-1
48,75,12
-8,70,14
25,68,7
-3,101,-24
19,120,-21
30,127,-17
62,127,-23
24,45,-1
9,13,4
16,4,-6
24,54,-5
22,81,-5
-22,120,-15
-108,127,-53
-128,127,-76
-128,73,-97
-128,38,-69
-17,127,-121
-128,127,-54
-57,43,-17
-25,68,-25
-35,83,-18
-24,98,-33
-18,127,-17
32,122,5
29,74,20
-16,71,13
44,62,17
20,72,-16
20,101,-25
33,103,-25
48,126,-17
30,38,7
8,11,2
4,9,-11
9,26,-12
16,70,-8
-16,92,-19
-77,127,-47
-128,127,-87
-128,98,-90
-128,45,-50
-84,44,-128
44,99,-16
-37,48,-3
-19,78,-35
-22,80,-42
-26,107,-32
-6,127,-15
12,127,-1
56,90,26
-2,60,6
24,70,6
9,91,-29
0,127,-37
27,127,-28
46,78,-9
37,30,9
11,-7,3
9,-1,0
23,37,-2
-3,86,-15
-44,104,-26
-112,127,-58
-128,127,-77
-128,76,-83
-128,44,-54
-118,127,-16
-47,-16,-51
-41,45,0
-23,75,-26
-31,83,-29
-29,98,-32
10,127,-6
32,117,7
23,70,22
-15,64,8
38,67,10
20,73,-20
16,102,-24
29,127,-12
49,109,-23
25,30,-3
12,4,-2
7,14,-10
24,53,-2
20,77,-2
-35,114,-13
-67,125,-31
-128,127,-72
-128,68,-96
-128,34,-82
-97,127,-52
-6,127,-47
-34,54,-5
-21,76,-33
-27,80,-35
-27,100,-29
-10,127,-18
24,109,3
49,89,11
-25,65,12
29,76,17
37,80,-7
18,108,-12
22,120,-25
45,96,-31
35,53,-16
9,0,-6
17,12,-10
17,31,-12
20,78,-8
-2,99,-16
-77,127,-44
-128,126,-81
-128,88,-88
-128,29,-56
-38,20,-118
-24,106,-60
-52,2,-12
-26,81,-21
-32,71,-32
-28,78,-25
-16,127,-14
21,112,-1
35,87,8
-5,67,24
0,69,19
44,79,-8
3,108,-33
7,119,-36
48,93,-23
39,46,-1
3,-5,2
0,-1,0
18,34,-2
16,60,-1
-35,97,-14
-110,120,-40
-128,127,-54
-128,81,-84
-99,19,-74
-52,127,-69
-64,18,-40
-38,39,-14
-19,78,-23
-23,82,-30
-28,90,-29
-15,127,-21
17,117,3
31,65,10
-7,55,9
15,66,16
29,68,5
0,90,-21
28,127,-23
37,104,-27
11,44,-6
7,21,-3
12,20,-7
7,53,-8
10,69,-5
-19,112,-14
-41,123,-29
-95,127,-43
-115,112,-53
-128,35,-54
-21,71,-128
-125,127,-21
-62,14,-3
-35,66,-9
-15,67,-18
-18,63,-16
-15,63,-19
-5,71,-16
-5,72,-16
1,72,-16
1,62,-18
0,54,-7
-19,38,-11
-28,30,-17
-29,30,-30
-10,48,-42
-15,91,-26
-26,77,-18
-26,66,-16
-31,51,-14
-33,52,-10
-36,53,-6
-27,52,-7
-27,50,-10
-22,56,-20
-22,59,-22
-20,62,-10
-20,63,-9
-20,64,-7
-18,61,-14
-20,58,-20
-20,57,-20
-22,57,-18
-22,58,-9
-22,60,-7
-21,61,-7
-22,59,-11
-22,60,-10
-22,59,-10
-21,59,-12
-22,61,-6
-20,60,-3
-21,60,-3
-23,59,-2
-24,58,-2
-22,59,-10
-21,62,-10
-19,63,-9
-19,63,-8
-20,61,-8
-19,61,-10
-20,59,-9
-20,58,-9
-19,60,-8
-19,61,-7
-17,63,-6
-20,62,-5
-20,61,-4
-20,59,-6
-19,57,-8
-19,57,-10
-18,57,-10
-16,58,-13
-12,61,-6
-12,61,-3
-9,62,-1
-7,63,3
-6,64,9
-7,64,10
0,68,15
-2,68,16
-2,66,5
-1,67,3
2,66,1
5,64,2
5,66,0
4,66,-1
-1,64,1
2,63,0
4,64,0
1,65,-1
2,64,0
4,65,-2
2,65,-3
2,64,-2
4,64,-2
2,65,-2
3,63,-3
5,64,-4
3,64,-4
3,63,-4
4,65,-4
5,64,-4
5,64,-4
4,64,-5
5,64,-5
5,63,-5
5,63,-5
5,63,-6
6,63,-6
6,63,-6
5,64,-6
7,63,-7
7,63,-7
6,63,-7
7,63,-7
7,63,-8
7,63,-7
7,63,-8
8,63,-8
8,63,-8
8,63,-8
9,63,-8
9,63,-8
7,63,-9
8,63,-9
8,63,-9
7,63,-10
8,63,-10
8,63,-9
9,63,-10
9,63,-10
9,63,-10
9,63,-11
9,63,-10
10,63,-10
9,63,-11
10,63,-11
10,62,-11
10,62,-11
10,62,-12
10,62,-12
10,62,-12
10,62,-12
10,62,-12
10,62,-12
11,62,-13
9,62,-12
9,62,-12
10,62,-12
10,62,-12
10,62,-12
9,62,-13
10,62,-12
9,62,-12
9,62,-12
9,62,-12
9,62,-13
9,62,-12
10,62,-12
9,62,-12
9,62,-12
9,62,-12
9,62,-12
10,62,-13
10,62,-13
10,62,-13
10,62,-13
10,62,-12
10,62,-12
10,62,-13
10,62,-12
11,62,-12
11,62,-12
10,62,-12
10,62,-12
11,62,-12
10,62,-12
10,62,-12
10,62,-12
10,62,-13
10,62,-12
10,62,-12
10,62,-12
10,62,-12
10,62,-12
10,62,-12
10,62,-12
10,62,-12
10,62,-12
10,62,-12
10,63,-13
10,62,-12
10,61,-12
10,62,-12
10,62,-12
10,62,-12
10,62,-13
10,62,-12
10,62,-12
11,62,-12
10,62,-12
10,62,-12
10,62,-13
10,62,-13
10,62,-13
10,62,-12
10,62,-13
10,62,-13
10,62,-13
10,61,-12
10,62,-14
10,61,-12
10,62,-13
10,62,-13
10,62,-13
10,62,-13
10,62,-13
10,62,-13
10,62,-13
10,62,-13
10,62,-13
10,62,-13
10,62,-13
10,62,-13
10,62,-12
10,62,-12
10,62,-13
10,62,-13
10,62,-13
10,61,-13
10,61,-13
10,62,-13
10,62,-13
10,62,-13
10,62,-13
10,61,-13
10,62,-13
10,62,-13
10,62,-13
10,62,-13
10,62,-14
10,62,-13
10,62,-13
11,62,-13
11,62,-14
10,61,-13
11,62,-13
11,61,-14
11,62,-14
11,61,-13
11,62,-14
11,61,-14
10,61,-14
11,61,-13
11,62,-14
11,62,-14
11,62,-14
