1480304999.000000, 1480304999.000000, 1480304999.000000
32.000000, 32.000000, 32.000000
-64,22,10
-64,21,11
-63,23,13
-63,22,12
-61,21,14
-60,19,13
-59,18,13
-59,19,14
-59,19,14
-58,19,14
-58,20,14
-59,21,15
-59,21,15
-59,21,15
-58,22,15
-58,23,15
-58,23,14
-59,23,14
-59,23,14
-61,20,14
-62,18,16
-65,12,20
-68,8,20
-74,9,26
-75,31,19
-87,45,0
-73,84,-31
-33,68,-19
-28,63,-15
-34,40,-4
-30,30,7
-15,23,21
-22,22,29
-41,19,28
-47,25,23
-45,20,21
-53,29,26
-48,32,24
-37,32,64
-43,35,36
-52,40,24
-50,43,20
-47,42,20
-50,44,18
-49,42,19
-42,40,21
-44,40,19
-48,41,19
-50,42,18
-47,41,19
-47,40,19
-46,40,19
-47,41,18
-47,40,18
-47,40,19
-48,41,19
-49,41,19
-47,41,19
-47,41,18
-47,40,19
-46,40,20
-48,41,19
-47,41,20
-46,40,20
-48,41,20
-47,42,19
-45,41,18
-48,42,17
-46,40,19
-50,41,18
-45,44,18
-46,41,19
-44,39,20
-44,40,22
-47,40,20
-49,42,20
-44,41,20
-44,41,19
-46,41,20
-46,41,20
-47,41,20
-47,41,20
-45,41,20
-45,40,20
-46,41,20
-47,41,20
-46,41,20
-46,41,20
-45,41,20
-45,42,20
-46,41,20
-46,42,20
-45,42,20
-46,41,20
-46,41,20
-45,41,20
-45,41,19
-45,41,20
-45,41,21
-45,42,20
-46,42,21
-46,42,20
-47,42,20
-45,42,20
-44,40,21
-44,41,20
-45,41,20
-45,41,21
-47,40,20
-47,41,20
-45,41,21
-45,41,21
-45,41,21
-44,41,21
-44,41,21
-46,40,20
-46,41,19
-45,41,18
-44,41,17
-42,41,17
-44,43,16
-46,43,16
-47,44,16
-49,44,17
-49,45,17
-50,45,18
-50,44,17
-49,44,17
-47,44,15
-45,45,15
-43,44,15
-46,44,15
-43,41,19
-41,40,20
-41,40,21
-40,42,21
-40,43,21
-42,43,21
-42,42,20
-45,39,18
-42,35,16
-45,37,15
-61,39,15
-60,39,11
-50,42,14
-53,43,14
-59,45,13
-47,42,13
-42,41,14
-41,42,12
-42,41,10
-44,40,10
-53,39,11
-57,40,11
-68,42,12
-77,43,13
-75,48,14
-71,53,5
-72,60,-6
-57,57,-12
-43,52,-15
-39,52,-10
-42,48,-5
-44,37,1
-38,34,4
-37,32,5
-36,29,5
-36,29,5
-36,29,5
-39,31,6
-42,35,7
-55,55,2
-61,62,1
-62,66,5
-62,66,6
-63,63,-7
-71,50,-8
-63,36,-13
-46,30,-7
-47,29,-5
-52,37,4
-51,47,9
-47,44,6
-36,32,3
-36,27,2
-35,27,2
-40,35,4
-46,38,6
-57,43,5
-62,45,1
-69,50,0
-68,51,1
-61,60,-19
-45,54,-10
-45,54,-6
-49,47,-3
-45,43,-1
-41,34,5
-37,27,6
-35,23,7
-31,23,5
-29,25,6
-38,35,9
-53,46,7
-59,54,4
-64,64,4
-64,66,4
-67,65,5
-63,62,-3
-60,49,-10
-49,36,-12
-47,33,-9
-51,35,-3
-55,40,0
-52,45,8
-46,41,7
-32,33,3
-29,29,3
-30,29,3
-37,34,4
-43,38,7
-57,44,8
-67,51,8
-71,52,7
-74,53,7
-65,59,-9
-50,57,-11
-30,46,-6
-34,47,-3
-42,45,0
-42,42,3
-40,34,8
-40,30,8
-35,26,8
-36,29,7
-37,30,7
-43,34,9
-46,41,10
-55,54,7
-64,66,5
-64,70,5
-62,69,6
-68,59,-6
-60,40,-7
-49,34,-9
-44,31,-3
-49,38,3
-50,41,9
-46,38,7
-37,33,7
-32,26,7
-30,26,5
-33,28,6
-41,40,9
-51,44,9
-70,51,8
-80,54,8
-79,52,6
-67,55,-6
-55,58,-9
-31,48,-7
-34,50,-6
-46,48,-2
-48,39,4
-43,33,5
-33,27,5
-32,26,3
-33,30,5
-39,36,5
-42,39,6
-45,45,7
-49,50,5
-56,66,2
-62,71,2
-63,64,3
-61,52,-11
-57,46,-11
-48,40,-7
-51,38,-4
-50,40,3
-45,43,8
-45,40,7
-34,30,6
-32,26,6
-32,25,6
-39,33,7
-45,38,9
-59,46,11
-65,49,12
-70,53,10
-68,52,7
-61,48,7
-57,57,-11
-45,52,-4
-37,43,-1
-44,44,-1
-45,43,4
-46,38,6
-43,34,7
-33,29,4
-31,28,3
-33,29,4
-39,36,6
-43,41,7
-50,53,7
-57,59,5
-67,70,6
-72,72,4
-62,65,4
-55,45,-10
-51,39,-6
-48,35,-5
-50,34,-3
-45,36,6
-44,39,9
-44,38,12
-34,29,10
-30,26,9
-31,25,7
-32,28,8
-47,40,12
-67,47,11
-71,49,13
-75,50,9
-64,48,5
-54,50,4
-48,55,-9
-42,54,-4
-39,47,0
-46,47,2
-48,44,6
-45,41,8
-41,36,9
-34,29,6
-30,28,6
-29,27,3
-31,28,4
-39,37,6
-52,57,5
-63,70,5
-73,70,2
-70,67,4
-70,65,-2
-74,55,-11
-55,40,-13
-48,35,-7
-52,33,-4
-50,36,4
-45,38,9
-37,33,11
-33,27,8
-31,25,6
-29,27,6
-35,30,7
-44,35,10
-63,45,13
-71,49,11
-78,53,9
-77,54,7
-74,58,7
-71,64,-5
-40,46,-6
-34,43,-2
-39,42,0
-42,38,5
-40,36,6
-34,31,9
-32,27,8
-31,27,7
-32,31,7
-36,33,7
-45,44,7
-51,51,7
-65,62,6
-70,67,5
-71,68,4
-62,62,4
-66,53,-8
-53,40,-10
-48,32,-4
-51,31,-3
-49,36,5
-44,40,8
-43,35,10
-36,27,8
-32,24,8
-31,23,7
-32,26,8
-40,33,11
-50,38,12
-69,49,12
-88,56,12
-87,54,8
-69,60,9
-70,63,0
-47,49,-6
-29,47,-2
-34,46,1
-43,38,6
-42,33,8
-37,28,7
-31,27,5
-31,27,4
-33,30,5
-35,32,4
-41,41,6
-47,49,7
-60,61,5
-61,68,5
-64,72,8
-77,73,2
-80,62,-7
-56,41,-10
-43,37,-8
-42,33,-2
-51,40,5
-51,41,7
-35,31,8
-32,26,7
-26,19,5
-24,19,3
-24,22,5
-36,33,9
-54,43,16
-61,47,17
-78,59,24
-90,65,23
-86,59,17
-76,62,9
-64,66,-15
-55,55,-22
-39,47,-17
-41,38,-9
-41,36,-5
-45,36,0
-45,37,3
-38,35,3
-31,31,2
-28,29,2
-24,27,3
-27,26,5
-35,31,8
-39,34,10
-46,41,14
-43,43,17
-44,46,19
-48,52,16
-47,55,16
-52,56,18
-81,72,3
-85,57,-8
-63,37,-24
-49,42,-17
-51,40,-11
-58,44,-2
-52,42,3
-39,39,6
-36,39,6
-33,38,7
-35,38,7
-42,41,8
-47,40,6
-53,42,8
-68,42,10
-71,43,13
-73,46,12
-73,64,-2
-71,72,-8
-40,54,-13
-36,54,-11
-45,49,-2
-51,46,1
-45,37,4
-31,29,2
-29,26,1
-27,24,2
-29,26,3
-35,35,6
-44,44,8
-47,52,8
-62,68,5
-69,71,6
-71,66,7
-65,63,-4
-59,48,-12
-50,39,-9
-52,34,-7
-56,32,0
-53,36,5
-44,37,8
-34,32,4
-31,30,2
-30,28,3
-31,28,4
-37,33,9
-52,40,9
-59,43,10
-74,49,9
-82,52,8
-79,55,3
-62,62,-9
-46,54,-10
-34,49,-6
-37,47,-3
-43,42,2
-43,36,5
-37,28,8
-30,27,8
-29,26,9
-33,31,7
-35,33,6
-36,45,7
-47,52,9
-52,56,7
-62,63,2
-64,67,3
-64,67,4
-67,66,-4
-62,56,-9
-46,41,-16
-41,37,-12
-45,32,-7
-50,39,2
-49,42,6
-42,39,6
-36,35,4
-31,27,5
-33,27,4
-39,31,6
-43,36,9
-54,44,8
-65,50,7
-73,54,6
-80,55,2
-70,53,1
-59,58,-10
-36,48,-10
-35,47,-8
-43,44,-3
-43,41,-1
-38,34,7
-36,31,9
-34,26,7
-29,26,6
-32,31,8
-37,34,8
-40,40,8
-51,52,9
-62,65,6
-66,67,4
-67,66,3
-67,68,4
-76,60,-10
-65,50,-10
-40,37,-10
-46,31,-5
-49,30,-2
-47,38,5
-42,39,7
-36,32,8
-33,26,7
-31,25,6
-33,28,7
-36,31,8
-50,40,11
-69,48,10
-76,51,7
-84,53,5
-80,53,5
-66,56,-2
-62,59,-11
-35,47,-5
-36,49,-4
-40,48,0
-42,40,4
-40,35,7
-38,30,7
-32,28,7
-30,27,6
-31,32,5
-34,34,6
-42,42,7
-46,47,7
-57,58,5
-65,64,3
-67,66,3
-68,69,3
-73,66,-4
-64,44,-9
-37,34,-9
-44,32,-6
-48,34,-1
-51,38,2
-46,38,7
-41,29,6
-37,26,5
-34,23,5
-35,24,4
-40,31,7
-53,37,9
-60,41,9
-72,53,6
-77,57,6
-76,56,7
-74,56,-2
-52,55,-5
-30,43,-8
-32,47,-5
-43,47,1
-45,42,2
-43,38,8
-41,35,8
-38,30,6
-31,30,4
-32,33,4
-39,38,6
-44,38,6
-47,38,7
-54,50,6
-61,57,6
-73,61,4
-69,70,4
-73,67,-3
-74,58,-5
-51,32,-11
-43,27,-5
-46,24,-3
-54,34,6
-54,39,9
-41,35,10
-34,27,8
-33,25,8
-34,25,6
-36,27,7
-45,36,10
-61,43,10
-68,46,10
-81,51,7
-78,54,7
-77,58,4
-55,53,-3
-37,43,-4
-33,45,-3
-40,46,-1
-44,38,2
-42,33,4
-40,29,5
-33,28,6
-30,28,6
-33,31,5
-36,34,5
-41,39,7
-47,44,7
-59,56,5
-65,64,1
-67,66,0
-70,70,4
-77,63,-4
-61,45,-8
-39,33,-10
-41,31,-6
-47,32,-2
-49,37,2
-55,43,9
-45,34,9
-38,29,8
-31,23,6
-32,24,6
-35,30,6
-39,34,7
-55,41,10
-72,49,11
-81,49,12
-76,54,9
-73,58,3
-65,61,-6
-38,45,-6
-34,46,-4
-39,43,0
-41,39,3
-39,34,8
-38,32,8
-31,27,6
-30,28,6
-34,31,6
-41,35,8
-43,39,9
-50,48,7
-60,60,6
-64,64,6
-69,66,6
-68,68,3
-72,56,-7
-46,35,-12
-39,34,-8
-44,27,-5
-47,31,-2
-49,40,5
-44,34,6
-40,31,6
-34,26,5
-33,25,4
-36,28,4
-39,32,6
-51,38,8
-65,46,7
-70,52,9
-82,53,7
-75,55,9
-74,60,-1
-68,65,-3
-39,43,-9
-33,46,-5
-36,44,-2
-43,36,1
-44,34,3
-41,31,5
-31,26,5
-29,26,5
-33,30,5
-41,38,7
-44,42,8
-47,47,8
-56,57,6
-64,64,6
-66,64,3
-62,64,8
-66,63,-2
-66,46,-5
-41,34,-9
-42,33,-7
-47,33,-3
-48,37,2
-52,42,8
-43,33,7
-37,30,7
-32,24,5
-32,24,4
-34,29,5
-38,33,8
-56,38,9
-67,43,8
-73,46,7
-75,49,7
-69,53,12
-80,68,-2
-54,53,-5
-36,46,-8
-34,48,-1
-38,42,-2
-48,32,1
-47,33,5
-37,31,6
-31,26,4
-29,26,3
-30,29,3
-33,31,3
-45,39,4
-53,44,8
-57,45,7
-55,51,4
-55,54,5
-63,60,6
-62,65,4
-67,71,0
-77,56,-7
-72,42,-10
-45,29,-15
-40,29,-11
-47,31,-8
-56,39,-3
-53,39,0
-45,34,4
-45,30,4
-42,27,5
-40,27,5
-42,28,5
-47,30,3
-46,31,4
-49,34,2
-53,36,3
-54,37,3
-53,37,3
-53,36,5
-53,37,7
-53,42,11
-57,48,8
-36,42,7
-31,40,7
-36,45,9
-43,46,9
-55,46,9
-57,45,9
-57,39,9
-46,37,9
-43,38,10
-46,42,11
-49,44,12
-50,42,12
-49,40,11
-49,40,11
-50,41,11
-51,41,11
-50,40,11
-49,40,11
-49,40,12
-49,40,12
-49,42,12
-47,41,12
-49,41,12
-50,39,11
-51,38,11
-51,38,11
-53,39,10
-52,40,10
-51,40,9
-53,40,9
-53,39,9
-51,38,8
-53,39,9
-54,38,8
-52,38,7
-53,39,6
-51,39,6
-50,38,6
-48,39,7
-49,40,8
-50,44,8
-55,47,10
-55,45,11
-49,43,10
-50,42,11
-47,41,9
-43,42,9
-44,44,10
-45,44,9
-45,43,10
-51,44,11
-52,44,12
-46,43,12
-44,42,12
-44,41,12
-45,48,13
-56,44,10
-47,41,7
-50,39,8
-55,38,7
-51,40,6
-50,40,5
-51,39,5
-50,38,5
-55,38,4
-55,40,5
-52,41,5
-52,43,5
-50,42,5
-45,41,3
-48,41,4
-50,41,3
-47,45,5
-50,46,6
-45,46,5
-43,46,6
-43,47,7
-43,47,6
-43,47,6
-44,46,7
-46,45,6
-44,43,4
-45,43,4
-45,44,2
-43,47,2
-43,48,3
-47,50,4
-46,49,4
-45,50,4
-48,50,4
-49,50,6
-49,47,5
-48,46,5
-44,46,6
-44,46,4
-42,46,4
-43,47,3
-44,47,4
-43,46,6
-44,45,5
-44,48,6
-53,50,8
-56,45,8
-48,40,6
-44,40,5
-44,41,5
-44,45,6
-46,47,8
-47,46,8
-47,43,8
-46,43,9
-49,43,10
-49,43,10
-46,44,9
-46,44,10
-46,43,10
-48,42,11
-48,42,11
-47,42,11
-48,42,11
-48,43,12
-47,43,12
-47,42,13
-47,42,14
-47,42,14
-44,42,13
-45,41,13
-47,40,13
-47,36,12
-47,37,11
-51,42,12
-49,44,11
-47,46,12
-48,49,14
-52,51,15
-46,46,15
-41,41,14
-37,34,10
-36,31,7
-35,29,7
-37,28,7
-36,30,6
-40,35,7
-43,35,10
-41,33,12
-44,37,14
-48,38,10
-65,58,13
-72,64,3
-61,61,6
-54,61,6
-65,59,13
-60,50,14
-51,47,15
-43,42,11
-41,40,9
-35,33,7
-33,30,7
-34,29,8
-31,26,6
-27,27,6
-29,33,9
-33,34,9
-41,37,13
-51,63,12
-83,67,11
-65,60,10
-65,65,16
-76,71,22
-60,50,19
-44,42,18
-35,39,13
-40,38,13
-36,31,9
-31,28,7
-27,20,9
-32,24,11
-36,26,10
-41,30,12
-44,32,14
-47,57,14
-69,72,12
-68,71,13
-59,64,16
-62,59,20
-61,51,19
-48,48,18
-46,48,17
-40,38,15
-32,32,12
-24,25,11
-24,26,12
-31,28,11
-31,30,12
-31,31,13
-38,43,8
-48,61,18
-87,53,13
-63,50,16
-57,62,18
-79,52,20
-62,47,19
-35,40,16
-35,40,16
-47,32,12
-33,25,9
-29,22,9
-32,23,11
-37,27,15
-40,27,14
-38,28,8
-37,47,11
-88,70,6
-71,71,6
-56,71,20
-70,67,18
-68,60,16
-54,52,17
-52,49,17
-40,38,14
-34,32,12
-23,24,8
-23,21,7
-25,23,6
-33,28,8
-31,28,8
-25,32,12
-42,49,10
-66,74,20
-77,54,8
-60,56,16
-58,60,15
-66,63,16
-60,55,16
-51,48,13
-53,41,14
-42,32,11
-32,26,8
-31,25,10
-30,25,11
-32,25,11
-38,28,12
-40,28,12
-45,40,7
-76,67,12
-71,74,13
-56,70,18
-63,65,18
-64,56,19
-58,51,20
-48,48,17
-39,41,15
-35,37,14
-26,29,8
-21,27,8
-26,30,10
-32,31,11
-30,31,10
-29,32,14
-33,34,13
-43,57,17
-76,67,15
-64,61,9
-74,60,21
-67,58,18
-49,56,19
-50,51,18
-44,39,15
-40,38,12
-42,34,13
-37,27,10
-32,26,10
-34,26,13
-36,26,13
-38,29,14
-43,32,13
-42,43,11
-73,68,16
-72,65,10
-56,72,21
-68,65,18
-62,63,23
-50,54,21
-44,47,20
-36,34,15
-28,28,11
-27,26,9
-23,27,8
-25,29,10
-30,31,11
-31,34,12
-31,33,14
-38,37,8
-40,54,16
-83,53,9
-64,60,6
-78,68,23
-63,56,16
-52,57,19
-49,49,18
-45,47,16
-35,37,14
-32,35,13
-33,28,12
-30,28,13
-30,28,12
-34,29,15
-35,29,14
-38,33,14
-51,61,20
-68,68,15
-61,69,15
-61,69,18
-72,63,23
-51,53,23
-42,50,21
-41,42,18
-37,38,16
-28,30,13
-24,28,10
-26,29,12
-34,31,13
-34,33,13
-30,34,16
-31,35,17
-36,44,9
-84,68,22
-76,49,13
-71,68,20
-75,53,19
-58,54,19
-48,54,22
-43,48,20
-39,38,17
-34,32,15
-33,27,12
-33,26,12
-31,26,12
-29,28,13
-33,28,14
-40,27,15
-38,33,11
-68,63,19
-75,62,11
-47,60,12
-63,75,27
-84,71,19
-45,52,19
-33,49,18
-46,46,17
-45,39,16
-38,35,16
-28,28,11
-26,25,9
-22,26,9
-33,31,11
-37,34,13
-41,40,10
-40,51,11
-79,54,15
-63,52,10
-64,64,20
-69,61,18
-57,55,17
-47,43,17
-49,39,15
-45,35,14
-36,29,11
-32,26,10
-33,25,13
-34,25,13
-34,29,13
-38,30,14
-43,31,15
-46,58,16
-68,70,18
-57,60,14
-48,62,14
-68,65,20
-64,59,20
-50,55,18
-46,45,18
-43,40,17
-33,29,14
-24,23,9
-21,23,8
-26,26,8
-28,31,9
-40,40,15
-41,41,15
-35,45,6
-77,61,19
-76,44,11
-65,65,16
-76,73,22
-71,53,20
-37,42,18
-30,41,18
-39,36,14
-37,33,13
-36,30,11
-37,28,12
-33,26,12
-33,31,15
-36,30,16
-32,27,13
-38,59,22
-70,70,17
-62,64,13
-47,70,14
-85,70,24
-75,62,22
-32,44,21
-39,42,20
-49,39,17
-36,32,15
-29,32,15
-31,32,15
-31,32,15
-30,33,14
-36,40,18
-37,44,18
-43,42,18
-38,53,11
-96,60,12
-60,51,17
-59,60,19
-68,71,17
-52,55,21
-43,50,21
-37,45,19
-33,37,16
-33,30,15
-31,28,13
-36,28,14
-42,33,14
-57,41,18
-56,41,20
-48,55,18
-64,62,8
-46,63,9
-30,62,6
-42,49,9
-57,44,12
-50,34,13
-44,33,13
-35,36,11
-38,39,11
-42,40,12
-40,41,11
-41,42,13
-43,44,11
-43,45,13
-45,45,13
-47,53,8
-56,58,10
-62,34,-2
-42,44,2
-49,50,5
-59,52,6
-49,46,8
-36,39,7
-33,36,6
-35,34,4
-33,33,5
-31,28,8
-27,25,8
-30,25,8
-37,28,8
-41,31,13
-52,33,11
-50,37,5
-66,62,13
-66,65,9
-61,72,14
-71,62,16
-55,58,15
-45,50,17
-52,48,15
-53,46,14
-44,37,13
-37,32,11
-25,25,10
-26,25,10
-29,27,11
-28,31,11
-28,34,13
-36,37,11
-38,48,6
-91,58,14
-56,56,11
-59,60,14
-90,61,20
-56,52,20
-43,47,20
-38,45,16
-39,42,16
-35,30,12
-32,27,13
-33,25,13
-35,28,13
-36,32,14
-36,34,15
-39,35,17
-46,55,15
-69,63,17
-57,55,15
-54,70,22
-75,60,20
-55,53,18
-46,50,19
-48,48,18
-44,39,18
-37,34,15
-29,26,11
-27,25,11
-36,28,14
-36,30,12
-30,33,15
-32,34,15
-37,35,15
-46,60,23
-79,58,19
-62,55,12
-72,66,21
-87,61,21
-53,51,20
-40,45,19
-45,43,18
-46,39,17
-34,31,15
-30,25,11
-28,25,10
-34,27,14
-33,27,10
-35,27,15
-45,33,13
-48,47,13
-76,67,17
-66,56,12
-55,74,23
-75,61,17
-64,60,18
-49,52,20
-47,47,18
-45,39,15
-40,35,13
-27,28,10
-25,28,9
-29,29,10
-31,29,9
-29,31,10
-34,33,12
-38,44,5
-50,56,15
-73,51,3
-64,66,7
-80,64,20
-75,60,16
-50,54,18
-49,46,16
-49,42,15
-36,33,13
-32,29,11
-32,25,12
-35,25,12
-31,26,12
-37,30,14
-40,31,13
-40,34,13
-41,51,12
-73,70,14
-59,62,13
-55,68,15
-73,62,18
-62,57,16
-40,45,17
-46,41,16
-47,37,14
-31,30,11
-25,29,9
-26,29,11
-31,30,11
-32,32,12
-32,31,13
-34,29,13
-32,46,15
-58,56,20
-77,66,10
-79,69,19
-82,67,19
-63,60,20
-54,54,19
-42,45,17
-35,35,15
-35,30,13
-31,22,11
-31,22,12
-33,23,10
-33,25,11
-34,27,13
-39,30,15
-41,34,10
-68,63,20
-60,61,11
-55,68,20
-68,67,18
-66,66,16
-56,59,21
-54,56,19
-44,46,17
-34,38,16
-31,34,14
-27,28,11
-26,27,11
-32,29,10
-33,30,11
-35,34,11
-33,34,14
-37,34,13
-50,60,23
-68,49,10
-61,59,13
-79,68,22
-82,62,23
-52,54,23
-38,45,20
-40,40,21
-37,35,18
-33,30,15
-30,26,11
-28,25,12
-34,27,13
-37,27,14
-39,27,17
-36,27,14
-36,37,8
-71,69,19
-76,68,18
-47,66,18
-73,60,23
-67,60,23
-44,51,19
-44,52,21
-50,46,20
-43,42,20
-28,32,14
-22,26,13
-24,25,13
-32,27,13
-31,26,12
-24,32,12
-36,40,12
-39,48,7
-88,61,15
-74,47,13
-64,66,15
-69,69,19
-68,50,15
-43,50,18
-49,46,19
-48,41,16
-42,37,16
-33,30,14
-27,24,11
-25,25,13
-34,28,14
-34,29,12
-34,29,16
-38,30,19
-45,49,12
-80,70,18
-69,63,12
-52,63,19
-59,64,19
-60,61,18
-53,57,17
-51,54,17
-42,41,15
-33,35,14
-27,29,11
-28,27,10
-29,28,10
-30,32,11
-32,31,12
-36,35,14
-39,35,16
-37,42,8
-70,64,18
-78,51,9
-58,64,12
-68,68,17
-77,59,15
-49,52,18
-45,48,17
-41,41,15
-37,37,13
-30,28,10
-27,25,9
-31,25,12
-36,25,9
-33,26,11
-39,25,11
-36,36,3
-42,57,18
-78,67,11
-62,63,10
-63,73,20
-74,66,17
-53,59,18
-48,57,19
-55,52,17
-39,39,16
-32,33,13
-25,26,9
-22,25,8
-29,29,10
-34,32,11
-32,31,12
-30,32,13
-36,36,11
-59,63,19
-62,49,9
-64,58,13
-83,73,25
-71,55,18
-55,49,20
-46,47,20
-53,46,17
-40,36,17
-33,32,17
-31,24,13
-29,22,13
-30,21,13
-33,27,13
-39,30,14
-49,30,15
-46,29,14
-49,67,28
-78,81,6
-59,82,9
-64,71,19
-64,71,17
-53,58,14
-52,52,16
-57,44,13
-42,36,11
-35,33,8
-35,33,6
-36,37,4
-38,39,5
-41,42,8
-44,44,9
-46,54,15
-57,59,18
-59,48,15
-48,42,14
-38,34,12
-42,36,11
-42,39,11
-41,47,11
-45,53,12
-53,50,11
-44,43,11
-44,40,12
-48,40,10
-50,41,11
-48,44,12
-48,45,11
-49,43,10
-47,42,9
-47,42,9
-49,43,8
-49,43,9
-47,44,9
-47,45,9
-47,45,9
-45,45,8
-44,45,8
-46,45,8
-47,46,8
-47,45,9
-47,44,9
-47,45,8
-49,45,8
-48,44,7
-47,43,7
-47,43,7
-47,43,8
-49,43,9
-49,43,8
-50,42,9
-49,42,9
-48,42,9
-50,42,8
-49,42,8
-48,43,8
-49,43,8
-48,44,7
-47,42,8
-48,42,7
-49,41,8
-49,41,8
-49,42,8
-48,42,8
-48,42,8
-47,43,9
-47,43,9
-49,42,8
-47,40,8
-48,41,8
-49,42,7
-50,43,7
-49,42,7
-50,42,6
-49,42,6
-49,42,6
-49,41,5
-52,39,6
-53,39,6
-52,37,5
-52,38,4
-53,39,3
-53,40,3
-50,40,2
-50,40,2
-51,40,0
-50,41,0
-51,43,-2
-51,43,-1
-50,44,-2
-50,44,-3
-50,42,-4
-47,43,-6
-47,44,-6
-48,47,-5
-49,48,-3
-52,44,-2
-47,43,-3
-46,44,-2
-46,44,-2
-44,44,-1
-44,44,-1
-47,44,0
-47,47,0
-47,48,3
-46,48,2
-44,48,2
-44,47,2
-42,47,1
-43,47,0
-44,49,3
-50,51,6
-45,51,5
-39,52,6
-44,51,8
-47,47,7
-39,41,4
-36,42,3
-41,44,6
-42,46,4
-50,44,2
-60,52,10
-56,49,8
-48,46,8
-43,44,9
-44,42,6
-42,42,6
-44,43,5
-50,44,5
-50,45,4
-50,45,3
-48,45,3
-48,44,5
-46,43,6
-48,42,7
-46,39,9
-43,40,9
-48,44,9
-49,43,8
-47,42,8
-50,43,8
-51,43,7
-48,43,8
-46,43,8
-47,44,7
-45,44,7
-45,44,6
-47,44,7
-46,44,9
-48,45,6
-47,43,8
-48,42,8
-47,41,7
-47,40,7
-50,39,6
-52,37,5
-51,38,6
-55,43,8
-55,45,9
-51,45,8
-42,41,6
-43,41,6
-51,44,3
-56,47,2
-67,53,2
-70,52,1
-63,52,2
-65,54,5
-65,54,5
-50,48,4
-48,39,0
-13,32,-12
-11,30,-13
-34,38,-10
-45,55,-2
-51,60,4
-65,72,4
-74,74,1
-72,78,-1
-67,74,-2
-61,65,-5
-52,42,-9
-32,15,-11
-16,2,-6
-11,-6,-8
-21,3,-6
-31,23,-9
-47,38,-5
-74,64,2
-80,66,6
-80,71,7
-80,75,11
-81,69,14
-57,53,6
-42,45,-1
-20,18,-9
2,7,-9
9,3,-8
-21,31,-4
-43,41,0
-62,61,10
-71,70,7
-77,77,5
-83,79,-1
-77,74,-6
-55,47,-11
-40,28,-9
-23,-5,-15
-19,-8,-11
-23,2,-5
-44,38,-7
-76,57,-3
-67,62,7
-77,65,6
-92,78,8
-88,75,9
-76,69,11
-33,42,2
-12,31,-3
0,7,-13
8,6,-11
-5,12,-3
-54,48,-3
-58,53,0
-57,68,7
-63,84,-1
-83,84,1
-73,69,-4
-65,57,-6
-56,33,-13
-31,16,-12
3,-8,-15
-26,-9,-12
-38,9,-6
-61,58,-5
-77,66,-5
-77,70,7
-86,70,8
-82,72,11
-68,66,12
-62,55,10
-39,34,-3
-20,23,-9
7,4,-15
7,8,-7
-11,24,-1
-67,50,-1
-66,58,5
-70,79,2
-87,86,2
-88,78,0
-69,55,-8
-60,43,-13
-24,10,-16
-7,-5,-17
-3,-11,-16
-26,13,-3
-40,28,-5
-74,59,-5
-83,76,-1
-100,76,-2
-87,78,1
-82,77,3
-66,64,0
-54,53,-2
-26,26,-4
7,9,-7
10,6,-8
-3,14,-1
-27,29,0
-55,49,0
-50,50,7
-81,79,7
-85,78,6
-76,70,4
-67,59,-3
-64,50,-9
-23,17,-13
0,-9,-14
-14,-9,-17
-36,8,-5
-57,42,-3
-75,60,-3
-77,68,2
-96,76,6
-77,76,10
-77,74,11
-70,60,7
-50,45,1
-19,19,-9
7,8,-9
9,5,-8
-6,14,0
-27,34,-3
-53,43,4
-73,75,8
-82,77,5
-89,79,6
-79,79,3
-75,69,-4
-63,54,-6
-15,8,-13
-6,-6,-17
-16,-6,-13
-41,15,-9
-57,36,-9
-74,64,-3
-76,78,17
-78,72,14
-57,68,14
-62,66,11
-67,51,6
-49,37,-1
-15,15,-7
10,1,-7
20,1,-1
-19,36,0
-49,50,-2
-74,55,6
-77,72,7
-89,74,5
-79,68,4
-72,66,-1
-64,51,-10
-37,21,-12
-18,5,-11
-19,-4,-14
-21,1,-6
-36,26,-9
-58,42,-7
-79,63,0
-95,70,5
-89,68,8
-77,70,7
-76,65,7
-49,52,0
-24,28,-4
-17,14,-9
3,2,-10
9,-2,-8
-11,16,-2
-33,35,-2
-55,48,5
-62,72,7
-67,76,10
-82,82,8
-82,84,5
-81,75,0
-56,46,-7
-37,30,-9
-25,7,-18
-11,-3,-16
-16,2,-12
-15,12,-10
-51,44,-2
-56,54,6
-60,54,10
-61,59,4
-65,74,9
-80,77,16
-93,76,17
-79,68,15
-53,50,5
-42,38,-2
-15,10,-13
7,8,-15
-6,5,-15
-50,38,-4
-61,41,-3
-54,57,5
-50,58,7
-52,46,11
-45,35,8
-41,33,8
-35,28,5
-33,27,4
-29,31,4
-36,38,8
-41,41,9
-44,47,15
-41,49,17
-41,53,17
-46,57,18
-53,61,19
-66,70,2
-79,53,-14
-56,37,-22
-56,43,-19
-64,40,-11
-46,40,0
-38,38,1
-35,39,2
-34,39,4
-43,44,7
-56,50,6
-62,56,6
-79,64,10
-84,65,9
-66,44,1
-39,32,4
-18,24,-3
-19,21,-17
-31,40,-26
-49,49,-17
-53,55,-6
-59,69,-3
-63,76,-4
-69,81,-5
-65,76,-5
-66,68,-9
-57,39,-11
-40,27,-13
-13,-2,-13
-21,-6,-9
-26,2,-5
-36,33,-7
-53,49,-4
-72,66,-2
-84,74,1
-83,76,4
-73,75,5
-65,70,9
-45,53,3
-28,32,-2
-8,9,-9
3,6,-11
9,7,-6
-14,26,-5
-34,44,-2
-52,55,9
-64,73,11
-74,79,9
-79,79,4
-77,82,4
-63,62,-3
-39,38,-12
-31,27,-14
-21,0,-11
-18,-2,-12
-26,6,-9
-32,18,-12
-68,54,-4
-88,71,1
-97,70,-1
-84,79,5
-78,79,4
-62,66,7
-33,43,-1
-26,30,-5
-3,6,-11
2,3,-14
4,11,-3
-30,39,-3
-45,49,-4
-54,62,11
-71,72,8
-75,77,6
-67,74,8
-78,74,6
-64,61,0
-46,45,-2
-24,15,-12
-17,2,-14
-19,-5,-19
-28,7,-7
-37,31,-12
-79,65,-7
-77,71,-3
-88,76,4
-86,78,2
-76,77,6
-63,63,9
-52,51,3
-19,23,-13
-6,10,-17
8,3,-12
-6,13,-1
-19,30,-1
-51,54,-2
-68,76,6
-75,79,6
-71,80,5
-69,77,0
-78,71,-2
-70,62,-3
-40,33,-11
-23,18,-16
-3,-11,-8
-28,-1,-14
-39,1,-13
-51,30,-6
-54,48,1
-77,74,10
-98,76,8
-84,76,7
-77,75,8
-77,71,7
-45,49,-2
-27,34,-6
-6,9,-11
-3,7,-8
0,3,-4
-20,30,1
-39,48,2
-46,55,6
-68,80,10
-81,85,2
-85,81,-1
-84,80,0
-69,59,-2
-53,44,-7
-27,16,-16
-10,-7,-16
-6,-8,-13
-19,5,0
-26,24,0
-57,51,-3
-85,69,6
-92,72,4
-80,76,3
-86,78,6
-78,68,7
-47,52,2
-36,40,-1
-16,17,-5
-8,9,-12
9,8,-9
1,10,-4
-40,39,-1
-42,45,6
-52,61,9
-81,78,10
-81,73,8
-72,72,5
-70,67,-1
-67,57,-4
-39,32,-10
-32,19,-12
-7,-2,-13
-9,-6,-13
-24,14,-7
-60,38,-6
-76,57,-2
-80,68,0
-68,69,3
-79,77,6
-82,70,10
-73,61,9
-45,45,1
-39,35,-5
-19,17,-10
5,11,-7
2,6,-2
-13,20,-2
-24,31,-3
-43,43,5
-73,69,9
-80,74,5
-74,74,0
-79,74,-1
-79,67,-5
-70,59,-7
-46,40,-10
-26,16,-11
-13,0,-11
-6,-9,-10
-19,-2,-6
-53,34,-14
-82,53,-10
-72,67,-5
-85,69,-3
-80,72,0
-80,72,8
-73,66,9
-56,52,7
-34,32,-5
-23,21,-10
-6,14,-7
6,9,-7
-4,15,-9
-23,29,-4
-47,38,-1
-65,63,-1
-74,71,3
-74,71,1
-77,73,1
-77,79,0
-67,52,-6
-51,40,-10
-39,21,-16
-32,13,-16
-15,-2,-10
-19,6,-5
-27,17,-6
-55,49,-6
-57,54,-2
-75,59,0
-77,58,-1
-88,67,1
-95,69,5
-88,67,5
-52,55,1
-39,47,-3
-21,23,-9
-22,10,-10
0,10,-8
3,7,-2
-13,23,-6
-43,33,-5
-47,43,-3
-62,60,1
-63,61,6
-62,62,6
-69,73,3
-72,76,3
-62,67,3
-55,53,2
-53,51,1
-46,45,-5
-48,43,-6
-39,27,-5
-18,16,-17
-14,24,-17
-48,41,-14
-66,46,-13
-61,49,-5
-54,48,-3
-51,48,-1
-43,43,-1
-39,39,3
-35,33,1
-38,31,1
-44,35,0
-43,40,3
-43,41,5
-44,42,3
-42,42,2
-45,42,4
-48,42,5
-47,43,6
-47,43,4
-49,47,8
-52,49,5
-50,45,2
-39,40,3
-43,44,2
-43,44,1
-41,47,3
-42,49,1
-41,51,1
-42,54,0
-42,54,0
-38,51,3
-39,51,3
-41,49,3
-40,48,3
-43,50,2
-43,50,2
-43,49,2
-42,49,3
-43,49,4
-43,50,4
-40,49,3
-39,50,4
-36,51,2
-41,52,0
-53,44,-2
-52,37,-3
-45,35,-7
-52,45,-2
-55,51,-2
-51,55,1
-48,50,2
-51,44,2
-49,39,1
-48,40,1
-56,40,0
-49,38,1
-45,39,2
-49,41,3
-50,43,4
-50,40,6
-52,40,8
-52,43,7
-52,46,7
-49,43,6
-44,40,5
-47,41,7
-46,41,5
-47,41,7
-51,44,6
-46,42,6
-45,42,6
-45,42,3
-44,43,3
-47,43,3
-52,42,4
-57,39,7
-54,39,6
-50,40,6
-50,43,8
-53,43,7
-53,43,8
-47,39,8
-47,39,7
-52,40,3
-53,39,6
-50,40,5
-49,41,5
-49,42,4
-51,41,3
-48,41,4
-49,41,4
-50,42,3
-51,44,2
-51,43,2
-50,43,1
-49,43,-1
-48,42,1
-48,43,2
-49,43,3
-49,43,3
-49,42,3
-50,42,4
-50,43,3
-50,42,4
-49,41,4
-48,40,5
-49,40,5
-51,41,4
-50,41,5
-50,42,6
-51,41,2
-50,41,4
-49,41,2
-49,41,3
-49,42,2
-48,42,1
-50,44,3
-51,43,3
-50,43,4
-49,43,4
-50,43,5
-50,41,5
-47,40,4
-48,40,5
-49,41,6
-46,41,5
-47,44,6
-48,44,7
-48,44,8
-48,46,8
-49,45,8
-49,44,8
-51,43,9
-49,43,6
-41,39,5
-38,38,4
-43,35,5
-36,29,5
-25,36,3
-54,37,3
-55,39,-1
-51,50,7
-63,53,9
-70,50,7
-58,49,7
-54,51,6
-51,51,4
-45,49,5
-36,42,7
-32,38,8
-25,30,9
-27,17,3
-22,9,1
-16,15,-7
-65,56,-2
-78,65,-4
-58,66,4
-72,83,10
-53,72,6
-45,62,3
-34,44,6
-42,38,5
-34,32,2
-27,35,8
-30,28,8
-19,23,-1
-32,36,2
-59,41,-2
-77,85,11
-109,76,10
-58,58,10
-38,53,13
-40,52,12
-46,46,8
-31,31,11
-13,12,5
-6,15,-7
-28,36,3
-60,73,7
-73,72,2
-67,57,12
-56,61,20
-41,42,6
-31,34,7
-41,35,7
-31,30,3
-23,22,5
-25,9,0
-23,18,-5
-65,56,0
-78,66,-4
-77,83,12
-77,66,18
-58,57,12
-40,54,14
-47,50,12
-39,36,6
-18,13,3
-16,8,3
-16,17,0
-44,45,5
-85,84,-5
-90,91,28
-42,67,18
-50,58,18
-52,53,16
-42,36,9
-27,30,7
-20,23,0
-18,12,4
-11,2,4
-35,35,4
-66,50,7
-83,93,12
-101,73,19
-57,72,12
-57,60,16
-47,55,11
-36,43,12
-38,35,10
-29,19,9
-11,7,-4
-14,24,-4
-71,56,3
-71,64,0
-92,72,15
-45,58,15
-36,52,12
-34,39,7
-48,40,6
-41,36,8
-25,21,6
-18,12,5
-18,28,-2
-45,48,4
-78,64,6
-80,78,17
-73,65,20
-59,56,19
-57,56,18
-41,42,12
-31,37,11
-29,27,9
-26,17,5
-11,6,-4
-46,44,3
-74,63,4
-73,93,20
-97,65,7
-45,62,16
-49,47,14
-49,45,9
-39,38,4
-38,34,4
-33,28,6
-20,17,8
-21,12,1
-41,40,6
-62,49,6
-64,72,12
-80,60,11
-64,63,9
-61,54,12
-59,50,9
-43,44,8
-37,37,6
-27,19,4
-12,15,-7
-24,32,-3
-79,59,-1
-75,73,-5
-83,62,8
-51,68,15
-39,51,17
-38,36,8
-40,31,2
-36,30,5
-36,28,6
-23,15,6
-19,30,-1
-44,45,3
-71,69,3
-93,77,16
-73,66,16
-59,54,18
-54,51,13
-39,40,8
-38,38,7
-35,21,5
-24,14,4
-10,6,-8
-44,43,2
-86,54,-3
-71,88,12
-93,73,9
-46,68,11
-49,51,11
-49,48,8
-37,32,6
-30,27,6
-29,19,6
-18,10,4
-13,25,1
-57,43,3
-62,71,-4
-117,61,12
-72,62,14
-57,53,16
-45,45,10
-41,41,7
-44,31,7
-33,19,8
-15,1,-2
-10,3,3
-55,52,3
-66,70,-6
-100,100,23
-51,80,20
-61,70,15
-40,41,14
-41,24,3
-38,20,0
-30,11,3
-23,8,2
-9,22,-11
-53,60,3
-69,57,-1
-77,73,22
-105,58,20
-59,56,12
-47,51,15
-44,48,10
-34,34,10
-29,21,8
-9,2,-3
-6,7,-7
-58,44,8
-53,82,15
-122,98,17
-64,94,28
-74,81,24
-45,49,25
-39,38,21
-27,26,10
-28,22,11
-27,21,6
-12,7,-1
-11,6,-10
-61,53,0
-78,67,2
-79,82,9
-111,78,15
-69,66,23
-65,64,22
-58,47,15
-42,38,11
-33,28,5
-34,23,5
-19,22,8
-10,17,3
-39,62,-2
-78,53,-7
-51,52,9
-67,67,7
-70,67,7
-51,50,10
-47,46,1
-49,42,-1
-30,30,-1
-28,24,-1
-28,10,0
-25,-1,-4
-12,24,-38
-97,42,-27
-76,67,4
-62,65,2
-52,60,2
-39,53,-4
-40,51,-6
-46,51,-3
-38,41,2
-31,36,1
-26,33,5
-39,25,4
-29,16,6
-11,11,-5
-29,26,2
-88,62,0
-65,73,-3
-65,69,12
-70,70,9
-58,61,11
-43,44,8
-42,37,5
-30,25,4
-21,12,2
-13,7,1
-29,35,6
-68,46,1
-61,69,-2
-74,82,18
-62,65,7
-62,58,16
-56,50,11
-34,37,6
-30,32,6
-22,15,3
-13,10,-11
-27,31,4
-93,63,-6
-79,68,-11
-86,69,8
-58,64,5
-45,56,11
-49,42,8
-47,35,4
-28,30,3
-28,22,3
-15,7,3
-17,23,-7
-32,46,8
-76,66,-2
-67,70,-4
-98,63,7
-67,62,14
-58,51,11
-45,49,9
-40,48,10
-30,35,9
-22,14,5
-18,7,3
-29,27,0
-61,54,6
-57,53,-7
-60,77,17
-60,67,10
-52,59,8
-39,51,3
-44,35,-6
-43,30,-5
-31,25,-2
-32,22,1
-16,17,8
-27,42,9
-56,47,8
-64,64,3
-71,79,18
-91,53,16
-44,41,15
-44,46,14
-54,42,11
-40,30,9
-31,20,7
-10,6,3
-10,12,-8
-55,47,7
-72,51,-9
-112,57,2
-38,70,14
-69,72,13
-64,55,11
-48,46,11
-38,37,8
-35,30,6
-27,14,3
-16,7,-5
-15,23,-6
-59,43,-1
-62,55,-4
-108,68,11
-82,53,12
-53,50,14
-42,51,9
-44,49,6
-40,39,6
-34,30,6
-20,11,2
-15,12,-5
-30,32,-2
-87,52,-10
-61,73,1
-69,70,8
-64,79,10
-49,68,14
-36,41,9
-36,35,2
-37,30,2
-33,23,5
-32,7,0
-17,17,-5
-33,35,3
-64,58,-4
-57,73,-4
-86,61,2
-61,61,10
-50,59,12
-42,48,8
-41,47,7
-45,35,5
-31,18,5
-10,5,0
-45,33,0
-60,51,-5
-97,85,7
-59,66,8
-69,70,8
-55,55,9
-50,49,6
-40,38,5
-38,34,6
-23,20,7
-12,7,-1
-16,19,-5
-66,40,-3
-67,53,3
-84,72,18
-86,56,15
-55,56,14
-47,46,12
-47,42,11
-41,33,8
-38,25,7
-19,8,3
-15,15,-4
-40,37,2
-100,50,-1
-52,59,1
-95,81,13
-55,67,11
-49,56,14
-58,46,9
-61,45,5
-33,38,9
-27,32,8
-19,9,9
-14,8,-4
-27,28,0
-70,47,2
-70,54,-2
-91,82,19
-98,62,11
-56,51,8
-46,48,11
-45,42,7
-20,21,7
-14,9,4
-6,-3,-5
-55,43,1
-92,73,-4
-56,78,-3
-86,66,-1
-62,74,5
-40,52,6
-42,49,1
-48,32,1
-39,24,2
-14,9,-4
-5,3,-4
-18,36,1
-75,58,1
-75,75,2
-123,81,10
-114,64,12
-51,47,14
-42,44,12
-44,41,12
-34,28,10
-25,19,9
-18,7,2
-20,5,1
-18,6,-2
-38,57,16
-106,80,-1
-94,97,10
-112,94,5
-87,91,9
-60,63,10
-52,47,8
-48,29,-4
-43,25,-7
-33,26,-7
-35,31,-2
-31,34,0
-28,48,-1
-48,63,2
-79,55,1
-63,47,4
-42,37,3
-36,37,0
-41,39,-1
-49,41,-2
-51,39,0
-55,41,2
-55,45,1
-51,46,4
-49,44,3
-47,44,5
-47,42,3
-46,42,3
-48,43,2
-51,44,3
-49,43,2
-49,42,4
-48,43,5
-51,44,5
-51,43,6
-48,42,7
-46,41,6
-45,39,7
-47,44,9
-50,45,10
-47,45,9
-46,44,9
-47,44,8
-44,44,7
-44,44,10
-45,43,10
-46,44,12
-48,43,12
-48,42,12
-49,41,12
-51,43,12
-45,41,9
-46,41,11
-48,43,10
-47,45,11
-44,45,12
-46,45,11
-44,44,11
-44,45,10
-46,44,10
-47,43,10
-45,41,12
-44,41,11
-49,44,13
-51,44,14
-49,45,11
-46,44,14
-44,44,14
-45,47,16
-47,46,13
-50,49,14
-49,45,12
-45,44,10
-46,44,12
-46,42,10
-39,37,10
-40,37,11
-48,37,10
-44,39,11
-45,39,13
-46,41,13
-47,46,15
-61,47,18
-61,45,17
-48,47,17
-47,48,18
-43,44,16
-39,41,16
-42,40,16
-48,41,16
-50,42,16
-54,43,15
-59,41,13
-59,40,11
-62,43,12
-57,41,11
-64,56,13
-69,49,0
-42,43,-5
-28,42,-4
-34,48,-2
-50,49,0
-53,46,3
-43,36,5
-43,36,7
-43,38,7
-42,40,7
-41,40,8
-43,42,8
-45,45,5
-48,49,9
-58,55,8
-53,53,8
-61,64,11
-69,54,3
-55,33,-7
-44,29,-2
-43,33,0
-40,49,4
-40,54,2
-42,50,4
-41,41,11
-46,38,11
-43,32,13
-42,33,11
-49,36,14
-51,36,11
-48,38,12
-64,44,13
-65,44,13
-82,57,13
-74,59,2
-29,42,-6
-29,47,2
-43,49,4
-65,46,5
-55,38,9
-43,31,8
-39,31,8
-36,35,7
-37,41,8
-39,42,9
-44,45,10
-45,47,9
-50,50,11
-51,52,12
-49,51,10
-48,50,7
-54,66,16
-67,44,1
-37,34,-3
-46,39,2
-66,44,0
-65,47,4
-42,43,6
-31,39,10
-34,38,9
-39,35,12
-43,35,12
-45,35,14
-46,36,14
-47,34,12
-53,37,16
-62,39,17
-64,40,10
-59,52,27
-69,58,5
-22,41,-6
-21,49,3
-49,48,2
-60,46,6
-53,37,10
-48,30,9
-38,29,9
-36,33,8
-37,36,8
-40,42,10
-47,47,11
-45,47,11
-48,50,15
-51,51,14
-50,49,12
-51,49,11
-77,56,6
-78,41,2
-44,26,-3
-56,41,0
-65,47,-1
-51,46,8
-41,42,8
-30,40,8
-36,39,11
-38,37,11
-42,34,13
-46,35,15
-52,34,15
-46,33,16
-52,37,17
-68,44,17
-59,51,16
-81,65,9
-62,59,1
-25,48,-2
-44,54,6
-53,48,5
-55,40,10
-50,34,10
-41,27,11
-38,31,11
-40,36,9
-40,40,10
-40,43,11
-46,48,10
-45,47,10
-44,44,12
-53,53,11
-54,51,11
-59,68,8
-79,52,0
-58,24,-9
-55,36,0
-60,38,0
-52,44,3
-44,42,7
-31,37,7
-29,37,9
-36,38,10
-43,38,11
-48,38,13
-52,38,15
-52,37,14
-50,37,12
-63,42,16
-68,45,11
-74,62,14
-68,52,-3
-25,47,-7
-48,54,2
-52,47,3
-50,41,10
-48,35,9
-44,29,8
-40,30,8
-38,35,7
-38,41,10
-40,45,11
-45,48,11
-44,49,9
-42,47,11
-47,51,8
-48,49,7
-74,67,9
-82,43,-2
-46,29,-11
-64,40,-3
-67,48,-2
-44,46,6
-43,43,7
-36,38,9
-33,35,10
-37,33,11
-41,33,14
-45,35,15
-50,33,15
-48,34,16
-55,38,17
-67,43,16
-59,47,11
-73,56,3
-48,55,1
-25,52,5
-48,52,7
-64,44,6
-49,37,11
-47,36,11
-38,32,10
-35,36,9
-37,37,9
-40,40,11
-42,41,12
-48,45,12
-48,47,13
-49,53,14
-44,54,11
-49,63,10
-69,48,2
-67,30,-6
-58,40,-1
-62,42,-3
-53,46,4
-43,42,8
-37,40,7
-30,36,8
-32,36,10
-40,36,10
-46,37,14
-51,37,12
-53,35,13
-53,38,13
-57,40,15
-61,42,14
-58,55,19
-53,52,-1
-37,48,-10
-52,62,0
-54,52,0
-55,45,9
-46,33,9
-41,32,9
-34,32,5
-34,32,7
-37,39,8
-42,43,8
-45,47,11
-45,46,11
-46,45,11
-47,50,10
-52,50,9
-61,70,12
-66,42,-2
-46,29,-6
-61,36,-2
-67,42,-4
-51,47,6
-44,40,9
-28,37,6
-28,37,10
-32,39,11
-46,38,12
-48,38,13
-52,37,17
-48,34,12
-47,37,12
-60,44,15
-62,45,15
-78,62,20
-42,51,0
-29,50,-1
-49,51,3
-53,48,6
-53,39,12
-49,32,11
-41,27,10
-37,31,9
-39,35,9
-40,41,9
-40,45,11
-47,47,12
-46,47,12
-46,47,14
-49,48,11
-50,47,9
-69,61,10
-62,31,-5
-46,34,-5
-57,44,-1
-63,49,1
-50,45,8
-46,40,9
-38,34,9
-34,35,11
-36,36,11
-41,34,11
-43,34,14
-52,33,15
-51,32,13
-54,35,15
-67,41,17
-63,43,11
-83,59,2
-62,62,-1
-30,57,2
-51,45,3
-61,39,5
-49,28,12
-43,26,8
-37,30,10
-37,38,9
-39,38,9
-39,38,10
-41,40,12
-48,44,12
-48,46,12
-48,51,13
-55,49,11
-57,47,8
-70,51,4
-67,31,-8
-58,38,-2
-75,47,-3
-66,51,1
-48,43,7
-42,39,8
-28,33,10
-34,33,11
-38,33,11
-45,33,14
-52,34,16
-53,33,15
-51,33,14
-63,37,16
-66,40,13
-56,46,18
-67,55,-1
-42,49,-5
-43,52,4
-62,47,2
-63,45,7
-50,31,10
-45,30,10
-34,29,10
-32,30,9
-36,33,8
-42,41,10
-48,44,11
-48,45,12
-46,47,13
-50,52,14
-48,54,10
-56,68,16
-77,44,-6
-60,26,-10
-56,41,0
-64,49,-1
-53,47,4
-33,37,8
-31,34,8
-29,35,9
-35,36,11
-48,37,11
-52,36,15
-54,34,15
-50,33,12
-48,35,13
-61,37,14
-60,54,17
-90,60,6
-43,48,-10
-21,48,-7
-49,50,2
-61,44,2
-57,38,10
-42,30,8
-37,28,9
-34,31,9
-34,33,8
-38,40,10
-45,46,11
-47,48,11
-47,46,11
-48,47,13
-49,48,9
-53,64,9
-75,54,-3
-59,31,-13
-53,41,-5
-67,45,-6
-62,46,-3
-47,42,5
-33,36,6
-31,33,8
-34,33,8
-37,34,9
-45,36,11
-50,37,13
-51,36,12
-52,37,11
-61,40,11
-65,41,5
-60,50,15
-59,55,-4
-25,54,0
-50,60,2
-59,49,2
-50,34,9
-46,29,8
-40,27,8
-37,29,8
-38,32,7
-38,34,8
-41,42,11
-44,45,11
-47,48,12
-47,47,14
-46,51,12
-50,51,8
-52,69,13
-81,50,-2
-47,30,-5
-57,38,-2
-65,44,-2
-55,46,2
-39,42,7
-31,37,8
-31,36,9
-36,36,10
-42,36,11
-45,36,12
-49,36,13
-52,34,12
-54,37,12
-63,37,14
-63,44,8
-72,60,19
-53,54,-6
-30,55,3
-45,52,2
-63,44,4
-63,43,9
-49,33,9
-42,30,8
-37,29,9
-33,31,8
-34,33,9
-45,45,11
-48,47,11
-46,50,11
-44,50,15
-46,51,13
-53,54,9
-70,62,8
-66,29,-5
-53,43,1
-65,47,-2
-59,47,0
-46,44,5
-35,36,7
-31,36,7
-31,36,8
-41,36,9
-45,36,11
-52,35,14
-54,35,13
-50,31,13
-58,35,13
-61,39,14
-62,53,19
-93,65,-3
-39,49,-9
-26,52,0
-55,53,1
-50,41,8
-47,32,9
-43,25,7
-37,25,8
-39,32,7
-38,35,6
-39,39,9
-47,47,8
-47,47,10
-48,48,10
-49,49,13
-48,45,9
-47,59,10
-76,54,0
-52,31,-9
-52,42,-2
-75,50,-1
-55,48,6
-44,43,8
-29,34,8
-24,34,9
-30,36,10
-42,36,11
-45,36,13
-51,35,15
-53,33,15
-50,35,14
-56,37,14
-64,41,13
-80,63,8
-76,62,-3
-25,52,-7
-50,53,1
-59,47,2
-55,37,10
-51,29,9
-40,28,8
-35,29,8
-36,32,9
-34,34,10
-39,40,11
-47,45,14
-48,45,13
-49,44,13
-50,46,13
-49,47,11
-63,65,12
-82,58,-2
-59,26,-5
-44,32,-3
-60,41,0
-54,42,3
-42,43,6
-35,40,7
-35,39,9
-38,37,11
-39,35,7
-42,33,12
-55,36,13
-57,34,15
-49,31,10
-48,35,14
-64,41,15
-60,61,20
-88,60,-3
-35,48,-10
-26,58,5
-55,53,2
-64,47,4
-50,32,11
-42,26,9
-39,25,9
-40,30,5
-38,30,7
-41,40,9
-48,46,11
-48,46,11
-45,46,12
-49,47,12
-52,47,9
-57,62,9
-74,51,-2
-61,25,-9
-56,34,-2
-67,43,-2
-66,48,0
-47,42,7
-37,36,9
-34,35,7
-35,33,10
-39,33,11
-47,34,12
-51,33,14
-53,32,12
-48,33,13
-55,34,13
-67,42,12
-64,44,12
-81,62,0
-28,47,-5
-27,49,-1
-51,47,2
-65,46,1
-55,35,8
-46,29,6
-40,27,8
-37,33,8
-39,36,7
-41,41,9
-45,44,10
-49,44,9
-45,42,11
-43,42,10
-47,49,9
-49,48,9
-67,63,10
-81,43,-4
-61,31,-3
-42,38,1
-50,41,-1
-54,44,3
-44,43,3
-41,40,6
-36,40,7
-40,39,8
-43,38,10
-44,38,11
-49,35,12
-50,31,10
-46,30,10
-51,35,12
-58,36,11
-54,36,8
-84,56,1
-69,61,6
-32,43,-1
-35,42,-1
-59,42,3
-65,39,2
-53,39,4
-50,37,3
-48,34,4
-42,35,4
-47,37,2
-50,40,2
-48,43,2
-49,44,2
-46,43,1
-48,43,2
-54,41,5
-53,46,8
-58,47,7
-49,39,7
-52,37,6
-54,36,5
-52,35,3
-51,34,4
-53,36,3
-53,36,3
-54,37,3
-56,38,3
-56,38,2
-52,37,2
-54,37,2
-54,38,0
-54,37,-1
-54,37,-3
-55,38,-3
-55,42,-4
-49,46,-3
-48,48,-2
-44,48,-1
-42,47,0
-45,45,3
-46,45,5
-48,45,5
-49,45,5
-48,45,6
-45,44,5
-45,45,5
-46,44,5
-45,44,5
-47,44,5
-48,45,5
-50,46,5
-49,45,4
-47,44,4
-48,44,4
-48,42,5
-45,42,3
-48,42,4
-51,44,2
-53,44,4
-55,43,4
-53,40,4
-49,38,3
-50,38,3
-49,41,6
-53,43,6
-53,44,7
-52,42,7
-48,40,7
-43,38,7
-47,41,6
-49,44,6
-54,46,7
-52,43,4
-45,41,7
-52,43,6
-49,42,8
-45,42,9
-48,42,8
-50,42,8
-49,42,8
-48,42,7
-48,44,9
-50,45,9
-49,44,10
-48,43,10
-49,42,9
-46,41,10
-47,42,10
-51,44,10
-48,44,9
-46,44,10
-44,44,11
-43,43,11
-44,44,10
-45,44,11
-47,45,11
-47,45,11
-47,44,11
-48,44,12
-49,44,12
-48,43,13
-47,43,13
-47,43,12
-44,42,12
-45,43,12
-48,43,11
-47,42,10
-47,42,11
-49,42,10
-49,43,11
-48,42,11
-48,42,11
-49,43,11
-47,43,10
-46,41,11
-47,43,11
-47,43,12
-48,43,11
-49,43,11
-49,42,11
-49,42,11
-50,42,11
-47,41,11
-43,40,11
-45,42,13
-47,43,12
-48,44,12
-47,43,11
-46,43,10
-49,43,10
-49,42,10
-48,42,10
-45,41,9
-46,41,9
-49,42,10
-50,43,9
-54,43,8
-51,42,8
-49,40,9
-47,41,7
-47,40,7
-47,41,7
-48,41,8
-48,42,9
-49,44,10
-49,44,9
-51,47,9
-52,48,11
-48,48,13
-49,49,12
-51,57,10
-64,58,1
-69,52,-3
-51,36,-11
-45,33,-10
-46,37,-5
-44,40,-3
-46,42,1
-45,44,2
-43,44,6
-41,41,8
-40,39,8
-43,38,10
-44,37,11
-46,37,12
-48,34,11
-49,35,11
-56,40,13
-63,44,11
-61,55,14
-75,61,-2
-49,49,-7
-33,45,0
-55,44,1
-55,43,3
-47,32,8
-46,31,7
-40,31,8
-39,32,8
-37,34,8
-38,40,9
-43,42,9
-51,45,11
-50,47,11
-52,48,11
-50,49,7
-52,50,7
-80,58,-5
-76,45,-8
-46,33,-6
-50,41,-5
-55,48,-5
-51,45,2
-49,42,5
-41,38,7
-35,34,9
-34,33,10
-39,35,10
-42,35,13
-48,34,13
-50,33,12
-54,33,14
-64,41,11
-61,42,9
-93,70,2
-66,59,-9
-30,54,-1
-46,59,4
-58,46,5
-49,35,10
-47,28,8
-39,28,10
-37,29,10
-37,32,8
-38,39,9
-41,43,11
-45,47,12
-48,45,11
-48,46,13
-53,50,14
-52,50,9
-64,57,2
-69,50,1
-54,27,-8
-56,37,0
-65,44,-3
-50,47,5
-46,42,5
-34,35,8
-33,36,8
-37,35,10
-42,34,11
-44,34,12
-49,32,14
-49,31,13
-52,38,16
-59,40,15
-67,42,14
-87,64,13
-86,62,-5
-26,44,-8
-28,46,-3
-54,50,1
-57,44,6
-52,38,9
-44,30,8
-37,29,9
-35,32,8
-34,32,9
-36,36,9
-45,44,10
-47,45,10
-46,47,11
-50,51,13
-55,51,11
-58,67,9
-91,57,-7
-42,25,-13
-30,37,-8
-73,47,-2
-57,48,1
-50,43,4
-37,35,5
-31,33,7
-29,33,10
-32,33,10
-42,34,14
-51,35,16
-50,34,15
-49,38,17
-54,40,19
-66,45,16
-76,68,21
-84,58,-2
-28,45,-5
-30,54,6
-57,49,3
-62,44,7
-48,30,10
-40,27,11
-36,28,10
-35,29,10
-36,31,9
-40,39,11
-48,47,12
-47,47,12
-46,48,13
-49,51,14
-55,50,14
-58,53,8
-86,44,-2
-53,25,-8
-53,38,-2
-65,47,-2
-53,50,6
-46,45,8
-34,34,9
-31,33,9
-36,32,11
-39,31,12
-43,33,13
-51,33,15
-53,33,15
-53,37,17
-62,39,16
-71,41,17
-63,51,14
-65,56,0
-23,45,-6
-32,52,4
-58,47,2
-66,45,5
-51,30,11
-38,26,8
-36,28,9
-36,33,7
-39,38,8
-42,39,9
-44,42,10
-49,46,11
-52,51,12
-51,52,12
-54,47,9
-49,61,8
-77,39,-7
-46,33,-7
-54,42,-1
-68,50,-2
-62,50,0
-42,41,7
-29,34,10
-29,33,6
-33,33,9
-36,34,10
-45,36,13
-48,36,14
-52,38,13
-60,40,14
-65,39,14
-56,42,5
-72,60,23
-51,53,-6
-31,54,4
-51,56,-1
-60,48,5
-55,44,10
-43,30,9
-40,27,9
-35,29,9
-34,32,8
-36,36,9
-42,45,10
-45,48,11
-50,50,12
-49,48,12
-48,51,13
-51,52,4
-58,67,8
-75,34,-10
-60,38,-2
-63,38,-5
-61,47,0
-52,45,5
-36,38,9
-31,37,10
-31,37,12
-37,36,12
-40,33,13
-47,31,15
-49,32,16
-48,34,16
-62,39,16
-65,44,17
-60,58,18
-90,65,2
-33,46,-6
-27,50,-1
-51,47,1
-59,44,6
-52,39,9
-44,34,7
-38,31,8
-36,31,8
-37,33,6
-35,37,9
-44,43,10
-49,43,9
-48,48,10
-52,54,12
-52,51,11
-49,63,7
-79,59,-1
-56,26,-8
-58,47,1
-74,48,-4
-60,45,3
-46,41,6
-29,35,7
-26,33,7
-30,35,9
-39,33,12
-43,33,9
-51,32,15
-55,34,15
-52,36,16
-56,39,16
-67,45,13
-86,63,9
-78,59,-4
-25,47,-7
-33,54,4
-55,49,2
-56,43,8
-50,33,9
-40,28,8
-34,29,8
-35,31,8
-34,32,8
-38,39,11
-46,44,10
-43,46,10
-48,51,9
-49,55,13
-52,52,8
-69,63,4
-77,50,-5
-49,34,-8
-59,45,0
-66,54,-3
-43,49,5
-34,43,5
-26,33,6
-26,34,7
-36,36,9
-42,37,9
-46,37,13
-54,36,13
-53,32,12
-48,37,12
-58,40,13
-63,51,13
-76,63,0
-50,53,-7
-40,56,-3
-45,51,-2
-56,40,3
-53,37,7
-45,31,6
-34,30,8
-36,34,9
-40,33,8
-38,35,9
-41,41,10
-45,43,10
-46,44,11
-44,52,18
-47,53,14
-49,69,6
-81,47,-7
-59,31,-7
-54,45,-1
-63,47,-4
-55,53,0
-45,49,5
-35,40,6
-34,36,8
-34,36,9
-38,34,11
-39,34,12
-47,36,15
-52,33,12
-48,34,12
-61,39,16
-66,40,15
-82,60,13
-88,60,-6
-29,49,-11
-56,51,-1
-65,43,-1
-53,34,8
-48,28,8
-38,28,7
-32,31,6
-33,34,6
-39,39,9
-40,41,12
-45,46,11
-50,49,13
-52,48,12
-49,46,11
-53,46,10
-69,64,5
-69,29,-10
-52,24,-8
-56,41,-3
-64,51,-3
-54,49,5
-47,43,7
-37,35,9
-33,33,10
-33,32,11
-35,31,12
-40,31,13
-50,32,13
-50,33,13
-57,38,16
-68,40,16
-64,42,10
-92,64,-2
-70,60,-4
-29,51,-3
-45,45,4
-58,42,5
-53,31,10
-43,26,9
-36,24,8
-33,30,8
-34,33,8
-38,39,10
-42,43,11
-50,48,12
-47,48,12
-49,47,13
-51,48,10
-57,51,9
-88,56,-7
-77,40,-9
-43,34,-5
-63,45,-4
-65,50,-3
-49,42,5
-43,37,6
-34,33,9
-34,33,9
-38,32,12
-42,32,13
-49,31,15
-51,31,13
-52,33,13
-60,37,15
-65,41,12
-57,47,11
-86,63,-10
-46,55,-9
-35,57,1
-50,58,-2
-60,43,3
-48,28,9
-44,26,9
-33,28,7
-32,29,9
-37,33,6
-40,38,10
-43,42,12
-47,48,11
-46,48,11
-47,52,14
-55,53,11
-55,56,6
-87,46,-3
-68,36,-5
-58,37,-1
-61,40,-2
-62,47,0
-42,40,7
-36,37,8
-31,34,10
-34,34,11
-41,33,11
-42,32,15
-46,33,15
-53,32,15
-49,33,14
-57,39,18
-69,40,16
-67,52,18
-72,57,0
-45,46,-5
-30,54,1
-45,56,1
-64,44,3
-51,32,9
-48,29,7
-37,27,8
-35,30,8
-34,35,8
-41,42,9
-43,44,10
-46,47,10
-46,48,11
-52,53,13
-50,48,6
-48,61,9
-85,41,-9
-60,30,-9
-53,48,-4
-62,49,-5
-53,48,2
-44,41,6
-40,38,7
-31,35,8
-31,35,9
-36,34,10
-39,33,12
-48,34,14
-52,34,12
-51,39,12
-63,42,15
-64,44,12
-79,70,8
-48,54,-10
-22,48,-7
-48,55,0
-61,45,2
-51,41,8
-40,29,9
-38,28,8
-33,29,9
-35,33,7
-36,39,9
-39,42,10
-45,47,9
-43,49,10
-43,51,11
-52,53,10
-58,54,8
-73,67,1
-64,28,-11
-50,27,-6
-64,42,-5
-68,48,-5
-46,45,4
-41,40,5
-31,34,8
-31,33,11
-39,33,11
-41,33,13
-43,33,14
-52,36,13
-50,37,14
-57,39,16
-70,44,14
-64,43,7
-89,61,-11
-24,49,-8
-27,59,1
-57,53,1
-62,45,4
-47,27,9
-43,25,7
-33,27,7
-37,33,7
-37,35,8
-41,40,10
-45,43,11
-48,48,11
-49,48,11
-49,52,13
-53,51,8
-54,64,11
-79,44,-6
-61,29,-11
-55,41,-2
-64,48,-3
-53,47,1
-37,40,6
-34,37,6
-35,33,8
-35,32,9
-37,33,10
-47,36,12
-50,36,14
-53,36,13
-56,37,13
-66,40,14
-58,42,9
-62,63,15
-43,54,-7
-29,50,-6
-53,54,1
-61,42,5
-53,38,9
-48,30,9
-41,28,9
-34,30,7
-33,32,7
-37,34,8
-46,45,10
-48,47,9
-49,49,11
-51,53,12
-50,50,9
-41,61,9
-74,61,4
-56,29,-7
-46,34,-4
-70,43,-6
-57,47,1
-49,44,5
-38,37,6
-32,34,8
-29,32,10
-33,32,10
-43,33,11
-50,34,13
-53,34,11
-53,37,14
-61,39,14
-66,39,9
-86,62,4
-79,60,-8
-20,49,-6
-47,55,1
-59,47,3
-59,40,8
-49,33,8
-40,29,9
-37,30,9
-36,31,8
-34,33,9
-39,40,11
-45,46,11
-47,49,12
-47,51,15
-51,53,16
-50,50,9
-76,62,1
-81,44,-8
-57,29,-5
-59,38,-1
-60,47,-1
-49,47,3
-34,41,7
-33,35,7
-34,34,10
-37,35,11
-42,36,11
-46,35,14
-50,34,15
-53,34,15
-61,35,16
-64,36,16
-57,51,14
-74,60,-7
-38,54,-4
-41,57,4
-56,54,2
-55,43,8
-51,38,10
-44,28,10
-32,28,9
-32,30,8
-39,34,9
-42,36,10
-41,41,10
-47,47,10
-49,49,11
-53,55,14
-51,52,8
-50,63,7
-77,57,-3
-63,28,-11
-67,43,-6
-72,45,-7
-51,46,3
-41,40,5
-28,33,6
-27,32,8
-32,34,9
-47,36,9
-49,36,11
-57,36,14
-51,32,13
-47,35,16
-67,42,16
-71,39,7
-90,58,-4
-63,52,-3
-21,47,-7
-56,54,-5
-59,45,-1
-53,38,9
-53,32,8
-39,27,7
-32,29,8
-34,33,7
-39,39,8
-43,43,11
-51,45,11
-47,46,10
-43,49,12
-47,48,9
-45,62,7
-83,54,-5
-68,34,-9
-58,43,-1
-64,52,-4
-53,50,1
-36,38,7
-34,34,7
-33,31,9
-34,33,11
-40,34,10
-44,37,12
-47,37,13
-52,36,14
-54,38,14
-63,42,15
-60,53,11
-82,65,6
-42,53,-9
-40,55,2
-54,49,0
-61,41,5
-52,33,8
-43,29,8
-37,27,8
-36,30,9
-39,31,7
-39,36,9
-46,45,11
-48,48,10
-46,48,12
-50,51,11
-56,51,9
-59,66,11
-81,46,-6
-52,25,-9
-52,37,-1
-67,47,-3
-63,49,0
-45,43,6
-35,36,8
-29,32,9
-31,32,9
-34,32,10
-44,34,11
-52,34,12
-53,33,12
-59,42,14
-66,43,14
-61,41,8
-93,61,-8
-60,56,-5
-21,54,0
-42,59,-1
-54,48,0
-53,43,5
-46,27,7
-37,25,7
-31,28,8
-37,35,7
-38,38,7
-41,45,9
-51,50,10
-48,48,9
-50,48,14
-56,51,12
-49,57,8
-69,64,4
-70,37,-12
-51,40,-5
-60,41,-7
-59,50,-2
-50,48,4
-38,40,5
-31,33,8
-30,32,8
-38,33,10
-42,33,11
-44,34,12
-51,35,13
-53,36,12
-64,39,14
-69,42,14
-71,58,13
-82,62,-7
-27,52,-9
-50,57,-1
-59,47,1
-55,38,6
-48,32,7
-36,29,8
-34,31,9
-35,32,7
-38,37,9
-39,41,11
-46,47,10
-47,48,11
-47,49,12
-49,50,10
-48,51,5
-76,58,-2
-79,45,-6
-51,37,-1
-66,46,-4
-62,47,-1
-45,43,5
-37,41,6
-30,36,9
-30,35,10
-33,35,11
-42,37,13
-46,37,15
-51,35,14
-49,33,15
-57,39,16
-67,43,15
-56,40,10
-82,60,-10
-28,52,-4
-40,65,5
-58,48,3
-60,44,8
-54,30,9
-49,29,9
-36,25,10
-33,26,10
-35,31,9
-41,39,11
-43,44,12
-46,47,14
-44,47,13
-46,48,16
-51,51,10
-49,66,13
-81,50,-1
-69,30,-7
-53,39,0
-57,52,0
-55,52,1
-42,46,9
-34,37,10
-32,35,11
-32,35,10
-37,35,10
-46,33,12
-50,34,13
-49,31,11
-46,30,10
-51,36,12
-65,41,9
-65,55,14
-67,65,-13
-40,56,-17
-51,57,-10
-56,45,-5
-72,45,-6
-48,42,-3
-44,42,-3
-44,40,-5
-41,38,-5
-40,36,-4
-45,41,-4
-46,43,-4
-41,45,-3
-37,46,-4
-42,51,0
-50,54,3
-51,51,4
-44,42,4
-44,38,4
-48,39,3
-51,40,3
-52,42,4
-53,40,4
-52,39,3
-50,38,3
-51,39,2
-50,39,2
-54,40,2
-55,39,2
-54,37,1
-55,36,0
-57,36,-3
-55,36,-3
-56,41,-5
-54,44,-6
-50,44,-5
-45,42,-5
-46,38,-5
-52,37,-5
-57,40,-4
-57,41,-5
-50,40,-7
-48,39,-7
-48,40,-5
-49,44,-4
-51,44,-2
-53,44,-2
-52,44,-3
-47,42,-3
-46,43,-2
-47,43,-1
-42,44,-3
-44,46,-4
-52,51,-1
-52,53,3
-51,49,4
-50,41,5
-50,38,4
-47,36,3
-47,39,2
-50,43,3
-50,45,4
-54,48,7
-51,42,6
-49,36,5
-45,36,6
-44,40,4
-44,42,4
-50,42,3
-53,42,4
-50,42,6
-48,42,7
-48,45,6
-50,46,5
-50,42,6
-50,39,6
-49,38,7
-49,40,7
-50,42,7
-51,44,6
-48,42,6
-48,42,6
-48,43,5
-49,44,4
-50,42,4
-49,43,5
-49,43,6
-47,43,7
-49,44,7
-48,43,8
-47,43,7
-50,43,7
-47,42,7
-47,42,7
-50,41,7
-48,41,6
-48,41,7
-51,43,6
-49,43,7
-49,43,7
-50,43,7
-48,41,8
-49,42,7
-50,42,6
-48,41,8
-49,41,7
-50,42,7
-49,42,7
-48,41,7
-48,41,8
-49,41,8
-50,42,9
-52,41,9
-52,40,10
-49,39,10
-48,39,11
-51,41,10
-50,41,11
-48,41,11
-48,41,11
-49,40,11
-48,40,10
-48,39,11
-46,40,10
-47,40,10
-48,40,11
-44,42,11
-44,43,12
-49,42,10
-43,44,12
-53,46,15
-62,42,13
-47,33,10
-43,34,9
-45,34,9
-46,40,11
-47,43,11
-54,52,12
-53,53,11
-57,55,13
-67,59,14
-73,59,9
-68,58,-7
-48,35,-18
-36,32,-13
-49,40,-6
-60,41,-6
-52,44,5
-49,42,5
-40,33,7
-30,28,7
-29,28,6
-35,31,8
-40,35,9
-51,39,8
-61,40,15
-67,44,16
-77,55,11
-98,73,-12
-32,55,-18
-30,53,-12
-51,43,-1
-54,33,6
-42,27,6
-29,32,8
-32,31,8
-34,31,6
-35,31,5
-39,36,7
-57,51,8
-59,54,8
-62,57,6
-59,53,3
-54,63,0
-64,39,-17
-68,35,-17
-67,48,-6
-67,50,-4
-46,37,6
-28,27,7
-21,26,7
-21,28,8
-27,29,6
-41,32,10
-58,37,11
-61,41,15
-74,44,14
-53,51,2
-84,71,-8
-65,62,-28
-51,56,-5
-64,47,3
-63,44,7
-45,32,11
-37,28,11
-28,23,10
-25,22,7
-25,23,8
-39,34,8
-50,42,8
-61,54,11
-61,58,15
-60,58,8
-93,58,-23
-74,36,-22
-65,43,-7
-79,52,-9
-57,49,-2
-27,30,7
-27,26,8
-26,26,9
-28,26,7
-33,27,10
-45,34,14
-51,35,14
-57,40,18
-69,37,17
-63,44,9
-67,62,16
-49,65,-12
-59,58,2
-72,57,1
-57,39,10
-42,26,12
-24,18,9
-20,18,7
-23,19,5
-34,29,7
-41,35,11
-57,53,11
-57,56,11
-50,54,15
-54,60,8
-72,71,-7
-74,37,-17
-69,45,-10
-78,58,-7
-58,43,5
-43,35,8
-25,26,7
-19,24,7
-12,24,8
-28,30,10
-39,33,12
-58,40,11
-62,41,16
-80,41,16
-76,46,14
-80,70,12
-35,61,-13
-34,50,-4
-62,48,4
-76,49,2
-52,38,9
-34,25,8
-28,21,8
-25,21,6
-22,23,5
-34,34,9
-42,40,7
-53,52,9
-54,56,13
-56,57,11
-76,75,1
-64,33,-19
-68,37,-15
-78,52,-8
-71,50,-3
-45,38,6
-33,32,7
-23,26,7
-22,26,7
-24,25,8
-40,29,10
-48,33,11
-62,40,11
-68,42,16
-74,43,15
-74,68,7
-80,67,-27
-49,58,-6
-58,56,-1
-67,47,4
-42,27,10
-30,22,9
-20,19,8
-24,21,5
-29,24,5
-33,30,7
-48,45,11
-53,52,11
-51,56,11
-61,56,8
-62,59,0
-91,40,-28
-76,41,-14
-74,43,-9
-67,52,-2
-55,45,3
-29,31,6
-23,27,7
-16,26,6
-25,25,8
-32,27,8
-45,35,16
-56,39,16
-73,44,18
-72,45,14
-61,47,4
-93,67,-28
-52,64,-18
-40,57,-1
-60,46,7
-66,41,6
-40,25,7
-34,22,8
-22,20,6
-21,22,6
-32,26,8
-41,42,12
-45,50,14
-53,56,13
-56,57,15
-58,53,12
-86,61,-15
-74,46,-19
-71,45,-12
-70,47,-6
-72,44,-5
-50,38,2
-31,30,5
-25,28,5
-24,29,6
-33,25,6
-38,27,8
-48,33,11
-62,40,14
-67,43,17
-68,44,15
-61,45,11
-84,69,-21
-35,60,-9
-51,57,-4
-67,47,-1
-59,41,4
-34,23,7
-30,21,6
-26,19,6
-31,24,3
-34,30,4
-44,47,9
-53,55,10
-52,56,8
-49,49,7
-61,48,8
-78,67,-12
-83,34,-27
-72,41,-12
-71,44,-10
-66,50,-4
-38,33,3
-29,29,6
-22,25,6
-24,27,9
-31,27,9
-39,31,12
-46,35,14
-62,39,13
-69,41,15
-80,44,13
-55,58,19
-82,65,-22
-37,66,-9
-50,59,-2
-75,47,2
-69,40,8
-41,23,8
-24,19,8
-22,20,7
-27,23,7
-32,28,7
-44,43,10
-55,53,13
-56,56,12
-54,56,14
-60,56,2
-58,65,6
-89,30,-28
-67,32,-18
-76,52,-10
-78,55,-8
-49,44,3
-38,36,5
-27,31,6
-23,27,7
-25,26,6
-36,26,8
-42,29,10
-65,37,10
-68,38,16
-69,42,15
-71,62,13
-104,75,-20
-28,64,-11
-44,59,-4
-70,48,0
-50,35,8
-38,27,9
-26,19,8
-25,19,8
-23,19,5
-33,33,6
-42,40,10
-55,53,11
-55,54,10
-48,56,14
-53,52,10
-70,77,-1
-66,38,-14
-76,39,-13
-81,50,-11
-65,53,-3
-39,41,3
-24,28,6
-20,26,7
-22,26,7
-28,28,7
-36,32,10
-42,35,11
-60,38,12
-75,41,16
-80,41,13
-56,54,11
-94,72,-16
-36,65,-14
-63,61,-5
-75,54,-4
-53,32,7
-44,21,7
-24,17,7
-19,20,5
-24,23,5
-41,33,6
-42,39,9
-48,49,11
-49,51,11
-51,57,15
-60,55,15
-51,61,5
-85,33,-25
-68,29,-15
-71,45,-10
-78,54,-5
-60,49,2
-33,37,7
-24,32,8
-18,26,8
-18,26,9
-28,23,9
-45,28,14
-54,35,14
-65,43,16
-75,41,16
-75,44,15
-90,75,-10
-59,66,-20
-40,61,-4
-56,54,-2
-67,49,3
-44,29,8
-31,24,10
-22,22,7
-27,23,6
-30,25,5
-35,29,6
-45,41,8
-55,51,12
-55,53,12
-52,55,9
-59,55,6
-89,63,-17
-74,34,-16
-72,43,-12
-69,53,-8
-44,42,2
-34,35,4
-29,30,6
-23,27,8
-26,29,8
-30,30,9
-36,34,14
-44,37,14
-57,39,16
-72,41,19
-73,45,15
-58,60,15
-93,70,-22
-34,60,-9
-60,56,-2
-72,50,0
-54,31,8
-43,26,8
-27,22,8
-25,21,8
-24,23,6
-37,31,7
-41,36,8
-48,50,11
-51,53,11
-54,58,16
-69,57,8
-55,72,8
-71,27,-18
-63,27,-15
-81,47,-11
-83,53,-12
-50,42,1
-31,29,6
-23,25,6
-20,25,7
-24,26,7
-36,27,9
-52,32,15
-61,35,14
-68,41,17
-78,41,15
-68,46,11
-86,68,-19
-45,62,-17
-47,65,0
-63,56,-1
-61,39,4
-48,26,7
-32,20,7
-26,20,7
-28,22,6
-35,27,6
-38,31,7
-48,45,8
-58,52,12
-53,54,13
-48,51,10
-58,52,5
-98,49,-29
-66,37,-19
-70,44,-12
-76,55,-10
-60,50,-2
-40,35,5
-30,30,6
-21,25,7
-20,25,8
-27,26,8
-39,33,11
-50,36,12
-59,39,14
-68,40,16
-72,45,12
-81,73,13
-93,71,-26
-30,61,-9
-59,56,-5
-70,44,-3
-48,31,8
-39,25,9
-26,21,8
-24,20,9
-26,24,7
-36,34,8
-41,42,11
-53,52,11
-53,53,11
-52,54,14
-56,51,10
-55,76,2
-69,34,-17
-72,34,-17
-81,49,-11
-76,55,-7
-43,45,1
-25,30,6
-23,26,6
-19,25,7
-30,29,6
-36,33,9
-45,33,11
-59,38,13
-66,42,15
-74,43,13
-66,51,9
-76,68,6
-43,66,-21
-42,56,-3
-57,50,-3
-56,40,8
-48,34,10
-34,24,10
-28,20,8
-27,23,7
-31,29,6
-34,35,7
-47,48,12
-52,50,11
-47,52,14
-52,50,10
-58,56,7
-100,45,-28
-75,32,-16
-68,45,-9
-74,56,-9
-54,50,-1
-33,35,4
-28,30,5
-24,25,7
-23,26,6
-31,25,9
-43,33,12
-53,38,14
-60,43,14
-67,45,17
-73,45,14
-69,69,15
-89,67,-24
-27,60,-7
-47,61,-2
-75,47,-3
-49,30,7
-39,24,8
-28,20,7
-23,20,7
-26,26,7
-31,28,7
-40,40,7
-50,51,12
-54,54,8
-50,56,13
-53,51,11
-62,73,3
-70,32,-15
-71,33,-14
-80,51,-10
-74,57,-5
-44,41,5
-33,33,8
-23,24,9
-22,26,7
-25,28,7
-35,32,9
-44,34,13
-62,39,14
-65,42,17
-71,41,15
-55,49,10
-78,69,3
-40,62,-17
-49,59,-2
-63,53,-3
-58,40,6
-49,31,9
-35,25,9
-27,20,8
-25,19,8
-30,25,6
-35,33,7
-49,47,10
-52,49,10
-51,55,13
-56,56,9
-66,60,7
-93,51,-22
-71,29,-14
-61,40,-7
-76,46,-9
-64,52,-1
-41,38,5
-33,31,7
-23,26,7
-20,26,7
-25,26,9
-39,29,12
-45,31,15
-58,38,15
-70,39,17
-73,40,15
-68,48,17
-100,74,-14
-35,54,-14
-34,57,-3
-72,52,-2
-71,44,0
-49,29,8
-31,24,9
-25,21,9
-21,21,6
-25,24,6
-36,34,8
-50,46,11
-54,51,10
-50,56,13
-51,56,15
-62,66,9
-79,66,-6
-68,28,-16
-67,40,-11
-73,44,-11
-57,52,-1
-48,45,2
-37,33,5
-28,25,7
-27,26,7
-31,28,6
-35,31,8
-48,32,12
-57,34,11
-68,39,15
-68,43,13
-62,45,13
-90,73,-12
-55,61,-17
-43,57,2
-68,46,1
-66,42,5
-45,25,7
-35,24,6
-28,22,6
-30,26,5
-33,28,5
-41,37,8
-43,43,9
-53,51,10
-51,53,11
-47,53,10
-55,70,6
-86,67,-11
-59,30,-13
-59,41,-10
-79,50,-10
-57,49,1
-46,44,3
-32,33,7
-25,29,8
-19,27,8
-24,28,9
-38,29,9
-51,33,10
-56,36,10
-66,38,12
-73,39,13
-56,42,6
-87,64,-20
-44,57,-16
-49,61,-2
-62,53,-3
-66,43,5
-49,28,9
-40,26,9
-26,24,6
-25,23,7
-30,27,6
-41,39,9
-46,43,8
-43,46,7
-43,47,8
-50,48,9
-54,50,4
-92,71,-15
-77,25,-19
-55,31,-13
-69,48,-14
-74,53,-12
-50,46,-4
-47,43,-3
-39,39,-1
-34,35,1
-33,34,-2
-40,32,-1
-44,33,-1
-54,34,0
-47,33,3
-49,35,5
-51,33,4
-71,67,8
-99,58,-11
-33,44,2
-39,38,-1
-60,45,-1
-64,47,-3
-45,41,2
-45,40,1
-45,37,-1
-42,36,-2
-47,39,-4
-49,44,-5
-45,46,-3
-48,51,1
-52,42,-3
-51,45,2
-51,37,2
-54,37,1
-50,38,-1
-47,39,-1
-49,39,-1
-51,43,0
-51,43,0
-53,40,1
-52,38,1
-54,36,0
-59,36,1
-57,38,1
-51,41,2
-49,41,2
-50,41,2
-48,40,3
-49,41,4
-51,41,3
-52,40,3
-49,39,4
-49,39,4
-53,40,3
-51,39,2
-52,40,3
-49,41,3
-49,40,3
-51,39,2
-52,39,1
-52,37,2
-52,36,-2
-52,33,-2
-54,32,-3
-56,33,-4
-61,39,-4
-59,40,-8
-52,39,-8
-55,38,-8
-59,37,-11
-52,39,-12
-50,44,-11
-52,45,-10
-50,42,-7
-51,40,-7
-48,41,-8
-48,42,-8
-47,43,-8
-48,44,-7
-48,44,-5
-48,44,-5
-45,44,-5
-44,47,-3
-47,48,-1
-47,49,0
-46,46,1
-48,44,0
-45,42,1
-41,43,0
-40,46,0
-56,55,0
-53,54,0
-45,47,3
-44,44,3
-40,43,3
-34,45,3
-35,46,3
-44,51,3
-47,51,3
-47,48,3
-47,47,4
-49,48,4
-46,47,5
-45,47,5
-44,47,5
-42,46,5
-45,46,5
-47,46,4
-47,45,2
-47,46,3
-47,46,3
-46,47,4
-45,45,6
-44,44,5
-44,46,6
-46,47,5
-48,47,5
-49,47,7
-52,48,7
-47,45,5
-43,43,5
-44,42,5
-44,42,6
-45,42,5
-47,45,5
-50,46,4
-50,44,6
-48,43,5
-46,41,5
-48,41,5
-50,42,5
-51,43,5
-51,43,6
-49,42,6
-48,41,6
-49,41,5
-48,41,6
-49,41,5
-50,42,3
-49,42,5
-47,41,6
-47,40,3
-46,41,7
-50,42,5
-50,41,6
-46,42,6
-49,41,6
-47,41,5
-48,40,6
-49,40,6
-47,41,8
-47,38,7
-39,34,5
-38,37,5
-43,40,6
-56,45,8
-59,47,7
-60,52,5
-66,53,5
-65,52,6
-52,51,3
-52,52,6
-49,50,2
-45,49,2
-41,39,2
-46,21,-7
-33,19,-10
-39,28,-22
-49,42,-24
-82,57,-21
-91,58,-12
-92,56,-7
-83,56,-2
-68,52,2
-53,41,10
-36,28,2
-29,20,-2
-20,13,-2
-24,10,-3
5,9,-9
-1,13,-5
-68,66,-8
-75,70,6
-79,81,2
-83,79,6
-82,66,7
-63,52,0
-55,43,-3
-45,33,-11
-24,12,-8
-20,5,-5
-22,-8,-10
-24,2,-19
-22,35,-13
-112,78,-19
-93,77,-15
-99,63,6
-107,62,8
-76,59,6
-41,40,10
-31,31,3
-14,15,-5
-7,9,-6
5,14,-10
2,15,-9
-20,31,-2
-80,66,3
-87,62,11
-90,86,10
-84,83,16
-72,60,11
-61,50,4
-47,42,6
-17,12,-5
-11,-9,-10
-19,-8,-13
-24,2,-18
-24,12,-22
-71,59,-13
-113,84,-14
-96,73,1
-101,70,5
-93,68,9
-60,61,10
-42,52,6
-19,31,-1
-14,21,-3
-2,7,-5
0,9,-3
-4,10,-6
-55,58,2
-72,78,-4
-83,87,17
-95,96,13
-80,80,10
-54,58,7
-47,52,3
-40,21,-8
-28,7,-13
-8,-8,-7
-26,-5,-15
-35,-2,-17
-32,39,-3
-66,61,-2
-100,87,-3
-106,76,10
-96,72,11
-64,63,11
-53,54,12
-38,30,-1
-13,16,1
0,3,-6
8,11,-2
0,12,-5
-37,46,7
-72,94,2
-76,60,15
-89,94,13
-91,97,9
-62,57,5
-55,47,4
-45,27,-7
-31,16,-10
-2,-5,-6
-3,-8,-10
-18,-9,-12
-37,20,-13
-53,58,2
-111,76,-12
-109,74,8
-117,71,8
-74,67,13
-55,59,16
-33,35,12
-12,8,2
-4,4,-2
0,15,-6
-6,17,-10
-16,29,-5
-65,70,-4
-90,56,0
-91,92,7
-88,103,2
-61,68,2
-58,53,1
-53,37,-8
-15,12,-4
-6,1,-1
-4,-11,-10
-15,-15,-17
-29,2,-17
-82,62,-4
-125,92,-18
-90,80,19
-111,67,10
-89,71,10
-64,66,12
-44,42,5
-20,16,-2
-7,7,-1
15,11,-5
20,11,-2
-7,16,-13
-75,82,-5
-83,67,0
-81,99,14
-92,103,7
-71,75,7
-64,58,6
-59,40,-1
-17,13,-2
-4,-1,-2
-6,-7,-11
-31,-6,-18
-37,4,-16
-64,47,-6
-99,71,-13
-99,83,9
-113,74,7
-96,77,9
-72,71,12
-41,46,12
-19,18,4
-7,6,0
-3,4,-8
-1,10,-10
-5,18,-16
-71,83,-8
-101,86,-2
-95,96,13
-81,94,5
-64,74,1
-56,55,2
-57,35,-6
-28,15,-6
-6,0,-9
-3,-5,-12
-10,-9,-17
-34,-15,-18
-42,62,-1
-93,77,-6
-98,94,6
-106,83,8
-92,67,11
-68,59,12
-54,53,10
-23,28,3
-8,13,-3
2,2,-10
11,8,-6
-1,8,-9
-52,56,1
-83,84,-6
-101,91,13
-97,97,12
-83,84,5
-60,61,6
-55,56,-1
-28,24,-9
-10,5,-7
2,-9,-8
-10,-12,-14
-42,-10,-22
-20,43,-1
-68,57,-17
-111,89,-14
-106,83,-2
-100,65,0
-75,58,4
-64,52,9
-36,31,2
-21,22,0
-9,7,-4
13,12,-2
6,12,-3
-9,24,2
-57,60,-1
-99,69,0
-100,100,9
-87,98,6
-62,63,4
-57,50,3
-44,25,-2
-27,13,-8
-1,-8,-10
-3,-12,-15
-17,-11,-14
-28,8,-12
-31,46,6
-118,84,-12
-106,79,12
-118,69,8
-87,67,12
-63,63,10
-47,45,12
-37,34,8
-17,9,-1
14,0,-7
17,6,-9
-9,18,-12
-24,29,-1
-113,92,-11
-90,98,10
-93,91,2
-80,77,0
-59,59,1
-61,41,-2
-58,26,-7
-13,-2,-5
8,-10,-12
-1,-15,-14
-28,-6,-15
-37,49,2
-101,68,-15
-104,89,-1
-106,81,6
-101,73,6
-84,69,8
-47,55,13
-39,43,9
-22,17,0
5,0,-3
9,4,-8
7,13,-7
-3,19,-8
-85,89,-11
-78,76,9
-103,104,7
-95,94,0
-67,74,6
-54,46,2
-43,20,-13
-26,6,-11
4,-10,-9
-18,-11,-16
-29,-8,-14
-32,4,-15
-75,58,-12
-103,79,-8
-100,76,5
-101,71,4
-84,71,7
-60,58,8
-41,32,5
-23,20,1
0,-1,-4
6,2,-6
6,17,-9
-5,23,-11
-90,92,-21
-66,68,5
-95,101,5
-93,101,1
-79,78,4
-63,50,2
-46,24,-1
-27,5,-4
11,-13,-14
6,-16,-15
-38,-6,-24
-27,24,-13
-44,54,-5
-114,84,-11
-96,85,5
-101,72,6
-89,68,7
-57,60,9
-42,41,6
-22,29,5
-2,5,-3
0,4,-5
7,11,-7
-7,26,-7
-49,66,-3
-91,71,4
-99,98,10
-99,100,-3
-74,80,2
-45,43,-3
-61,29,-5
-40,21,-6
-1,-8,-8
5,-10,-11
-21,-14,-16
-32,7,-23
-33,53,-3
-112,78,-13
-90,83,-4
-107,67,2
-95,63,7
-79,61,10
-52,50,12
-38,40,6
-10,14,3
7,7,2
9,10,-2
-5,10,-12
-27,30,-1
-85,74,-5
-72,65,12
-105,103,2
-72,82,8
-66,58,2
-57,38,-4
-54,33,-8
-25,10,-10
-5,-3,-6
-5,-9,-11
-31,-3,-12
-28,19,-8
-94,58,-15
-81,79,-2
-96,77,4
-110,69,5
-92,66,7
-48,58,10
-41,48,9
-24,23,-1
-13,12,-1
4,-1,-7
5,14,-6
-2,18,-10
-82,92,-20
-92,73,-11
-94,91,9
-101,93,2
-84,74,7
-57,51,5
-49,49,5
-43,17,-12
1,-7,-9
3,-8,-7
-24,-6,-17
-31,11,-15
-30,46,-2
-85,58,-10
-89,80,2
-118,71,6
-112,69,7
-64,59,13
-54,54,12
-35,31,2
-4,9,0
5,4,-1
5,11,-4
7,11,-5
-38,42,5
-81,78,-10
-79,80,10
-111,96,1
-92,84,5
-62,54,2
-57,45,1
-50,27,-4
-11,-1,-10
7,-9,-8
-4,-11,-15
-25,-12,-17
-21,21,-10
-84,56,-18
-118,88,-19
-122,85,-10
-101,74,-1
-83,72,8
-77,66,10
-48,43,9
-14,15,3
2,4,0
9,2,-5
8,14,-6
-12,21,-10
-87,104,-12
-99,71,-5
-91,88,10
-94,85,3
-70,70,3
-54,52,3
-49,37,0
-39,11,-11
-13,-1,-10
9,-12,-8
-1,-9,-8
-26,1,-14
-66,53,-7
-113,71,-15
-100,88,2
-116,78,6
-93,75,11
-56,63,13
-45,53,11
-31,29,3
-23,17,-1
-2,-2,-8
5,0,-9
3,10,-7
-47,53,-2
-72,88,-12
-113,99,7
-122,106,0
-76,75,6
-59,49,5
-51,44,3
-29,15,5
-18,0,-3
5,-11,-4
3,-12,-11
-21,1,-13
-25,29,-6
-72,77,-5
-120,63,-8
-104,74,4
-107,69,2
-84,65,6
-74,57,7
-39,41,5
-21,30,2
-6,8,7
3,2,3
5,2,-4
-13,11,-5
-58,50,4
-96,55,-7
-120,87,1
-120,85,-15
-47,50,11
-49,44,8
-62,31,-2
-48,22,-6
-17,0,-1
-5,-3,-11
-1,-4,-15
-12,-1,-16
-38,17,-19
-59,36,-23
-89,54,-30
-85,56,-20
-128,59,-28
-105,61,-22
-71,65,-2
-80,56,-7
-75,37,-4
-61,25,-5
-55,21,-8
-48,29,-6
-47,34,-6
-39,34,-1
-38,30,2
-49,27,6
-43,19,3
-28,18,5
-18,22,2
-32,38,-2
-40,42,-1
-61,55,-1
-62,73,6
-72,87,8
-70,82,13
-74,77,12
-68,57,9
-61,51,8
-47,33,-5
-35,19,-5
-14,-1,-8
-12,-4,-13
-14,1,-7
-36,41,-6
-78,55,-13
-83,66,-1
-88,67,6
-103,69,3
-69,62,9
-49,48,11
-35,36,10
-34,28,5
-39,16,-1
-26,11,0
-1,10,-7
4,19,-6
-30,43,-7
-87,63,-8
-101,85,-1
-79,93,-2
-79,82,-2
-68,70,-2
-57,43,1
-55,29,-5
-19,6,-11
3,-8,-9
0,-5,-11
-38,0,-19
-34,14,-14
-89,59,-19
-101,75,-19
-107,69,1
-104,64,5
-84,61,7
-47,48,10
-39,43,8
-31,24,-3
-9,4,-4
-1,2,-5
10,18,-5
3,18,-8
-59,72,-4
-94,82,-13
-86,90,12
-92,100,3
-93,86,2
-62,54,3
-59,33,-10
-44,19,-9
-1,-3,-6
3,-5,-7
-34,-13,-16
-38,-10,-19
-38,49,-5
-93,83,-14
-99,88,-1
-109,73,5
-90,67,10
-58,53,12
-47,47,13
-39,30,2
-8,8,-5
3,4,-4
8,11,-5
-2,16,-7
-28,39,6
-78,62,2
-70,64,10
-98,99,6
-89,79,5
-66,63,6
-61,52,4
-52,29,-8
-14,8,-10
-2,-4,-9
-2,-6,-9
-18,-10,-14
-31,2,-15
-77,60,-11
-125,80,-19
-109,79,2
-108,70,5
-89,64,9
-72,60,9
-47,45,11
-21,23,3
-6,9,1
15,1,-10
11,8,-7
-16,19,-16
-66,71,-4
-79,74,-10
-81,94,10
-94,96,1
-88,87,2
-66,63,2
-64,59,0
-48,21,-7
-18,-2,-6
5,-12,-7
-3,-9,-13
-36,-5,-21
-19,26,-17
-45,52,-8
-116,86,-7
-107,91,8
-103,73,10
-67,60,12
-48,52,14
-35,36,11
-33,26,9
-5,5,-1
11,0,-4
16,13,-3
-32,28,2
-70,63,-3
-64,55,10
-63,83,19
-100,100,4
-61,67,13
-63,57,8
-61,37,-1
-34,24,0
0,-2,-9
-4,-4,-10
-21,0,-13
-31,14,-16
-53,36,-13
-107,68,-10
-99,77,2
-118,70,3
-75,69,10
-53,62,12
-41,42,12
-35,31,6
-11,8,-1
11,3,-6
11,10,-5
-15,19,-11
-36,42,-1
-93,72,-5
-74,74,8
-98,106,-3
-73,74,2
-63,55,2
-58,37,-7
-35,14,-13
-10,-1,-11
12,-9,-9
-6,-6,-17
-34,-6,-15
-27,11,-13
-97,64,-14
-94,83,-3
-106,75,2
-104,72,6
-85,69,8
-54,57,11
-47,45,7
-22,18,-2
1,2,-4
8,3,-6
5,9,-8
-4,18,-8
-85,81,-18
-86,86,10
-97,99,5
-90,87,6
-63,53,7
-57,47,3
-52,36,-1
-24,7,-6
11,-11,-11
1,-9,-9
-35,-6,-21
-32,2,-17
-63,55,-12
-109,82,-9
-105,84,5
-114,67,4
-88,65,7
-59,53,12
-50,29,5
-26,18,4
2,8,-7
9,11,-7
-2,9,-4
-7,6,-2
-71,73,3
-80,77,17
-91,97,19
-83,90,11
-77,72,9
-69,50,4
-47,33,-1
-32,20,-10
1,-7,-8
3,-5,-7
-26,-8,-17
-31,-4,-16
-34,42,-4
-128,82,-16
-108,82,0
-108,68,8
-90,66,15
-61,60,12
-38,44,13
-30,32,9
-13,6,-3
2,-2,-6
14,14,-8
-1,21,-14
-47,63,-7
-97,63,-5
-87,81,10
-93,93,0
-81,84,1
-55,48,1
-51,33,-6
-50,17,-10
-2,-8,-7
5,-10,-9
-13,-6,-12
-34,5,-18
-20,40,-6
-114,79,-16
-102,93,-6
-113,72,4
-101,71,10
-65,62,12
-42,46,11
-35,35,6
-13,8,-3
-1,0,-3
9,9,-3
-3,14,-10
-16,32,0
-92,94,-5
-100,75,0
-88,97,3
-84,97,2
-67,62,-1
-60,44,-6
-51,32,-7
-19,1,-12
11,-10,-2
1,-7,-8
-30,-4,-16
-27,10,-14
-99,66,-17
-128,81,-31
-101,77,4
-110,71,4
-96,66,2
-30,47,12
-26,37,8
-26,18,3
-7,6,-1
12,3,-6
-1,9,-9
-15,16,-9
-94,98,-19
-78,64,-4
-101,107,4
-92,97,5
-67,71,8
-52,40,4
-51,25,-7
-33,13,-8
-7,0,-7
6,-11,-8
-26,-7,-19
-33,-5,-14
-45,55,-9
-98,72,-14
-111,83,-5
-117,68,3
-101,68,6
-60,58,8
-48,52,9
-33,30,2
-11,7,-5
5,3,-7
11,5,-6
4,8,-5
-24,35,10
-68,79,-7
-89,71,10
-91,95,-1
-87,92,5
-73,62,8
-68,53,4
-48,33,-4
-15,2,-7
0,-10,-6
1,-9,-9
-21,-3,-12
-30,14,-18
-29,48,-4
-92,68,-14
-112,78,8
-128,68,1
-87,73,13
-71,71,13
-56,51,13
-27,27,1
-14,9,-4
1,-1,-7
2,1,-4
-11,13,-11
-16,64,3
-80,101,-17
-74,77,8
-94,93,6
-99,86,6
-76,67,6
-57,46,1
-35,28,-8
-13,18,-8
3,-5,-3
0,-10,-4
-27,-10,-13
-27,22,-3
-54,40,-4
-111,80,-1
-120,82,5
-106,72,9
-89,71,12
-61,57,13
-43,39,12
-38,27,7
0,7,-4
11,-2,-5
6,4,-12
-24,21,-7
-56,59,-5
-82,63,-5
-82,93,9
-102,106,-5
-89,88,0
-59,51,3
-50,31,0
-40,18,-1
-4,-2,-12
8,-8,-6
-10,-4,-11
-36,1,-25
-25,22,-8
-111,69,-21
-102,78,-9
-128,78,-2
-99,74,5
-72,68,8
-46,51,11
-36,38,9
-20,13,-1
-11,3,-2
17,2,-4
5,10,-7
-11,13,-11
-67,73,-1
-90,80,-8
-81,98,8
-98,105,-2
-88,88,3
-60,58,0
-63,37,-9
-41,22,-7
-15,10,-8
2,-8,-9
-17,-7,-11
-39,-4,-15
-23,29,-10
-62,47,-11
-106,77,-3
-110,73,10
-102,70,9
-82,66,14
-65,58,14
-43,40,11
-32,20,-2
-22,9,-4
6,4,-6
10,7,-8
3,7,-10
-15,30,-1
-92,81,-15
-103,107,5
-110,103,-4
-79,81,3
-60,66,5
-55,48,-1
-38,19,-5
-20,3,-8
11,-12,-5
5,-14,-9
-30,-2,-20
-40,3,-20
-36,57,-7
-128,80,-25
-114,93,-8
-105,72,-1
-95,65,4
-62,48,6
-33,36,10
-27,30,8
-13,13,0
0,5,-6
14,5,-7
-7,6,-12
-65,68,5
-90,72,-12
-81,64,7
-109,107,0
-113,105,-2
-65,73,8
-61,49,-2
-60,41,-5
-18,11,-6
0,-2,-10
8,-13,-12
-16,-3,-14
-25,-1,-16
-35,43,-7
-80,62,-15
-113,92,-7
-103,86,-4
-101,71,1
-75,68,4
-63,63,8
-38,41,9
-29,32,6
-12,10,-2
1,3,-1
-4,4,-7
-9,1,-10
-8,9,-7
-80,69,-4
-111,59,-10
-78,79,2
-88,80,-8
-85,72,-9
-62,50,0
-71,47,-5
-69,45,-2
-41,34,1
-31,28,2
-24,17,1
-25,12,-2
-17,11,-3
-28,13,-6
-36,16,-20
-66,75,1
-128,49,-25
-87,61,-11
-67,55,-9
-67,42,-17
-48,40,-12
-47,39,-9
-45,34,-8
-44,31,-10
-43,28,-10
-41,30,-6
-46,31,-7
-54,35,-4
-59,42,-10
-62,45,-8
-61,43,-8
-52,42,-3
-40,39,2
-38,40,3
-48,43,5
-55,42,5
-62,38,5
-56,37,7
-52,36,6
-46,34,6
-44,35,7
-47,37,8
-49,44,10
-53,46,8
-51,42,10
-50,41,11
-48,39,11
-48,39,11
-50,42,10
-49,42,11
-50,42,11
-51,42,12
-49,41,12
-46,40,12
-50,41,12
-50,42,12
-48,41,11
-48,41,13
-49,42,13
-49,42,12
-47,43,12
-47,41,12
-48,41,12
-51,41,12
-52,42,12
-47,40,13
-50,39,13
-48,40,13
-50,39,14
-49,40,14
-50,42,13
-48,40,15
-48,39,13
-51,41,13
-47,40,13
-46,41,15
-47,43,14
-48,44,13
-45,44,12
-44,43,11
-48,44,10
-50,43,8
-48,45,9
-50,42,10
-49,41,7
-49,39,10
-49,42,10
-51,41,11
-50,40,11
-49,39,11
-51,42,13
-52,42,11
-46,39,10
-53,38,10
-49,38,14
-52,39,10
-48,40,10
-49,41,11
-49,40,13
-51,38,9
-49,41,11
-50,42,10
-49,40,11
-50,41,11
-50,42,12
-48,42,11
-48,42,11
-46,41,11
-49,42,11
-49,42,10
-49,42,10
-49,42,11
-49,42,12
-48,41,9
-46,42,11
-47,43,11
-49,42,11
-48,43,10
-47,42,9
-49,42,9
-50,42,8
-50,43,9
-49,42,10
-49,42,10
-50,43,10
-49,43,10
-46,42,10
-48,42,10
-47,43,8
-48,41,10
-48,42,10
-49,43,10
-48,43,10
-47,42,10
-47,43,10
-47,43,10
-48,44,9
-49,44,9
-47,43,10
-48,43,10
-47,43,10
-48,43,10
-50,42,10
-48,43,8
-47,43,10
-49,43,9
-49,44,9
-47,42,9
-47,42,9
-47,42,10
-50,43,9
-50,44,8
-48,43,8
-48,44,8
-50,43,9
-43,43,10
-46,44,9
-52,43,10
-47,44,6
-43,43,10
-47,44,9
-48,44,9
-49,44,8
-49,44,8
-49,45,8
-44,44,10
-43,44,10
-46,43,9
-46,43,9
-49,44,9
-49,44,8
-47,44,8
-48,44,8
-47,43,10
-45,43,8
-47,44,9
-47,46,7
-47,46,8
-46,45,7
-44,44,8
-45,44,8
-47,44,7
-47,45,7
-47,45,8
-46,44,7
-46,45,7
-45,45,7
-47,45,7
-46,46,8
-44,45,5
-45,45,7
-46,47,7
-45,46,7
-46,46,6
-46,46,7
-45,46,7
-46,46,6
-46,46,6
-45,47,6
-46,46,6
-47,46,6
-46,46,6
-45,46,7
-45,46,7
-45,45,6
-45,46,5
-46,45,8
-46,47,6
-47,45,6
-47,45,6
-46,45,6
-45,45,6
-47,44,7
-47,44,6
-47,45,6
-46,46,7
-46,47,6
-47,46,6
-45,47,7
-44,46,7
-44,45,6
-43,45,5
-43,45,7
-46,47,6
-48,46,6
-48,46,5
-45,45,6
-45,45,6
-45,46,7
-46,46,6
-44,48,6
-45,48,6
-45,48,6
-47,48,6
-47,47,6
-45,46,5
-44,45,6
-45,47,6
-43,46,3
-43,48,6
-44,49,5
-44,48,6
-44,46,6
-43,46,6
-43,45,6
-42,47,6
-42,53,4
-53,53,5
-54,49,4
-50,44,2
-48,43,3
-41,42,4
-42,44,5
-43,47,5
-44,47,2
-44,46,3
-44,47,6
-44,47,5
-47,46,4
-47,44,4
-47,43,5
-44,44,3
-44,43,4
-45,46,4
-47,47,3
-49,46,3
-48,44,4
-47,44,4
-47,44,4
-49,46,3
-49,47,5
-49,45,3
-47,44,5
-46,43,5
-47,43,5
-49,43,5
-48,43,5
